CustomerID,CustomerName,Email,Phone,Gender,DateOfBirth,City,State,CreatedDate,ModifiedDate
C00001,Emma Smith,emma.smith1@example.com,0483197857,M,2026-08-28,Brisbane,QLD,2025-09-08 07:08:47,2025-10-31 04:08:47
C00002,Grace Brown,grace.brown2@example.com,0485329037,M,2026-07-13,Melbourne,VIC,2025-04-06 06:14:32,2026-02-08 06:14:32
C00003,Grace White,grace.white3@example.com,0466722344,F,2025-10-12,Adelaide,SA,2026-08-27 08:51:55,2026-08-30 13:51:55
C00004,Liam Jackson,liam.jackson4@example.com,0491030736,F,2025-02-14,Gold Coast,QLD,2025-04-15 02:24:06,2025-10-15 13:24:06
C00005,Charlie King,charlie.king5@example.com,0458537831,Other,2025-07-16,Geelong,VIC,2026-01-23 02:35:18,2026-09-30 12:00:00
C00006,Noah Brown,noah.brown6@example.com,0447308985,F,2026-01-09,Parramatta,NSW,2025-10-24 02:54:14,2025-12-14 14:54:14
C00007,Ava Moore,ava.moore7@example.com,0419583482,Other,2025-06-25,Gold Coast,QLD,2025-08-03 21:17:44,2026-07-19 17:17:44
C00008,Ella White,ella.white8@example.com,0484752529,M,2025-11-29,Sydney,NSW,2026-04-19 12:17:59,2026-09-30 12:00:00
C00009,Olivia White,olivia.white9@example.com,0452235350,M,2026-05-27,Melbourne,VIC,2025-11-20 12:17:04,2026-03-09 06:17:04
C00010,Leo Hall,leo.hall10@example.com,0445264581,Other,2026-08-22,Sydney,NSW,2025-09-29 04:15:47,2026-07-13 21:15:47
C00011,Grace Wright,grace.wright11@example.com,0416323852,M,2025-06-06,Perth,WA,2026-01-06 07:08:32,2026-09-15 09:08:32
C00012,Ava Walker,ava.walker12@example.com,0443744231,Other,2025-01-12,Hobart,TAS,2025-03-07 12:24:38,2025-11-02 04:24:38
C00013,Emma King,emma.king13@example.com,0410435578,Other,2025-09-27,Brisbane,QLD,2025-12-15 03:18:27,2026-03-05 17:18:27
C00014,Thomas Thomas,thomas.thomas14@example.com,0491734598,M,2025-06-06,Canberra,ACT,2025-04-19 20:19:53,2026-03-13 12:19:53
C00015,Isla Thomas,isla.thomas15@example.com,0425014631,F,2025-11-11,Canberra,ACT,2026-06-28 00:38:20,2026-09-30 12:00:00
C00016,Mia Brown,mia.brown16@example.com,0481498611,M,2025-05-12,Parramatta,NSW,2026-08-04 02:05:46,2026-09-30 12:00:00
C00017,Chloe King,chloe.king17@example.com,0482383095,Other,2025-07-25,Sydney,NSW,2025-09-29 16:55:38,2026-05-03 22:55:38
C00018,Sophia Clark,sophia.clark18@example.com,0418593410,F,2025-01-22,Gold Coast,QLD,2026-03-25 16:28:07,2026-07-29 23:28:07
C00019,Lucas King,lucas.king19@example.com,0417901903,M,2025-03-11,Parramatta,NSW,2026-08-26 07:00:04,2026-09-30 12:00:00
C00020,Olivia Thompson,olivia.thompson20@example.com,0482374753,M,2026-08-08,Geelong,VIC,2026-06-11 07:17:42,2026-09-30 12:00:00
C00021,Lucas Allen,lucas.allen21@example.com,0467854710,F,2026-03-10,Parramatta,NSW,2026-04-30 13:12:06,2026-06-19 10:12:06
C00022,Grace Hall,grace.hall22@example.com,0443374088,M,2025-07-14,Melbourne,VIC,2025-04-11 01:25:46,2025-10-01 04:25:46
C00023,Ella Hall,ella.hall23@example.com,0469476001,Other,2025-04-11,Sydney,NSW,2026-03-09 05:17:29,2026-07-14 07:17:29
C00024,Olivia King,olivia.king24@example.com,0438688676,F,2025-03-02,Melbourne,VIC,2025-04-06 07:10:26,2025-12-10 22:10:26
C00025,Ava Clark,ava.clark25@example.com,0466775103,Other,2026-07-24,Melbourne,VIC,2026-02-04 08:59:50,2026-09-24 17:59:50
C00026,Chloe Anderson,chloe.anderson26@example.com,0418181586,Other,2025-11-18,Parramatta,NSW,2025-10-31 06:03:37,2026-09-30 12:00:00
C00027,Olivia Brown,olivia.brown27@example.com,0417634247,Other,2025-03-24,Hobart,TAS,2026-05-04 16:58:54,2026-09-30 12:00:00
C00028,Ava Wilson,ava.wilson28@example.com,0486460539,M,2026-08-16,Hobart,TAS,2025-03-11 21:55:15,2025-10-04 00:55:15
C00029,Amelia Brown,amelia.brown29@example.com,0452462441,F,2025-07-29,Hobart,TAS,2025-03-25 13:42:37,2026-01-09 05:42:37
C00030,Jack White,jack.white30@example.com,0452436584,M,2025-01-10,Brisbane,QLD,2026-02-10 04:42:41,2026-07-13 18:42:41
C00031,Charlie Scott,charlie.scott31@example.com,0427778019,F,2025-03-12,Hobart,TAS,2025-04-13 02:34:13,2025-12-28 10:34:13
C00032,Mia Moore,mia.moore32@example.com,0492097999,Other,2026-06-26,Brisbane,QLD,2025-06-11 14:53:34,2026-06-06 23:53:34
C00033,James King,james.king33@example.com,0484252420,M,2025-10-06,Brisbane,QLD,2025-04-17 04:16:07,2025-06-11 03:16:07
C00034,Sophia Scott,sophia.scott34@example.com,0475569635,F,2025-02-22,Parramatta,NSW,2025-12-18 06:43:40,2026-05-02 22:43:40
C00035,Noah Walker,noah.walker35@example.com,0445159040,M,2026-03-29,Brisbane,QLD,2025-02-15 00:21:49,2025-04-22 20:21:49
C00036,Ella Walker,ella.walker36@example.com,0483227889,M,2026-01-14,Canberra,ACT,2025-01-10 03:04:56,2025-12-29 07:04:56
C00037,Lucas King,lucas.king37@example.com,0458024342,M,2025-09-13,Sydney,NSW,2026-03-17 04:02:19,2026-09-19 05:02:19
C00038,Emma Moore,emma.moore38@example.com,0433763566,F,2025-01-26,Canberra,ACT,2026-02-21 19:47:09,2026-06-23 00:47:09
C00039,Ava Thompson,ava.thompson39@example.com,0461343880,M,2026-04-27,Perth,WA,2025-09-12 08:10:50,2026-09-06 11:10:50
C00040,Mia Jackson,mia.jackson40@example.com,0413176186,Other,2025-07-17,Adelaide,SA,2025-12-25 09:52:50,2026-04-20 16:52:50
C00041,Leo Thompson,leo.thompson41@example.com,0481969657,F,2025-01-29,Brisbane,QLD,2025-03-13 08:22:41,2025-11-28 20:22:41
C00042,Emma Harris,emma.harris42@example.com,0456397338,Other,2025-11-18,Sydney,NSW,2026-08-18 08:02:06,2026-09-30 12:00:00
C00043,Grace Scott,grace.scott43@example.com,0415957459,Other,2026-03-23,Canberra,ACT,2025-04-29 12:57:36,2025-08-04 20:57:36
C00044,James Young,james.young44@example.com,0493638503,F,2025-05-08,Canberra,ACT,2025-07-21 11:27:04,2026-06-26 21:27:04
C00045,Sophia Young,sophia.young45@example.com,0427084279,M,2026-03-07,Brisbane,QLD,2026-02-23 10:25:44,2026-07-25 03:25:44
C00046,Leo Thomas,leo.thomas46@example.com,0448508907,M,2026-03-17,Hobart,TAS,2026-08-06 09:25:35,2026-08-06 18:25:35
C00047,Lucas Scott,lucas.scott47@example.com,0473509974,Other,2025-06-23,Gold Coast,QLD,2026-04-22 14:28:43,2026-08-10 06:28:43
C00048,Noah Martin,noah.martin48@example.com,0451663795,M,2025-07-23,Canberra,ACT,2026-09-27 10:05:52,2026-09-30 12:00:00
C00049,Liam Smith,liam.smith49@example.com,0471124923,F,2026-08-13,Melbourne,VIC,2025-09-08 15:39:54,2026-09-30 12:00:00
C00050,William Clark,william.clark50@example.com,0424305904,F,2025-08-13,Adelaide,SA,2026-02-14 07:09:41,2026-09-30 12:00:00
C00051,Ava Young,ava.young51@example.com,0427896471,F,2026-06-28,Adelaide,SA,2025-02-21 17:15:58,2025-04-25 07:15:58
C00052,Ella Scott,ella.scott52@example.com,0483534128,F,2025-06-12,Gold Coast,QLD,2026-03-30 19:52:46,2026-09-30 12:00:00
C00053,Chloe Hall,chloe.hall53@example.com,0475041510,Other,2025-09-02,Brisbane,QLD,2025-09-11 20:17:49,2026-09-30 12:00:00
C00054,Henry Hall,henry.hall54@example.com,0420814950,M,2025-06-04,Geelong,VIC,2025-10-20 07:17:21,2026-04-02 00:17:21
C00055,Mia Clark,mia.clark55@example.com,0472535301,F,2025-03-05,Sydney,NSW,2025-08-08 02:26:26,2026-01-24 19:26:26
C00056,William Walker,william.walker56@example.com,0461053877,F,2025-01-07,Perth,WA,2026-08-22 22:01:54,2026-09-30 12:00:00
C00057,Isla Martin,isla.martin57@example.com,0439600202,F,2025-08-13,Perth,WA,2026-03-06 17:47:47,2026-09-30 12:00:00
C00058,Henry Walker,henry.walker58@example.com,0432151928,F,2025-05-11,Adelaide,SA,2025-01-30 12:21:42,2026-01-13 00:21:42
C00059,Amelia King,invalid-email,0496268397,F,2025-05-19,Melbourne,VIC,2026-02-08 18:36:42,2026-02-21 20:36:42
C00060,Charlie Thomas,charlie.thomas60@example.com,0455298556,F,2025-10-12,Melbourne,VIC,2025-09-24 12:20:13,2026-05-14 22:20:13
C00061,Grace Harris,grace.harris61@example.com,0440094589,Other,2025-03-12,Geelong,VIC,2026-04-27 00:47:34,2026-05-23 11:47:34
C00062,Olivia Smith,olivia.smith62@example.com,0473560289,Other,2025-04-28,Parramatta,NSW,2025-07-24 00:39:09,2025-11-23 04:39:09
C00063,Lucas Jackson,lucas.jackson63@example.com,0425372341,M,2025-11-15,Adelaide,SA,2025-09-20 11:10:38,2026-07-28 10:10:38
C00064,Emma Wright,emma.wright64@example.com,0436619372,M,2026-08-30,Melbourne,VIC,2025-11-16 18:43:58,2026-05-28 06:43:58
C00065,Mia Taylor,mia.taylor65@example.com,0456600900,Other,2026-03-15,Brisbane,QLD,2026-09-07 03:50:36,2026-09-30 12:00:00
C00066,Isla Wilson,isla.wilson66@example.com,0468186525,F,2026-04-16,Canberra,ACT,2025-12-16 00:54:26,2026-08-23 03:54:26
C00067,Liam Walker,liam.walker67@example.com,0472394301,F,2026-08-30,Sydney,NSW,2026-06-19 20:17:39,2026-09-30 12:00:00
C00068,Henry Thompson,henry.thompson68@example.com,0486483924,Other,2026-01-24,Parramatta,NSW,2025-03-30 08:56:28,2025-08-01 22:56:28
C00069,Jack Smith,jack.smith69@example.com,0455679506,F,2026-09-03,Adelaide,SA,2025-11-29 05:31:13,2026-05-29 13:31:13
C00070,Henry King,henry.king70@example.com,0475575808,Other,2025-09-04,Melbourne,VIC,2026-06-14 06:05:15,2026-09-30 12:00:00
C00071,Chloe Allen,chloe.allen71@example.com,0442655866,F,2026-08-19,Adelaide,SA,2025-01-18 02:18:14,2025-08-14 00:18:14
C00072,Isla Allen,isla.allen72@example.com,0457219209,Other,2026-04-10,Canberra,ACT,2026-06-28 11:27:47,2026-09-30 12:00:00
C00073,Henry Martin,henry.martin73@example.com,0481922443,Other,2025-07-09,Brisbane,QLD,2025-08-25 03:46:12,2026-02-02 06:46:12
C00074,William Jackson,william.jackson74@example.com,0447983442,M,2025-07-18,Adelaide,SA,2025-10-11 23:37:48,2026-07-07 18:37:48
C00075,Sophia White,sophia.white75@example.com,0446817443,M,2025-02-25,Gold Coast,QLD,2025-07-03 09:00:45,2026-04-02 13:00:45
C00076,Ella Martin,ella.martin76@example.com,0473001391,F,2026-03-28,Sydney,NSW,2026-05-18 03:55:00,2026-09-30 12:00:00
C00077,Jack Thomas,jack.thomas77@example.com,0476001106,M,2026-08-14,Melbourne,VIC,2025-09-16 15:07:52,2025-10-20 03:07:52
C00078,Olivia Anderson,olivia.anderson78@example.com,0465857931,Other,2026-09-03,Sydney,NSW,2026-07-31 09:05:15,2026-09-30 02:05:15
C00079,Amelia White,amelia.white79@example.com,0467556566,F,2026-08-06,Canberra,ACT,2026-01-25 14:58:28,2026-06-27 08:58:28
C00080,Amelia Brown,amelia.brown80@example.com,0420896797,M,2025-09-03,Hobart,TAS,2025-04-12 06:40:13,2025-08-26 03:40:13
C00081,Ava King,ava.king81@example.com,0473070585,F,2025-02-03,Geelong,VIC,2025-06-10 00:26:28,2026-05-28 19:26:28
C00082,Mia Martin,mia.martin82@example.com,0489160218,Other,2025-07-22,Brisbane,QLD,2026-04-10 02:43:14,2026-08-23 22:43:14
C00083,Grace Taylor,grace.taylor83@example.com,0419584466,M,2025-06-19,Canberra,ACT,2025-08-19 20:09:58,2026-01-03 00:09:58
C00084,Sophia Scott,sophia.scott84@example.com,0464023778,F,2026-05-28,Hobart,TAS,2025-10-23 14:07:29,2026-09-30 12:00:00
C00085,Ella Allen,ella.allen85@example.com,0453261270,Other,2025-09-14,Adelaide,SA,2025-03-24 19:02:56,2025-11-01 18:02:56
C00086,James Wilson,james.wilson86@example.com,0487342561,M,2025-06-29,Parramatta,NSW,2026-08-13 18:01:48,2026-09-30 12:00:00
C00087,Chloe Young,chloe.young87@example.com,0422246348,F,2025-12-23,Adelaide,SA,2025-10-12 05:37:27,2026-09-02 20:37:27
C00088,Grace Thompson,grace.thompson88@example.com,0448683937,Other,2026-02-15,Gold Coast,QLD,2025-04-18 05:21:26,2026-04-08 20:21:26
C00089,Ella Brown,ella.brown89@example.com,0479067939,M,2026-07-10,Adelaide,SA,2025-04-01 10:16:20,2025-05-30 22:16:20
C00090,Charlie Walker,charlie.walker90@example.com,0493940940,F,2025-02-22,Melbourne,VIC,2025-07-12 16:23:39,2026-08-04 07:23:39
C00091,William Harris,william.harris91@example.com,0426297533,M,2026-09-16,Canberra,ACT,2025-05-15 09:28:56,2026-05-08 00:28:56
C00092,Mia Thomas,mia.thomas92@example.com,0425228493,F,2025-05-01,Brisbane,QLD,2026-07-19 00:35:26,2026-09-04 07:35:26
C00093,Liam Allen,liam.allen93@example.com,0442713008,F,2026-07-19,Brisbane,QLD,2026-06-06 22:17:26,2026-09-30 12:00:00
C00094,Liam Clark,liam.clark94@example.com,0447077298,F,2025-12-15,Parramatta,NSW,2026-09-06 16:47:56,2026-09-30 12:00:00
C00095,Thomas Harris,thomas.harris95@example.com,0498575748,F,2025-06-02,Melbourne,VIC,2025-10-17 23:19:53,2026-08-14 17:19:53
C00096,Charlie King,charlie.king96@example.com,0471115319,F,2025-07-13,Adelaide,SA,2025-12-20 10:35:48,2026-09-24 22:35:48
C00097,Mia Wright,mia.wright97@example.com,0461167978,F,2025-06-05,Perth,WA,2025-08-28 13:02:20,2026-09-14 04:02:20
C00098,Chloe Brown,chloe.brown98@example.com,0423383077,Other,2026-04-13,Sydney,NSW,2026-05-30 18:21:55,2026-07-21 08:21:55
C00099,James Anderson,james.anderson99@example.com,0493652460,Other,2026-02-12,Perth,WA,2025-06-08 02:30:50,2025-10-21 12:30:50
C00100,Noah Thompson,noah.thompson100@example.com,0482613940,M,2026-09-25,Canberra,ACT,2026-01-25 10:40:45,2026-09-30 12:00:00
C00101,Noah White,noah.white101@example.com,0423489853,F,2025-06-20,Brisbane,QLD,2025-08-21 23:05:27,2025-10-11 19:05:27
C00102,Sophia Smith,sophia.smith102@example.com,0429538047,M,2026-06-28,Melbourne,VIC,2025-11-29 01:18:22,2026-06-08 14:18:22
C00103,Grace Wright,grace.wright103@example.com,0442323627,F,2026-08-21,Sydney,NSW,2025-06-24 05:05:39,2026-01-06 00:05:39
C00104,Liam White,liam.white104@example.com,0448605268,Other,2026-07-14,Adelaide,SA,2025-09-18 14:16:42,2025-09-23 04:16:42
C00105,Ava Wilson,ava.wilson105@example.com,0443567615,F,2025-11-06,Adelaide,SA,2025-12-20 18:19:40,2026-07-26 16:19:40
C00106,William Clark,william.clark106@example.com,0449711319,Other,2025-10-30,Adelaide,SA,2025-04-20 07:24:36,2025-10-21 01:24:36
C00107,James Clark,james.clark107@example.com,0416582607,Other,2026-05-24,Brisbane,QLD,2025-01-09 18:55:43,2026-02-12 17:55:43
C00108,Sophia White,sophia.white108@example.com,0498473848,Other,2025-05-21,Hobart,TAS,2025-12-27 07:40:12,2026-09-30 12:00:00
C00109,Emma Brown,emma.brown109@example.com,0422097496,F,2025-12-01,Brisbane,QLD,2026-03-28 01:37:23,2026-09-30 12:00:00
C00110,Grace Thomas,grace.thomas110@example.com,0446578001,M,2025-09-21,Parramatta,NSW,2025-05-16 17:56:23,2026-02-12 09:56:23
C00111,Chloe Martin,chloe.martin111@example.com,0463339667,Other,2026-01-10,Gold Coast,QLD,2025-04-28 14:04:09,2026-05-19 21:04:09
C00112,Noah Clark,noah.clark112@example.com,0445186708,Other,2026-01-26,Melbourne,VIC,2025-09-28 17:07:29,2026-04-05 14:07:29
C00113,Isla Taylor,isla.taylor113@example.com,0491883846,M,2025-03-06,Parramatta,NSW,2026-04-28 00:39:56,2026-09-30 12:00:00
C00114,Charlie Martin,charlie.martin114@example.com,0425585427,M,2025-08-29,Perth,WA,2025-04-30 04:02:02,2025-10-02 19:02:02
C00115,Ella Anderson,ella.anderson115@example.com,0466254240,Other,2025-06-08,Perth,WA,2026-04-10 11:42:47,2026-09-30 12:00:00
C00116,Grace Taylor,grace.taylor116@example.com,0439161443,F,2026-04-01,Adelaide,SA,2026-09-23 13:17:02,2026-09-30 12:00:00
C00117,Mia Moore,mia.moore117@example.com,0463437398,F,2025-07-14,Geelong,VIC,2026-01-12 17:57:41,2026-07-14 18:57:41
C00118,Emma Hall,emma.hall118@example.com,0454762841,M,2025-05-09,Geelong,VIC,2025-08-06 20:40:38,2025-08-16 21:40:38
C00119,Lucas Jackson,lucas.jackson119@example.com,0429804386,Other,2025-01-03,Geelong,VIC,2026-07-22 06:37:13,2026-09-30 12:00:00
C00120,Henry Anderson,henry.anderson120@example.com,0413460153,M,2025-01-16,Sydney,NSW,2026-07-08 08:51:11,2026-09-03 05:51:11
C00121,Isla White,isla.white121@example.com,0466500369,Other,2025-04-27,Hobart,TAS,2025-11-28 00:11:16,2025-12-24 04:11:16
C00122,Noah Allen,noah.allen122@example.com,0439735904,Other,2025-02-14,Adelaide,SA,2026-01-06 16:37:06,2026-08-26 08:37:06
C00123,Thomas Martin,thomas.martin123@example.com,0424490391,F,2026-03-31,Adelaide,SA,2025-02-01 01:30:54,2025-08-25 14:30:54
C00124,Noah Wilson,noah.wilson124@example.com,0494970119,Other,2026-07-16,Gold Coast,QLD,2026-09-15 04:04:08,2026-09-30 12:00:00
C00125,Jack Clark,jack.clark125@example.com,0423311507,Other,2025-04-28,Hobart,TAS,2026-06-28 09:29:32,2026-09-30 12:00:00
C00126,Ella Jackson,ella.jackson126@example.com,0465833185,Other,2025-04-08,Perth,WA,2026-04-08 07:26:21,2026-09-30 12:00:00
C00127,Jack Walker,jack.walker127@example.com,0422243983,M,2025-04-06,Gold Coast,QLD,2025-09-19 11:09:43,2026-05-19 13:09:43
C00128,Grace Taylor,grace.taylor128@example.com,0454244334,Other,2025-05-06,Gold Coast,QLD,2025-05-14 17:03:37,2026-02-26 10:03:37
C00129,Grace Moore,grace.moore129@example.com,0487566910,Other,2025-08-06,Perth,WA,2025-02-22 09:38:19,2025-08-21 12:38:19
C00130,Liam Allen,liam.allen130@example.com,0447388792,Other,2025-08-20,Parramatta,NSW,2025-04-21 11:54:35,2025-10-26 14:54:35
C00131,Grace King,grace.king131@example.com,0498292612,Other,2025-10-01,Hobart,TAS,2026-09-21 21:41:35,2026-09-30 12:00:00
C00132,James Thomas,james.thomas132@example.com,0486010330,Other,2026-02-15,Brisbane,QLD,2025-11-13 10:22:00,2026-02-13 14:22:00
C00133,Noah Anderson,noah.anderson133@example.com,0470887307,F,2025-06-11,Melbourne,VIC,2025-04-04 23:33:13,2025-10-14 12:33:13
C00134,Isla Martin,isla.martin134@example.com,0431127198,Other,2025-02-20,Gold Coast,QLD,2026-08-05 19:05:56,2026-08-31 23:05:56
C00135,Noah Harris,noah.harris135@example.com,0438933176,Other,2025-04-27,Adelaide,SA,2026-03-11 15:38:28,2026-09-30 12:00:00
C00136,Isla Walker,isla.walker136@example.com,0499541016,F,2025-02-16,Geelong,VIC,2025-10-18 21:43:37,2026-06-25 13:43:37
C00137,Mia Clark,mia.clark137@example.com,0444295247,F,2025-12-02,Hobart,TAS,2025-02-26 00:13:19,2025-06-14 04:13:19
C00138,Emma Smith,emma.smith138@example.com,0440884937,Other,2026-07-27,Adelaide,SA,2026-03-17 05:08:24,2026-09-30 12:00:00
C00139,Isla Wilson,isla.wilson139@example.com,0487277086,F,2026-08-11,Perth,WA,2025-02-13 13:01:29,2025-03-24 23:01:29
C00140,Leo Walker,leo.walker140@example.com,0471753160,Other,2026-01-06,Brisbane,QLD,2025-04-28 12:01:20,2025-07-25 07:01:20
C00141,Noah Walker,noah.walker141@example.com,0463118906,F,2025-12-14,Geelong,VIC,2025-09-07 13:37:25,2026-06-02 15:37:25
C00142,Mia Thompson,mia.thompson142@example.com,0436025314,F,2025-12-26,Sydney,NSW,2025-03-20 16:40:07,2025-12-17 08:40:07
C00143,Liam White,liam.white143@example.com,0497980930,M,2025-07-01,Geelong,VIC,2025-05-30 08:12:11,2026-04-03 12:12:11
C00144,Chloe Hall,chloe.hall144@example.com,0495268296,Other,2025-11-27,Hobart,TAS,2026-08-17 14:43:59,2026-09-30 12:00:00
C00145,Jack Anderson,jack.anderson145@example.com,0489379016,M,2025-12-27,Adelaide,SA,2025-03-11 15:28:40,2025-08-13 23:28:40
C00146,Thomas Wilson,thomas.wilson146@example.com,0420298660,Other,2025-04-03,Brisbane,QLD,2026-04-18 14:02:03,2026-09-30 12:00:00
C00147,Amelia Scott,amelia.scott147@example.com,0470362235,Other,2025-07-12,Canberra,ACT,2026-01-29 14:37:35,2026-09-30 12:00:00
C00148,Jack Scott,jack.scott148@example.com,0421318464,Other,2025-06-26,Adelaide,SA,2026-05-29 04:03:28,2026-07-20 14:03:28
C00149,Olivia White,olivia.white149@example.com,0460043345,F,2026-02-01,Adelaide,SA,2026-03-26 16:33:39,2026-06-16 03:33:39
C00150,Grace Thompson,grace.thompson150@example.com,0422684373,Other,2026-01-31,Hobart,TAS,2025-02-23 20:41:21,2025-03-29 06:41:21
C00151,Sophia Harris,sophia.harris151@example.com,0456952151,F,2026-02-06,Hobart,TAS,2025-06-03 10:05:37,2026-05-08 14:05:37
C00152,Liam Scott,liam.scott152@example.com,0499941500,Other,2026-06-24,Geelong,VIC,2025-11-14 17:24:41,2026-05-01 21:24:41
C00153,Noah Walker,noah.walker153@example.com,0455866538,F,2025-07-16,Canberra,ACT,2026-01-06 00:23:19,2026-04-08 06:23:19
C00154,Mia Anderson,mia.anderson154@example.com,0482446804,Other,2026-06-24,Sydney,NSW,2025-03-21 09:54:50,2025-05-12 01:54:50
C00155,Olivia Thompson,olivia.thompson155@example.com,0493851247,M,2026-03-25,Hobart,TAS,2025-05-15 19:24:09,2025-08-07 00:24:09
C00156,Olivia Walker,olivia.walker156@example.com,0470254091,M,2026-07-01,Gold Coast,QLD,2025-09-01 14:39:18,2026-09-22 13:39:18
C00157,Mia Martin,mia.martin157@example.com,0447818761,F,2026-05-30,Adelaide,SA,2025-07-18 11:43:36,2026-03-01 01:43:36
C00158,Thomas Walker,thomas.walker158@example.com,0496057593,F,2026-01-16,Sydney,NSW,2025-07-24 19:08:55,2025-11-29 20:08:55
C00159,Ella Taylor,ella.taylor159@example.com,0470306604,Other,2025-05-31,Canberra,ACT,2025-05-08 09:05:48,2025-07-29 17:05:48
C00160,Grace Wilson,grace.wilson160@example.com,0463211150,Other,2026-01-18,Parramatta,NSW,2026-04-07 11:59:01,2026-09-30 12:00:00
C00161,Mia Clark,mia.clark161@example.com,0497236246,F,2025-05-30,Geelong,VIC,2026-01-19 07:01:20,2026-03-11 05:01:20
C00162,Liam Brown,liam.brown162@example.com,0472962895,F,2026-09-23,Brisbane,QLD,2026-04-29 22:53:08,2026-09-30 12:00:00
C00163,James Wilson,james.wilson163@example.com,0491722503,Other,2026-03-10,Melbourne,VIC,2025-09-20 06:53:09,2026-06-28 05:53:09
C00164,Emma Martin,emma.martin164@example.com,0493592219,F,2025-03-06,Parramatta,NSW,2025-11-05 03:03:15,2026-06-07 23:03:15
C00165,Emma Allen,emma.allen165@example.com,0429270557,F,2026-03-16,Hobart,TAS,2026-07-03 00:40:32,2026-09-30 12:00:00
C00166,James Scott,james.scott166@example.com,0421490910,Other,2026-01-05,Gold Coast,QLD,2025-09-04 18:26:11,2026-08-11 15:26:11
C00167,Noah Young,noah.young167@example.com,0415843091,Other,2026-02-01,Canberra,ACT,2026-06-04 16:35:01,2026-09-30 12:00:00
C00168,Isla Harris,isla.harris168@example.com,0494323222,M,2026-08-19,Melbourne,VIC,2026-01-01 02:22:15,2026-09-30 12:00:00
C00169,Jack Anderson,jack.anderson169@example.com,0472360629,Other,2026-05-06,Melbourne,VIC,2025-12-27 17:21:52,2026-09-30 12:00:00
C00170,Ava Anderson,ava.anderson170@example.com,0415624520,F,2025-11-14,Geelong,VIC,2026-04-14 01:18:12,2026-05-06 07:18:12
C00171,Thomas Clark,thomas.clark171@example.com,0448401154,F,2025-02-18,Canberra,ACT,2026-04-30 08:02:48,2026-09-30 12:00:00
C00172,Jack Harris,jack.harris172@example.com,0461894582,F,2025-07-11,Geelong,VIC,2026-01-12 13:56:25,2026-09-30 12:00:00
C00173,Chloe Allen,chloe.allen173@example.com,0420593403,F,2026-09-09,Gold Coast,QLD,2026-06-16 08:51:05,2026-09-30 12:00:00
C00174,Ava King,ava.king174@example.com,0451137177,F,2026-09-10,Brisbane,QLD,2025-11-25 03:05:20,2026-09-30 12:00:00
C00175,Grace Thomas,grace.thomas175@example.com,0468376726,F,2025-02-28,Adelaide,SA,2025-12-26 14:02:46,2026-06-25 09:02:46
C00176,Noah Clark,noah.clark176@example.com,0491547054,Other,2026-03-25,Gold Coast,QLD,2026-06-10 23:43:10,2026-06-26 03:43:10
C00177,Olivia Anderson,olivia.anderson177@example.com,0414346684,Other,2025-06-07,Geelong,VIC,2025-08-30 20:23:23,2026-03-15 14:23:23
C00178,Charlie Moore,charlie.moore178@example.com,0463423225,F,2025-10-13,Gold Coast,QLD,2026-03-31 02:36:08,2026-09-30 12:00:00
C00179,Mia Taylor,mia.taylor179@example.com,0445135070,F,2026-04-02,Melbourne,VIC,2025-07-10 15:33:24,2026-04-23 18:33:24
C00180,William Scott,william.scott180@example.com,0433173544,Other,2026-04-01,Brisbane,QLD,2026-05-18 06:07:08,2026-06-24 20:07:08
C00181,Noah Thompson,noah.thompson181@example.com,0495590648,M,2026-01-06,Gold Coast,QLD,2025-03-08 17:34:18,2025-08-08 22:34:18
C00182,Thomas White,thomas.white182@example.com,0458438711,Other,2026-08-10,Geelong,VIC,2025-07-25 04:15:50,2026-04-03 04:15:50
C00183,Isla Hall,isla.hall183@example.com,0463440127,Other,2026-05-06,Canberra,ACT,2025-05-13 19:56:05,2025-06-16 04:56:05
C00184,Thomas Walker,thomas.walker184@example.com,0470394554,F,2026-06-14,Perth,WA,2026-08-12 02:08:20,2026-09-30 12:00:00
C00185,Isla Anderson,isla.anderson185@example.com,0417437386,M,2026-06-15,Canberra,ACT,2026-08-25 05:49:08,2026-09-30 12:00:00
C00186,Liam Martin,liam.martin186@example.com,0479645282,F,2025-03-22,Sydney,NSW,2025-06-15 10:59:45,2025-10-08 21:59:45
C00187,Henry Jackson,henry.jackson187@example.com,0422539748,Other,2025-06-22,Canberra,ACT,2025-10-09 04:40:19,2026-08-19 21:40:19
C00188,Lucas Wright,lucas.wright188@example.com,0485647532,M,2025-01-30,Sydney,NSW,2025-06-25 21:39:46,2026-05-01 07:39:46
C00189,Noah Brown,invalid-email,0492961108,Other,2025-02-01,Hobart,TAS,2025-09-29 20:13:49,2026-07-19 09:13:49
C00190,Chloe King,chloe.king190@example.com,0449920898,F,2025-03-16,Brisbane,QLD,2025-11-06 15:15:51,2026-09-30 12:00:00
C00191,Olivia Thomas,olivia.thomas191@example.com,0429282885,F,2025-11-23,Adelaide,SA,2026-03-02 15:29:13,2026-08-24 10:29:13
C00192,Isla Clark,isla.clark192@example.com,0472608888,M,2025-10-01,Sydney,NSW,2026-01-15 16:35:06,2026-06-27 23:35:06
C00193,Charlie White,charlie.white193@example.com,0443322272,M,2025-12-02,Sydney,NSW,2025-04-10 01:18:24,2026-02-19 14:18:24
C00194,Lucas Thompson,lucas.thompson194@example.com,0476755908,M,2025-04-03,Parramatta,NSW,2025-06-13 15:32:29,2026-02-24 00:32:29
C00195,Leo Young,leo.young195@example.com,0447763008,F,2026-09-04,Adelaide,SA,2025-09-04 06:37:22,2025-09-28 07:37:22
C00196,Chloe Martin,chloe.martin196@example.com,0459093843,F,2026-01-10,Canberra,ACT,2025-01-09 03:27:08,2025-05-25 02:27:08
C00197,Olivia Clark,olivia.clark197@example.com,0419869264,F,2026-06-01,Melbourne,VIC,2026-08-07 17:12:23,2026-09-30 12:00:00
C00198,Charlie King,charlie.king198@example.com,0455511258,Other,2026-01-10,Brisbane,QLD,2026-09-18 03:08:06,2026-09-30 12:00:00
C00199,Liam Jackson,liam.jackson199@example.com,0428392710,Other,2025-12-08,Hobart,TAS,2026-06-06 12:32:02,2026-06-29 13:32:02
C00200,Chloe Young,chloe.young200@example.com,0492284610,F,2025-06-16,Adelaide,SA,2025-06-02 19:57:32,2025-08-13 05:57:32
C00201,Leo Scott,leo.scott201@example.com,0475746104,Other,2026-07-31,Brisbane,QLD,2026-08-31 10:32:53,2026-09-30 12:00:00
C00202,Sophia Allen,sophia.allen202@example.com,0451295819,Other,2025-01-28,Melbourne,VIC,2026-01-13 10:43:07,2026-08-15 04:43:07
C00203,Amelia Allen,amelia.allen203@example.com,0474484744,M,2026-06-21,Brisbane,QLD,2026-08-16 18:14:46,2026-09-12 12:14:46
C00204,Amelia Clark,amelia.clark204@example.com,0412541730,F,2025-11-18,Sydney,NSW,2025-09-06 01:36:44,2025-11-01 07:36:44
C00205,Grace Anderson,grace.anderson205@example.com,0418359252,Other,2025-05-22,Perth,WA,2025-07-28 13:32:49,2026-06-07 04:32:49
C00206,Thomas Jackson,thomas.jackson206@example.com,0433244151,F,2026-06-30,Canberra,ACT,2025-11-29 21:30:33,2026-06-10 07:30:33
C00207,Jack King,jack.king207@example.com,0484905122,F,2025-08-19,Gold Coast,QLD,2025-09-28 19:30:12,2026-02-02 03:30:12
C00208,Sophia Martin,sophia.martin208@example.com,0446702849,F,2025-05-05,Parramatta,NSW,2026-05-16 10:30:22,2026-09-30 12:00:00
C00209,Lucas King,lucas.king209@example.com,0415646068,F,2025-03-22,Perth,WA,2026-02-09 11:49:51,2026-04-24 20:49:51
C00210,Isla Hall,isla.hall210@example.com,0485432781,Other,2025-10-06,Brisbane,QLD,2026-05-06 06:12:52,2026-09-30 12:00:00
C00211,Liam Taylor,liam.taylor211@example.com,0440289135,Other,2025-08-27,Hobart,TAS,2026-08-24 07:15:03,2026-09-30 12:00:00
C00212,Olivia Taylor,olivia.taylor212@example.com,0410695441,Other,2025-06-11,Perth,WA,2025-12-05 22:30:06,2026-09-30 12:00:00
C00213,Grace Allen,grace.allen213@example.com,0422007214,Other,2026-08-11,Adelaide,SA,2025-07-24 09:20:18,2026-06-19 10:20:18
C00214,Mia King,mia.king214@example.com,0463283709,F,2025-07-10,Melbourne,VIC,2025-06-29 13:56:53,2025-09-27 14:56:53
C00215,Sophia Brown,sophia.brown215@example.com,0470981700,Other,2026-07-11,Melbourne,VIC,2025-11-02 18:38:06,2026-04-23 03:38:06
C00216,Thomas Allen,thomas.allen216@example.com,0431809610,Other,2026-04-15,Sydney,NSW,2026-06-01 14:17:12,2026-07-29 00:17:12
C00217,Henry Thomas,henry.thomas217@example.com,0433554528,Other,2026-02-20,Melbourne,VIC,2025-12-12 09:36:43,2026-09-30 12:00:00
C00218,Grace Young,grace.young218@example.com,0474082804,F,2025-09-12,Gold Coast,QLD,2025-03-30 12:42:06,2025-07-02 16:42:06
C00219,James Harris,james.harris219@example.com,0488176558,Other,2026-08-10,Perth,WA,2025-08-30 14:48:17,2026-02-14 23:48:17
C00220,James Harris,james.harris220@example.com,0431436829,F,2026-05-30,Gold Coast,QLD,2025-08-30 01:42:07,2026-04-25 10:42:07
C00221,Sophia Taylor,sophia.taylor221@example.com,0430560218,F,2026-09-13,Brisbane,QLD,2026-01-12 19:14:14,2026-03-22 10:14:14
C00222,Isla Walker,isla.walker222@example.com,0489968863,M,2026-06-23,Canberra,ACT,2026-04-28 17:51:42,2026-08-18 00:51:42
C00223,Charlie Young,charlie.young223@example.com,0437133023,Other,2026-07-04,Gold Coast,QLD,2025-03-21 18:07:03,2025-12-27 10:07:03
C00224,Liam Thomas,liam.thomas224@example.com,0488268756,F,2025-04-04,Gold Coast,QLD,2026-06-17 14:07:43,2026-09-30 12:00:00
C00225,Thomas Hall,thomas.hall225@example.com,0417749299,Other,2026-04-19,Melbourne,VIC,2026-04-10 04:32:26,2026-09-30 12:00:00
C00226,Sophia Smith,sophia.smith226@example.com,0416078694,F,2025-12-19,Perth,WA,2025-09-18 00:47:13,2026-07-11 02:47:13
C00227,Noah King,noah.king227@example.com,0428176954,Other,2026-03-07,Melbourne,VIC,2025-03-12 15:02:18,2025-10-07 20:02:18
C00228,Isla Clark,isla.clark228@example.com,0427849589,Other,2025-12-23,Adelaide,SA,2026-01-22 12:05:43,2026-09-30 12:00:00
C00229,Emma Thomas,emma.thomas229@example.com,0413051483,F,2026-04-20,Canberra,ACT,2026-02-07 16:08:46,2026-06-01 16:08:46
C00230,Ella Walker,ella.walker230@example.com,0446997080,M,2025-04-26,Canberra,ACT,2026-01-24 07:15:29,2026-07-20 11:15:29
C00231,Olivia Walker,olivia.walker231@example.com,0414506531,F,2026-09-05,Hobart,TAS,2025-01-17 07:13:04,2025-03-10 02:13:04
C00232,Olivia White,olivia.white232@example.com,0428808678,Other,2025-10-24,Melbourne,VIC,2026-02-16 14:14:34,2026-06-07 15:14:34
C00233,Mia Wright,mia.wright233@example.com,0450502136,M,2026-06-18,Gold Coast,QLD,2026-08-15 19:49:43,2026-09-30 12:00:00
C00234,Mia Walker,mia.walker234@example.com,0494019376,Other,2026-03-14,Brisbane,QLD,2025-10-09 01:35:37,2026-09-30 12:00:00
C00235,Ella Allen,ella.allen235@example.com,0465878146,F,2025-06-02,Melbourne,VIC,2025-12-19 20:42:24,2026-09-14 06:42:24
C00236,Sophia Clark,sophia.clark236@example.com,0429374563,F,2025-03-01,Sydney,NSW,2026-07-05 15:15:54,2026-09-30 12:00:00
C00237,Ella Walker,ella.walker237@example.com,0437291394,F,2025-03-22,Perth,WA,2026-07-25 16:08:24,2026-09-30 12:00:00
C00238,Charlie Moore,charlie.moore238@example.com,0460622628,Other,2026-09-12,Geelong,VIC,2026-07-03 23:53:12,2026-07-30 07:53:12
C00239,Amelia Brown,invalid-email,0474343201,M,2025-12-07,Geelong,VIC,2025-07-12 18:46:42,2026-04-25 00:46:42
C00240,Sophia Smith,sophia.smith240@example.com,0442560305,Other,2026-09-11,Parramatta,NSW,2025-07-14 23:07:47,2026-08-05 14:07:47
C00241,William Clark,william.clark241@example.com,0481625307,Other,2026-01-03,Parramatta,NSW,2026-07-20 10:49:18,2026-09-30 12:00:00
C00242,Sophia Harris,sophia.harris242@example.com,0452980983,M,2026-01-15,Gold Coast,QLD,2026-06-10 15:29:06,2026-09-30 12:00:00
C00243,Jack Walker,jack.walker243@example.com,0484264220,Other,2026-08-17,Melbourne,VIC,2026-07-31 07:47:09,2026-08-08 15:47:09
C00244,Grace Martin,grace.martin244@example.com,0477015110,Other,2025-12-12,Sydney,NSW,2025-07-20 10:14:24,2026-05-07 17:14:24
C00245,Henry Allen,henry.allen245@example.com,0428784915,Other,2026-07-14,Adelaide,SA,2026-04-17 05:46:50,2026-09-30 12:00:00
C00246,Chloe Thomas,chloe.thomas246@example.com,0416511491,M,2026-02-27,Canberra,ACT,2025-03-02 16:02:53,2025-04-10 13:02:53
C00247,Liam White,liam.white247@example.com,0418113477,Other,2026-09-24,Geelong,VIC,2025-06-04 00:13:32,2026-01-23 11:13:32
C00248,Chloe Allen,chloe.allen248@example.com,0481057233,Other,2025-10-09,Melbourne,VIC,2025-01-07 17:35:26,2025-01-13 17:35:26
C00249,Ella Martin,ella.martin249@example.com,0422927031,Other,2025-06-02,Melbourne,VIC,2026-05-30 22:43:27,2026-08-30 01:43:27
C00250,Mia Jackson,mia.jackson250@example.com,0420605783,F,2026-02-20,Hobart,TAS,2026-06-24 08:52:22,2026-09-30 12:00:00
C00251,Charlie Wright,charlie.wright251@example.com,0497227356,M,2025-04-06,Parramatta,NSW,2025-08-20 09:43:52,2025-10-01 05:43:52
C00252,Leo Clark,leo.clark252@example.com,0433002714,M,2026-05-27,Perth,WA,2026-07-20 15:03:40,2026-07-25 13:03:40
C00253,Grace Thompson,grace.thompson253@example.com,0486072480,F,2025-10-05,Hobart,TAS,2025-04-08 16:58:02,2025-08-03 22:58:02
C00254,Olivia Wilson,olivia.wilson254@example.com,0412101593,M,2026-08-25,Brisbane,QLD,2026-07-11 18:42:02,2026-09-30 12:00:00
C00255,Liam Clark,liam.clark255@example.com,0482553061,F,2026-01-29,Geelong,VIC,2025-11-03 05:36:15,2026-08-20 17:36:15
C00256,Liam Wilson,liam.wilson256@example.com,0455713584,Other,2026-09-21,Canberra,ACT,2025-12-21 01:06:27,2026-04-18 03:06:27
C00257,Amelia Clark,amelia.clark257@example.com,0440620216,F,2026-07-21,Gold Coast,QLD,2025-01-31 20:17:50,2025-09-19 11:17:50
C00258,Leo Walker,leo.walker258@example.com,0449645162,M,2025-03-17,Sydney,NSW,2026-08-23 21:24:05,2026-09-30 12:00:00
C00259,Noah Harris,noah.harris259@example.com,0462294176,F,2026-01-05,Sydney,NSW,2026-01-25 22:50:40,2026-04-14 21:50:40
C00260,Emma Wilson,emma.wilson260@example.com,0427784789,M,2025-07-11,Melbourne,VIC,2025-11-12 14:23:48,2026-03-30 17:23:48
C00261,Grace Hall,grace.hall261@example.com,0457501571,Other,2025-04-06,Canberra,ACT,2026-07-23 16:26:06,2026-08-05 18:26:06
C00262,Amelia Scott,amelia.scott262@example.com,0485099723,M,2026-08-09,Gold Coast,QLD,2026-01-30 00:18:26,2026-08-16 02:18:26
C00263,Thomas Thomas,thomas.thomas263@example.com,0429587040,M,2025-06-21,Perth,WA,2025-06-23 04:17:19,2025-11-07 19:17:19
C00264,Grace Harris,grace.harris264@example.com,0443096758,Other,2026-05-23,Perth,WA,2025-11-03 15:50:04,2026-05-06 23:50:04
C00265,Amelia Scott,amelia.scott265@example.com,0454589439,Other,2026-01-25,Parramatta,NSW,2026-04-14 03:08:19,2026-04-17 15:08:19
C00266,Jack Hall,jack.hall266@example.com,0490961645,Other,2025-07-25,Gold Coast,QLD,2026-03-17 20:38:08,2026-08-18 06:38:08
C00267,Chloe Thompson,chloe.thompson267@example.com,0475901885,Other,2025-09-06,Sydney,NSW,2026-02-12 10:18:47,2026-09-30 12:00:00
C00268,Jack Clark,jack.clark268@example.com,0489487366,Other,2025-07-04,Brisbane,QLD,2026-02-07 11:07:59,2026-09-30 12:00:00
C00269,Ella Smith,ella.smith269@example.com,0464914054,Other,2026-05-27,Adelaide,SA,2025-08-03 14:51:18,2026-07-23 16:51:18
C00270,Liam Martin,liam.martin270@example.com,0419927432,F,2026-09-05,Parramatta,NSW,2025-09-16 21:09:45,2026-04-21 09:09:45
C00271,Chloe Wright,chloe.wright271@example.com,0482966824,M,2026-01-04,Perth,WA,2026-07-02 16:59:58,2026-09-30 12:00:00
C00272,Ella Scott,ella.scott272@example.com,0496838849,Other,2025-02-15,Geelong,VIC,2025-04-22 07:42:42,2025-10-20 12:42:42
C00273,Lucas Clark,lucas.clark273@example.com,0478541804,Other,2026-06-16,Gold Coast,QLD,2026-03-17 03:00:06,2026-07-27 10:00:06
C00274,Ella Wright,ella.wright274@example.com,0488999206,Other,2026-05-28,Hobart,TAS,2025-08-15 14:23:25,2026-04-10 11:23:25
C00275,Liam Moore,liam.moore275@example.com,0429015320,F,2025-11-16,Melbourne,VIC,2026-05-10 03:18:26,2026-06-22 06:18:26
C00276,Jack Hall,jack.hall276@example.com,0470726434,F,2025-03-10,Parramatta,NSW,2026-06-18 15:22:30,2026-08-07 05:22:30
C00277,Sophia Brown,sophia.brown277@example.com,0442737441,Other,2025-06-28,Geelong,VIC,2025-01-24 10:41:06,2026-01-05 15:41:06
C00278,Ella Thomas,ella.thomas278@example.com,0434756698,M,2026-03-19,Gold Coast,QLD,2026-07-28 13:29:14,2026-09-30 12:00:00
C00279,Leo Smith,leo.smith279@example.com,0438829445,M,2025-10-13,Hobart,TAS,2025-07-22 14:37:27,2026-02-06 14:37:27
C00280,Noah Wright,noah.wright280@example.com,0425294777,F,2026-05-17,Geelong,VIC,2026-07-04 05:23:20,2026-09-30 12:00:00
C00281,Thomas Thompson,thomas.thompson281@example.com,0457242616,F,2026-09-25,Hobart,TAS,2026-02-02 19:25:37,2026-04-02 06:25:37
C00282,Ava Martin,ava.martin282@example.com,0442020689,F,2025-04-30,Hobart,TAS,2026-08-28 02:43:08,2026-09-30 12:00:00
C00283,Ava Moore,ava.moore283@example.com,0461500679,F,2025-07-10,Sydney,NSW,2026-06-08 12:26:38,2026-08-18 06:26:38
C00284,Chloe King,chloe.king284@example.com,0452222214,F,2026-09-27,Sydney,NSW,2026-07-23 05:31:18,2026-09-30 12:00:00
C00285,Olivia Moore,olivia.moore285@example.com,0477838742,Other,2026-05-22,Melbourne,VIC,2026-05-12 04:12:52,2026-09-30 12:00:00
C00286,Grace Allen,grace.allen286@example.com,0439598969,F,2025-02-03,Perth,WA,2026-03-31 15:10:05,2026-09-30 12:00:00
C00287,Henry White,henry.white287@example.com,0476479831,Other,2026-06-08,Canberra,ACT,2025-10-23 05:49:29,2026-08-09 04:49:29
C00288,Emma Wright,emma.wright288@example.com,0469239219,Other,2025-08-12,Geelong,VIC,2025-10-02 17:52:23,2026-07-06 18:52:23
C00289,Grace Taylor,grace.taylor289@example.com,0468930964,M,2025-08-31,Parramatta,NSW,2025-11-01 01:28:16,2026-04-28 03:28:16
C00290,William Wright,william.wright290@example.com,0437732020,M,2025-03-02,Gold Coast,QLD,2026-09-17 20:27:10,2026-09-30 12:00:00
C00291,Lucas Moore,lucas.moore291@example.com,0449276764,F,2026-08-10,Canberra,ACT,2025-10-15 19:34:10,2026-03-30 17:34:10
C00292,Henry Young,henry.young292@example.com,0427030641,Other,2025-05-16,Geelong,VIC,2025-05-19 13:58:03,2025-10-08 09:58:03
C00293,Mia Anderson,mia.anderson293@example.com,0494879557,F,2026-03-01,Gold Coast,QLD,2025-09-11 21:25:31,2025-11-23 15:25:31
C00294,Leo Hall,leo.hall294@example.com,0459535894,F,2026-05-15,Geelong,VIC,2025-04-06 12:32:47,2025-08-27 10:32:47
C00295,Jack Wright,jack.wright295@example.com,0458079840,M,2026-07-02,Melbourne,VIC,2025-04-06 23:29:40,2026-03-13 21:29:40
C00296,Leo Jackson,leo.jackson296@example.com,0483458776,Other,2025-05-14,Perth,WA,2025-08-05 15:17:20,2025-12-29 01:17:20
C00297,Lucas Allen,lucas.allen297@example.com,0426674831,M,2026-03-28,Gold Coast,QLD,2025-02-19 01:06:40,2025-10-12 01:06:40
C00298,Charlie Smith,charlie.smith298@example.com,0431337593,F,2025-04-06,Perth,WA,2025-07-27 22:58:08,2026-06-25 07:58:08
C00299,Isla Harris,isla.harris299@example.com,0463196064,Other,2025-11-09,Geelong,VIC,2026-01-16 21:57:41,2026-04-10 22:57:41
C00300,Mia Walker,mia.walker300@example.com,0489682313,M,2026-06-16,Geelong,VIC,2025-04-08 00:13:30,2025-05-17 04:13:30
C00301,Charlie Smith,charlie.smith301@example.com,0474115841,M,2025-08-23,Melbourne,VIC,2025-12-18 03:55:27,2026-09-30 12:00:00
C00302,Leo Wilson,leo.wilson302@example.com,0461367949,M,2025-05-27,Geelong,VIC,2025-04-16 10:23:56,2025-09-16 14:23:56
C00303,Noah Young,noah.young303@example.com,0438595818,Other,2025-06-05,Hobart,TAS,2025-01-09 19:41:10,2025-08-23 06:41:10
C00304,Grace Scott,grace.scott304@example.com,0489131271,Other,2026-01-29,Adelaide,SA,2025-08-11 02:57:06,2025-10-21 05:57:06
C00305,Isla Walker,isla.walker305@example.com,0484275638,Other,2026-09-07,Gold Coast,QLD,2025-05-24 07:17:41,2025-07-06 14:17:41
C00306,Amelia Martin,amelia.martin306@example.com,0462579931,F,2025-02-25,Melbourne,VIC,2025-11-05 06:33:38,2026-07-23 12:33:38
C00307,Mia Allen,mia.allen307@example.com,0480905413,M,2026-01-05,Perth,WA,2025-04-26 07:31:40,2026-02-24 09:31:40
C00308,Jack Anderson,jack.anderson308@example.com,0473218512,M,2025-01-18,Perth,WA,2026-08-06 13:23:34,2026-09-30 12:00:00
C00309,Lucas Wilson,lucas.wilson309@example.com,0477996124,F,2026-05-29,Melbourne,VIC,2025-09-26 06:02:59,2025-10-26 18:02:59
C00310,Grace Walker,grace.walker310@example.com,0447241089,M,2025-11-14,Perth,WA,2025-03-26 20:34:34,2026-02-05 00:34:34
C00311,Noah Young,noah.young311@example.com,0497219985,Other,2025-03-09,Parramatta,NSW,2025-06-09 17:20:25,2026-04-06 13:20:25
C00312,Sophia Walker,sophia.walker312@example.com,0470850538,Other,2026-09-16,Parramatta,NSW,2025-03-01 07:05:59,2025-10-09 10:05:59
C00313,Olivia Martin,olivia.martin313@example.com,0431989243,F,2025-12-22,Sydney,NSW,2025-05-03 00:45:08,2026-04-27 00:45:08
C00314,Thomas Young,thomas.young314@example.com,0425845304,M,2025-12-10,Brisbane,QLD,2025-06-20 11:08:47,2026-07-24 19:08:47
C00315,Grace Harris,grace.harris315@example.com,0476591799,F,2026-06-08,Canberra,ACT,2025-03-07 08:45:36,2026-01-22 10:45:36
C00316,Isla Brown,isla.brown316@example.com,0487029205,Other,2025-04-29,Adelaide,SA,2026-08-04 05:23:10,2026-09-30 12:00:00
C00317,Mia Young,mia.young317@example.com,0461402634,M,2025-07-03,Melbourne,VIC,2025-02-15 00:15:02,2025-10-14 11:15:02
C00318,Olivia King,olivia.king318@example.com,0446407626,M,2026-08-09,Perth,WA,2025-08-18 10:15:26,2026-08-21 20:15:26
C00319,Isla Taylor,isla.taylor319@example.com,0463811222,M,2026-04-22,Canberra,ACT,2025-02-23 05:14:51,2025-11-14 06:14:51
C00320,Sophia Martin,sophia.martin320@example.com,0449137230,Other,2025-11-08,Gold Coast,QLD,2025-03-30 17:29:00,2025-10-04 23:29:00
C00321,Amelia White,amelia.white321@example.com,0483357939,M,2025-06-04,Adelaide,SA,2026-01-13 18:31:49,2026-09-30 12:00:00
C00322,James Walker,james.walker322@example.com,0454965270,M,2026-01-21,Melbourne,VIC,2025-08-27 17:22:40,2026-08-17 17:22:40
C00323,Sophia Taylor,sophia.taylor323@example.com,0447557512,M,2025-02-14,Parramatta,NSW,2026-06-27 07:26:31,2026-07-27 11:26:31
C00324,Mia Young,mia.young324@example.com,0477837366,M,2026-02-08,Perth,WA,2026-01-17 14:47:05,2026-09-30 12:00:00
C00325,Noah Wright,noah.wright325@example.com,0445029610,F,2026-02-07,Hobart,TAS,2025-03-05 13:42:08,2025-07-04 22:42:08
C00326,Jack Thompson,jack.thompson326@example.com,0424626086,M,2025-04-19,Adelaide,SA,2025-10-06 07:04:12,2025-12-15 01:04:12
C00327,Ava Hall,ava.hall327@example.com,0470655283,F,2026-04-20,Adelaide,SA,2025-11-18 13:07:34,2026-05-20 19:07:34
C00328,Henry Taylor,henry.taylor328@example.com,0490973889,M,2025-08-09,Geelong,VIC,2025-06-11 21:19:52,2026-06-07 19:19:52
C00329,Jack Anderson,jack.anderson329@example.com,0450109721,F,2025-06-28,Geelong,VIC,2025-09-12 11:25:32,2025-10-08 08:25:32
C00330,James Clark,james.clark330@example.com,0423677772,M,2025-05-05,Adelaide,SA,2026-07-24 23:35:15,2026-09-11 13:35:15
C00331,James Brown,james.brown331@example.com,0494597104,Other,2025-03-28,Parramatta,NSW,2025-05-14 06:52:25,2025-11-21 03:52:25
C00332,Lucas Wright,lucas.wright332@example.com,0427286109,M,2025-12-06,Brisbane,QLD,2025-03-18 00:04:12,2026-02-11 14:04:12
C00333,Emma Brown,emma.brown333@example.com,0463015826,F,2025-01-31,Adelaide,SA,2025-02-21 05:59:36,2025-10-01 04:59:36
C00334,Leo Walker,leo.walker334@example.com,0469862640,M,2025-02-05,Sydney,NSW,2025-12-29 06:58:11,2026-05-18 14:58:11
C00335,Amelia Scott,amelia.scott335@example.com,0474294443,M,2025-03-31,Hobart,TAS,2025-09-09 20:18:31,2026-04-08 13:18:31
C00336,Henry Clark,henry.clark336@example.com,0494658420,Other,2025-01-20,Sydney,NSW,2026-03-06 06:41:56,2026-09-30 12:00:00
C00337,Leo Moore,leo.moore337@example.com,0453165014,F,2025-10-04,Adelaide,SA,2026-07-12 15:22:58,2026-09-30 12:00:00
C00338,Ava Smith,ava.smith338@example.com,0417863981,F,2026-06-27,Gold Coast,QLD,2026-09-04 07:01:57,2026-09-30 12:00:00
C00339,Isla Wright,isla.wright339@example.com,0481630600,Other,2025-02-27,Parramatta,NSW,2025-06-13 03:15:42,2025-10-14 11:15:42
C00340,Mia Wright,mia.wright340@example.com,0458155056,Other,2025-01-29,Perth,WA,2025-12-30 05:11:15,2026-09-30 12:00:00
C00341,Isla Wright,isla.wright341@example.com,0451480401,M,2026-05-18,Hobart,TAS,2025-05-26 18:12:53,2026-02-03 11:12:53
C00342,Olivia Wilson,olivia.wilson342@example.com,0410091737,F,2026-09-21,Melbourne,VIC,2025-08-27 19:14:01,2026-05-24 10:14:01
C00343,William Anderson,william.anderson343@example.com,0429012298,M,2026-06-23,Gold Coast,QLD,2025-07-01 10:03:01,2025-09-15 04:03:01
C00344,Isla Wilson,isla.wilson344@example.com,0428314232,M,2026-03-24,Gold Coast,QLD,2026-02-10 18:06:21,2026-07-15 04:06:21
C00345,Chloe Thompson,chloe.thompson345@example.com,0439962391,Other,2026-08-27,Sydney,NSW,2026-07-30 22:56:59,2026-09-30 12:00:00
C00346,Ava Clark,ava.clark346@example.com,0486884584,F,2026-08-05,Brisbane,QLD,2025-10-29 04:11:46,2025-10-30 02:11:46
C00347,Olivia Thomas,olivia.thomas347@example.com,0476596831,M,2025-12-06,Hobart,TAS,2025-11-22 19:14:40,2026-09-07 22:14:40
C00348,Noah White,noah.white348@example.com,0499929175,Other,2025-12-10,Gold Coast,QLD,2025-11-24 05:40:56,2026-01-09 03:40:56
C00349,Charlie Smith,charlie.smith349@example.com,0424500158,Other,2025-01-02,Brisbane,QLD,2025-08-03 07:44:04,2026-01-29 15:44:04
C00350,Olivia Clark,olivia.clark350@example.com,0457141449,Other,2026-01-20,Adelaide,SA,2026-03-06 05:56:26,2026-09-30 12:00:00
C00351,Emma Allen,emma.allen351@example.com,0412694823,F,2025-09-25,Hobart,TAS,2025-08-19 05:28:04,2025-09-05 14:28:04
C00352,Emma Wilson,emma.wilson352@example.com,0422496299,F,2026-09-01,Gold Coast,QLD,2025-06-24 12:10:46,2025-08-02 05:10:46
C00353,Amelia Allen,amelia.allen353@example.com,0417188130,M,2025-12-06,Melbourne,VIC,2026-03-18 20:10:38,2026-09-30 12:00:00
C00354,William Jackson,william.jackson354@example.com,0498663948,F,2025-11-01,Perth,WA,2026-07-22 23:59:46,2026-09-30 12:00:00
C00355,Mia Taylor,mia.taylor355@example.com,0417315517,F,2025-01-04,Melbourne,VIC,2026-02-07 18:35:53,2026-09-30 12:00:00
C00356,Grace Wilson,grace.wilson356@example.com,0432928708,Other,2025-10-26,Brisbane,QLD,2026-09-07 15:12:06,2026-09-20 21:12:06
C00357,,noah.allen357@example.com,0422232184,Other,2026-07-12,Geelong,VIC,2025-11-12 12:30:31,2026-09-30 12:00:00
C00358,Leo Thomas,leo.thomas358@example.com,0469020960,F,2025-09-27,Gold Coast,QLD,2026-01-26 11:11:28,2026-02-17 19:11:28
C00359,Mia Harris,mia.harris359@example.com,0421503440,Other,2025-12-19,Hobart,TAS,2025-03-05 04:48:44,2026-02-09 07:48:44
C00360,Ella Walker,ella.walker360@example.com,0466187845,Other,2026-05-02,Hobart,TAS,2025-08-21 17:03:53,2026-03-08 09:03:53
C00361,Lucas White,lucas.white361@example.com,0477390918,Other,2026-06-14,Adelaide,SA,2025-11-03 02:25:57,2026-09-30 12:00:00
C00362,Lucas Scott,lucas.scott362@example.com,0426936398,M,2026-03-10,Sydney,NSW,2025-05-04 14:11:10,2025-08-20 20:11:10
C00363,Noah Walker,noah.walker363@example.com,0421680625,F,2026-07-24,Parramatta,NSW,2025-06-01 19:16:20,2026-06-08 21:16:20
C00364,Leo King,leo.king364@example.com,0493625419,Other,2026-06-20,Gold Coast,QLD,2025-10-10 16:29:58,2025-10-17 14:29:58
C00365,Grace Taylor,grace.taylor365@example.com,0424178065,Other,2025-04-14,Perth,WA,2025-06-03 04:36:37,2026-03-28 07:36:37
C00366,Sophia King,sophia.king366@example.com,0491733516,F,2025-02-08,Gold Coast,QLD,2026-02-25 08:24:41,2026-09-30 12:00:00
C00367,Ava Harris,ava.harris367@example.com,0415205303,F,2025-12-06,Perth,WA,2025-05-28 19:38:43,2026-05-19 07:38:43
C00368,Mia Brown,mia.brown368@example.com,0447627490,F,2025-04-11,Adelaide,SA,2025-10-03 11:01:21,2026-03-07 20:01:21
C00369,Mia Anderson,mia.anderson369@example.com,0496644900,M,2025-07-12,Brisbane,QLD,2026-03-30 10:17:46,2026-09-30 12:00:00
C00370,Charlie Jackson,charlie.jackson370@example.com,0431336920,M,2025-11-15,Perth,WA,2026-05-12 16:55:23,2026-06-10 08:55:23
C00371,Thomas Clark,thomas.clark371@example.com,0417734634,M,2025-02-03,Sydney,NSW,2026-06-21 18:01:11,2026-09-28 00:01:11
C00372,Charlie Brown,charlie.brown372@example.com,0463276690,Other,2025-05-07,Gold Coast,QLD,2025-07-23 08:23:52,2026-03-18 00:23:52
C00373,James White,james.white373@example.com,0483998759,F,2025-12-19,Gold Coast,QLD,2026-05-16 19:28:11,2026-09-30 12:00:00
C00374,Ava Harris,ava.harris374@example.com,0438765353,M,2025-08-19,Geelong,VIC,2025-10-19 00:24:03,2026-01-10 18:24:03
C00375,William Harris,william.harris375@example.com,0411194267,F,2025-05-16,Perth,WA,2026-06-10 00:55:49,2026-09-30 12:00:00
C00376,Ava Scott,ava.scott376@example.com,0496267144,F,2026-03-10,Melbourne,VIC,2025-08-18 08:38:51,2026-01-22 06:38:51
C00377,Leo Moore,leo.moore377@example.com,0493698993,F,2026-08-22,Adelaide,SA,2025-09-16 06:29:19,2026-08-28 22:29:19
C00378,Emma Smith,emma.smith378@example.com,0450060760,Other,2025-04-21,Canberra,ACT,2026-01-19 17:41:38,2026-09-30 12:00:00
C00379,Chloe Wilson,chloe.wilson379@example.com,0498062882,Other,2025-11-02,Gold Coast,QLD,2025-10-11 20:20:55,2026-03-02 04:20:55
C00380,William Anderson,william.anderson380@example.com,0498654879,F,2025-05-24,Canberra,ACT,2025-09-04 01:51:54,2026-07-08 13:51:54
C00381,James Allen,james.allen381@example.com,0488252116,Other,2026-08-09,Brisbane,QLD,2025-09-23 13:25:24,2026-09-30 12:00:00
C00382,William Thompson,william.thompson382@example.com,0478090647,F,2025-06-24,Parramatta,NSW,2026-07-02 20:50:30,2026-09-30 12:00:00
C00383,Ella Thomas,ella.thomas383@example.com,0485031958,M,2025-12-10,Brisbane,QLD,2025-04-10 15:08:47,2025-08-21 14:08:47
C00384,Noah White,noah.white384@example.com,0459886371,F,2026-08-23,Gold Coast,QLD,2025-08-17 23:55:19,2026-03-21 09:55:19
C00385,Sophia Hall,sophia.hall385@example.com,0493302863,M,2026-04-29,Geelong,VIC,2026-04-27 01:55:40,2026-09-30 12:00:00
C00386,William Young,william.young386@example.com,0428436852,M,2025-12-17,Geelong,VIC,2026-01-26 16:19:26,2026-02-22 20:19:26
C00387,Grace Wright,grace.wright387@example.com,0475441993,F,2025-07-01,Adelaide,SA,2025-05-27 10:55:45,2025-08-27 12:55:45
C00388,Jack Brown,jack.brown388@example.com,0487346846,M,2026-05-17,Melbourne,VIC,2026-04-08 08:13:48,2026-09-30 12:00:00
C00389,Noah Anderson,noah.anderson389@example.com,0461447859,M,2025-02-08,Hobart,TAS,2026-03-21 20:27:25,2026-09-30 12:00:00
C00390,Ella Jackson,ella.jackson390@example.com,0412404661,Other,2025-01-05,Gold Coast,QLD,2025-01-15 10:48:53,2025-10-13 16:48:53
C00391,Mia White,mia.white391@example.com,0451086072,M,2025-03-08,Gold Coast,QLD,2025-11-16 04:06:24,2026-07-31 22:06:24
C00392,Olivia Martin,olivia.martin392@example.com,0468205561,Other,2025-05-18,Brisbane,QLD,2026-04-12 23:33:38,2026-09-30 12:00:00
C00393,Jack Allen,jack.allen393@example.com,0440657783,M,2025-05-15,Gold Coast,QLD,2025-07-12 05:58:58,2026-02-03 05:58:58
C00394,William Smith,william.smith394@example.com,0415014834,F,2025-09-19,Hobart,TAS,2026-06-01 05:07:23,2026-09-30 12:00:00
C00395,Ella Scott,ella.scott395@example.com,0416473999,Other,2025-04-29,Melbourne,VIC,2026-09-01 01:42:06,2026-09-30 12:00:00
C00396,Grace Hall,grace.hall396@example.com,0437581060,Other,2025-01-10,Perth,WA,2025-05-07 17:16:30,2026-05-01 21:16:30
C00397,Sophia Walker,sophia.walker397@example.com,0466213840,M,2026-06-08,Geelong,VIC,2026-06-17 08:39:38,2026-09-30 12:00:00
C00398,Amelia Taylor,amelia.taylor398@example.com,0445298445,Other,2025-07-26,Brisbane,QLD,2025-04-27 03:31:12,2026-03-04 09:31:12
C00399,Isla Walker,isla.walker399@example.com,0474513622,F,2025-08-29,Brisbane,QLD,2025-06-14 01:35:31,2025-09-28 23:35:31
C00400,James Smith,james.smith400@example.com,0478679929,M,2025-04-14,Geelong,VIC,2025-04-24 18:42:31,2025-07-09 20:42:31
C00401,Henry White,henry.white401@example.com,0415294153,F,2026-01-04,Adelaide,SA,2025-10-31 08:29:03,2025-12-21 13:29:03
C00402,Jack Walker,jack.walker402@example.com,0496865529,M,2025-12-03,Geelong,VIC,2025-04-08 01:00:54,2025-06-17 22:00:54
C00403,Isla Hall,isla.hall403@example.com,0425278272,F,2026-02-14,Hobart,TAS,2025-10-02 23:05:23,2026-03-27 04:05:23
C00404,Charlie Harris,charlie.harris404@example.com,0427785402,Other,2025-03-02,Perth,WA,2026-05-05 13:41:56,2026-07-29 16:41:56
C00405,Ava Taylor,ava.taylor405@example.com,0434328380,Other,2026-01-24,Perth,WA,2026-08-28 15:51:36,2026-09-30 12:00:00
C00406,Isla Scott,isla.scott406@example.com,0469148126,M,2025-03-06,Melbourne,VIC,2025-05-14 15:58:31,2025-07-11 04:58:31
C00407,Henry Thompson,henry.thompson407@example.com,0499904987,F,2026-06-16,Melbourne,VIC,2026-06-22 23:36:46,2026-09-30 12:00:00
C00408,Thomas Scott,thomas.scott408@example.com,0499081734,Other,2026-01-30,Geelong,VIC,2026-03-20 21:46:15,2026-09-30 12:00:00
C00409,Liam King,liam.king409@example.com,0472986894,F,2025-06-19,Hobart,TAS,2025-02-25 00:41:59,2025-05-16 16:41:59
C00410,Noah Allen,noah.allen410@example.com,0483886264,Other,2026-01-23,Gold Coast,QLD,2025-09-04 10:17:03,2026-05-21 17:17:03
C00411,Leo White,leo.white411@example.com,0476901651,F,2025-11-20,Geelong,VIC,2026-04-16 14:51:36,2026-09-30 12:00:00
C00412,Emma Allen,emma.allen412@example.com,0410022778,M,2026-09-11,Melbourne,VIC,2025-04-16 12:26:02,2026-01-27 05:26:02
C00413,Amelia Martin,amelia.martin413@example.com,0458767001,M,2025-08-17,Canberra,ACT,2026-07-30 06:41:42,2026-09-30 12:00:00
C00414,Charlie Thompson,charlie.thompson414@example.com,0470737878,M,2025-04-10,Canberra,ACT,2026-09-27 19:30:45,2026-09-30 12:00:00
C00415,Mia Smith,mia.smith415@example.com,0460182714,Other,2025-04-19,Gold Coast,QLD,2025-12-30 20:51:18,2026-09-30 12:00:00
C00416,Olivia Thomas,olivia.thomas416@example.com,0444130133,Other,2025-07-20,Adelaide,SA,2025-05-24 22:47:46,2025-12-20 01:47:46
C00417,William Taylor,william.taylor417@example.com,0455356673,M,2026-03-01,Perth,WA,2025-08-09 14:52:50,2025-11-15 12:52:50
C00418,Olivia Wright,olivia.wright418@example.com,0476951647,M,2026-06-28,Geelong,VIC,2026-04-07 14:42:37,2026-09-30 12:00:00
C00419,Olivia King,olivia.king419@example.com,0487652255,M,2025-05-12,Perth,WA,2026-08-23 15:59:32,2026-09-30 12:00:00
C00420,Emma Clark,emma.clark420@example.com,0491737749,Other,2025-09-12,Hobart,TAS,2026-09-13 10:32:56,2026-09-30 12:00:00
C00421,Henry Clark,henry.clark421@example.com,0490869462,Other,2026-06-09,Gold Coast,QLD,2025-10-29 14:51:08,2026-01-08 03:51:08
C00422,Sophia King,sophia.king422@example.com,0449000919,Other,2025-12-20,Gold Coast,QLD,2026-07-21 20:13:12,2026-09-30 12:00:00
C00423,Liam Thomas,liam.thomas423@example.com,0457276557,Other,2026-05-07,Canberra,ACT,2026-07-10 22:40:20,2026-09-30 12:00:00
C00424,Lucas Wright,lucas.wright424@example.com,0480159631,M,2025-01-26,Perth,WA,2026-07-01 09:56:54,2026-09-30 12:00:00
C00425,Leo Anderson,leo.anderson425@example.com,0443629729,M,2025-03-05,Melbourne,VIC,2025-02-27 06:17:48,2025-05-20 15:17:48
C00426,Sophia Jackson,sophia.jackson426@example.com,0485414925,M,2026-07-29,Canberra,ACT,2025-02-03 11:52:28,2025-03-28 06:52:28
C00427,Leo White,leo.white427@example.com,0465910573,Other,2025-11-17,Canberra,ACT,2025-10-22 22:42:03,2026-05-06 10:42:03
C00428,Ella Brown,ella.brown428@example.com,0440272606,Other,2026-01-12,Melbourne,VIC,2025-09-15 06:39:55,2026-09-30 12:00:00
C00429,Lucas King,lucas.king429@example.com,0419995059,M,2025-06-27,Hobart,TAS,2025-07-21 23:12:18,2026-03-08 04:12:18
C00430,Thomas Taylor,thomas.taylor430@example.com,0431599504,Other,2025-09-19,Perth,WA,2025-02-11 13:17:35,2025-06-26 17:17:35
C00431,James Thompson,james.thompson431@example.com,0416825701,Other,2026-09-23,Adelaide,SA,2025-06-08 01:09:59,2025-11-20 20:09:59
C00432,Sophia Allen,sophia.allen432@example.com,0480517332,M,2025-07-08,Hobart,TAS,2026-07-18 11:04:50,2026-09-30 12:00:00
C00433,Thomas Wilson,thomas.wilson433@example.com,0456896070,M,2025-08-07,Canberra,ACT,2025-06-13 13:34:34,2026-01-05 15:34:34
C00434,Jack Thompson,jack.thompson434@example.com,0485341065,Other,2025-01-10,Gold Coast,QLD,2025-10-28 06:48:39,2026-07-26 21:48:39
C00435,Emma Moore,emma.moore435@example.com,0415352233,Other,2025-11-25,Adelaide,SA,2025-09-04 20:39:58,2026-07-20 03:39:58
C00436,Leo Taylor,leo.taylor436@example.com,0460326016,Other,2026-06-05,Perth,WA,2025-09-20 17:46:18,2025-10-03 09:46:18
C00437,Charlie Allen,charlie.allen437@example.com,0422879054,M,2026-07-05,Melbourne,VIC,2025-10-31 20:12:20,2026-07-21 22:12:20
C00438,Ella Smith,ella.smith438@example.com,0466936428,M,2025-07-30,Geelong,VIC,2025-08-04 21:40:49,2025-11-22 18:40:49
C00439,Ella Walker,ella.walker439@example.com,0421746856,M,2025-02-25,Geelong,VIC,2025-06-07 00:29:45,2025-11-23 01:29:45
C00440,Ava Harris,ava.harris440@example.com,0462080854,F,2026-02-19,Canberra,ACT,2025-03-14 18:52:14,2025-07-25 07:52:14
C00441,Grace Thompson,grace.thompson441@example.com,0492993446,M,2026-08-23,Melbourne,VIC,2026-02-03 21:07:34,2026-02-07 17:07:34
C00442,Olivia Wilson,olivia.wilson442@example.com,0491411889,M,2025-10-16,Gold Coast,QLD,2026-05-30 03:18:50,2026-09-30 12:00:00
C00443,Charlie Clark,charlie.clark443@example.com,0462478133,Other,2025-10-30,Perth,WA,2025-02-01 15:10:34,2025-05-24 19:10:34
C00444,Liam Martin,liam.martin444@example.com,0415606696,M,2026-08-10,Gold Coast,QLD,2025-01-12 17:55:35,2025-03-25 20:55:35
C00445,Amelia Clark,amelia.clark445@example.com,0456150987,M,2026-02-27,Canberra,ACT,2026-07-15 02:19:13,2026-09-30 12:00:00
C00446,Thomas Anderson,thomas.anderson446@example.com,0425384377,M,2026-08-04,Sydney,NSW,2025-07-08 07:39:53,2025-11-14 13:39:53
C00447,Olivia King,olivia.king447@example.com,0423180503,M,2026-08-18,Adelaide,SA,2026-07-17 02:18:42,2026-08-20 10:18:42
C00448,Chloe Thompson,chloe.thompson448@example.com,0493150000,M,2025-07-18,Gold Coast,QLD,2025-05-12 21:41:15,2025-07-03 06:41:15
C00449,Jack Allen,jack.allen449@example.com,0430454105,Other,2026-08-04,Adelaide,SA,2025-12-03 19:42:19,2026-09-30 12:00:00
C00450,Isla Thompson,isla.thompson450@example.com,0496011893,F,2025-10-11,Perth,WA,2025-06-22 00:20:15,2025-10-13 22:20:15
C00451,Isla Anderson,isla.anderson451@example.com,0475360192,Other,2025-04-22,Gold Coast,QLD,2026-05-07 14:28:22,2026-09-30 12:00:00
C00452,Ava Scott,ava.scott452@example.com,0494103363,M,2025-03-19,Geelong,VIC,2025-10-15 04:57:34,2026-01-23 12:57:34
C00453,James Young,james.young453@example.com,0414919926,Other,2025-09-24,Melbourne,VIC,2026-08-19 18:25:49,2026-09-30 12:00:00
C00454,Ella King,ella.king454@example.com,0449057246,M,2026-04-21,Adelaide,SA,2025-06-02 11:25:14,2026-07-03 05:25:14
C00455,Thomas Young,thomas.young455@example.com,0492414513,Other,2025-06-19,Geelong,VIC,2026-02-11 11:32:00,2026-09-30 12:00:00
C00456,Thomas Anderson,thomas.anderson456@example.com,0474894729,F,2025-02-11,Adelaide,SA,2025-06-13 05:36:36,2026-05-16 09:36:36
C00457,Mia Allen,mia.allen457@example.com,0437752746,Other,2026-01-05,Parramatta,NSW,2025-03-06 08:23:14,2025-03-28 05:23:14
C00458,Leo Allen,leo.allen458@example.com,0479977486,Other,2025-10-08,Adelaide,SA,2025-02-17 01:41:20,2025-04-10 23:41:20
C00459,Henry Wright,henry.wright459@example.com,0488876916,Other,2025-03-21,Canberra,ACT,2026-08-07 05:24:41,2026-09-30 12:00:00
C00460,Thomas Harris,thomas.harris460@example.com,0474707720,Other,2025-01-07,Perth,WA,2025-08-17 16:25:22,2026-02-10 07:25:22
C00461,Thomas Anderson,thomas.anderson461@example.com,0438389345,M,2025-07-11,Adelaide,SA,2025-06-19 07:04:32,2026-05-14 15:04:32
C00462,Ava Moore,ava.moore462@example.com,0425212062,F,2026-05-06,Hobart,TAS,2025-05-02 21:14:26,2025-10-19 20:14:26
C00463,Chloe Jackson,chloe.jackson463@example.com,0415790734,M,2026-08-11,Hobart,TAS,2025-06-15 20:53:26,2025-06-27 03:53:26
C00464,Lucas Thomas,lucas.thomas464@example.com,0432325960,F,2025-07-04,Sydney,NSW,2026-06-09 01:57:36,2026-08-23 02:57:36
C00465,Thomas Clark,thomas.clark465@example.com,0498817918,F,2025-03-29,Hobart,TAS,2026-08-01 20:01:56,2026-09-30 12:00:00
C00466,William Hall,william.hall466@example.com,0429154498,Other,2025-07-06,Hobart,TAS,2026-04-28 15:10:14,2026-09-30 12:00:00
C00467,Amelia Young,amelia.young467@example.com,0489268452,M,2025-08-24,Brisbane,QLD,2025-06-21 23:43:21,2026-02-09 18:43:21
C00468,Leo Clark,leo.clark468@example.com,0466343932,M,2026-09-13,Sydney,NSW,2025-04-22 00:12:33,2026-01-05 21:12:33
C00469,Emma Thomas,emma.thomas469@example.com,0425772785,M,2026-05-09,Adelaide,SA,2026-09-22 19:02:56,2026-09-30 12:00:00
C00470,Liam Scott,liam.scott470@example.com,0459711219,M,2026-06-27,Canberra,ACT,2025-01-02 21:41:27,2025-09-27 10:41:27
C00471,Grace White,grace.white471@example.com,0487325627,M,2026-03-12,Adelaide,SA,2026-01-26 11:37:51,2026-09-30 12:00:00
C00472,Liam Harris,liam.harris472@example.com,0444601998,M,2025-01-06,Adelaide,SA,2025-08-27 02:18:38,2026-06-01 15:18:38
C00473,James Wright,james.wright473@example.com,0452399610,F,2026-01-06,Canberra,ACT,2025-05-01 16:00:24,2026-04-01 22:00:24
C00474,Emma Anderson,emma.anderson474@example.com,0485788756,F,2026-09-19,Perth,WA,2026-08-23 08:16:54,2026-09-30 12:00:00
C00475,Henry Clark,henry.clark475@example.com,0459689143,Other,2026-07-23,Parramatta,NSW,2026-02-28 17:50:35,2026-09-30 12:00:00
C00476,Chloe Harris,chloe.harris476@example.com,0428531242,Other,2025-05-02,Brisbane,QLD,2026-08-15 11:49:45,2026-09-30 12:00:00
C00477,Mia Hall,mia.hall477@example.com,0492413089,Other,2025-02-23,Sydney,NSW,2025-04-13 06:32:25,2025-10-03 23:32:25
C00478,Ava Clark,ava.clark478@example.com,0421830043,M,2025-09-27,Melbourne,VIC,2025-04-04 04:30:59,2026-02-05 17:30:59
C00479,Mia Moore,mia.moore479@example.com,0498070348,Other,2025-10-21,Geelong,VIC,2026-09-16 01:46:24,2026-09-30 12:00:00
C00480,Amelia Brown,amelia.brown480@example.com,0448387144,M,2025-02-04,Sydney,NSW,2026-05-22 14:00:12,2026-09-30 12:00:00
C00481,Amelia Young,amelia.young481@example.com,0442112480,Other,2025-01-01,Canberra,ACT,2025-08-26 19:10:43,2025-09-14 06:10:43
C00482,Ava Wilson,ava.wilson482@example.com,0436885204,Other,2025-01-16,Brisbane,QLD,2026-02-14 11:42:25,2026-09-10 05:42:25
C00483,Noah Wilson,noah.wilson483@example.com,0456637316,F,2025-08-20,Canberra,ACT,2025-10-19 23:53:35,2026-08-14 10:53:35
C00484,Amelia Jackson,amelia.jackson484@example.com,0477946127,M,2026-07-27,Adelaide,SA,2026-02-18 18:00:16,2026-05-19 07:00:16
C00485,Noah Young,noah.young485@example.com,0487160950,F,2026-03-30,Brisbane,QLD,2025-12-15 03:51:32,2026-04-25 20:51:32
C00486,Leo Wright,leo.wright486@example.com,0488762521,M,2026-05-09,Adelaide,SA,2025-09-07 10:49:29,2026-08-22 00:49:29
C00487,Emma Harris,emma.harris487@example.com,0440860700,F,2026-02-27,Geelong,VIC,2026-01-27 20:50:14,2026-09-30 12:00:00
C00488,Isla Young,isla.young488@example.com,0422483514,F,2025-12-17,Canberra,ACT,2025-01-10 22:53:16,2025-05-18 07:53:16
C00489,Noah King,noah.king489@example.com,0434532913,Other,2025-07-14,Sydney,NSW,2026-05-03 10:22:13,2026-09-30 12:00:00
C00490,Chloe Jackson,chloe.jackson490@example.com,0493026670,F,2025-06-09,Parramatta,NSW,2025-09-05 08:13:14,2025-12-17 15:13:14
C00491,Emma Taylor,emma.taylor491@example.com,0474732147,F,2026-09-28,Geelong,VIC,2026-05-20 19:00:48,2026-09-30 12:00:00
C00492,Jack Allen,jack.allen492@example.com,0463402482,M,2026-08-14,Hobart,TAS,2025-10-09 15:11:48,2026-06-27 23:11:48
C00493,Liam Brown,liam.brown493@example.com,0462843790,Other,2025-06-28,Canberra,ACT,2026-03-10 15:34:02,2026-09-30 12:00:00
C00494,Charlie Taylor,charlie.taylor494@example.com,0438286706,F,2026-08-18,Canberra,ACT,2026-04-17 10:44:00,2026-04-24 07:44:00
C00495,Emma Thompson,emma.thompson495@example.com,0446159360,F,2026-09-20,Gold Coast,QLD,2026-09-20 08:11:35,2026-09-30 12:00:00
C00496,Jack Moore,jack.moore496@example.com,0458999937,F,2025-10-14,Sydney,NSW,2026-05-26 13:13:26,2026-09-30 12:00:00
C00497,Charlie Thomas,charlie.thomas497@example.com,0446231955,M,2026-07-23,Hobart,TAS,2025-05-15 18:43:14,2025-07-06 17:43:14
C00498,Grace Clark,grace.clark498@example.com,0466575546,F,2025-05-18,Parramatta,NSW,2025-05-30 23:09:30,2025-06-04 04:09:30
C00499,Thomas King,thomas.king499@example.com,0463472598,M,2025-06-17,Gold Coast,QLD,2026-05-14 09:16:35,2026-09-30 12:00:00
C00500,Olivia Jackson,olivia.jackson500@example.com,0444865621,F,2026-01-04,Brisbane,QLD,2026-05-03 20:06:28,2026-09-30 12:00:00
C00501,Ella King,ella.king501@example.com,0491279039,M,2026-08-14,Brisbane,QLD,2025-12-19 00:26:07,2026-06-16 21:26:07
C00502,Lucas King,lucas.king502@example.com,0469985944,M,2026-01-26,Sydney,NSW,2025-10-19 11:20:43,2026-07-08 02:20:43
C00503,Amelia Martin,amelia.martin503@example.com,0494728082,Other,2026-08-09,Adelaide,SA,2025-05-29 05:40:51,2025-11-17 18:40:51
C00504,Leo Wilson,leo.wilson504@example.com,0449105187,Other,2025-10-01,Geelong,VIC,2025-06-15 10:14:20,2025-11-25 06:14:20
C00505,Amelia Clark,amelia.clark505@example.com,0465564671,M,2025-07-08,Brisbane,QLD,2026-04-01 11:47:37,2026-09-30 12:00:00
C00506,James Anderson,james.anderson506@example.com,0432402343,F,2025-04-16,Parramatta,NSW,2025-09-15 23:44:47,2025-10-26 05:44:47
C00507,Emma Wilson,emma.wilson507@example.com,0421173787,M,2025-09-26,Adelaide,SA,2026-07-16 01:01:49,2026-09-30 12:00:00
C00508,Amelia Anderson,amelia.anderson508@example.com,0469479985,Other,2025-05-10,Geelong,VIC,2026-02-04 09:14:15,2026-09-30 12:00:00
C00509,Liam Young,liam.young509@example.com,0472705646,Other,2025-10-06,Sydney,NSW,2025-01-30 01:42:22,2025-07-15 16:42:22
C00510,Ella Hall,ella.hall510@example.com,0495342494,Other,2026-03-22,Sydney,NSW,2026-07-07 05:37:38,2026-09-30 12:00:00
C00511,Thomas King,thomas.king511@example.com,0451321368,F,2026-02-27,Brisbane,QLD,2025-12-22 15:34:14,2026-02-06 05:34:14
C00512,Henry Anderson,henry.anderson512@example.com,0456155452,F,2026-04-26,Brisbane,QLD,2025-01-11 00:33:52,2026-02-03 04:33:52
C00513,Ella Smith,ella.smith513@example.com,0490128487,M,2025-01-08,Adelaide,SA,2026-05-04 09:00:49,2026-09-30 12:00:00
C00514,Ella Moore,ella.moore514@example.com,0496703417,F,2026-01-23,Parramatta,NSW,2026-02-26 17:27:25,2026-07-03 22:27:25
C00515,Mia Harris,mia.harris515@example.com,0446489118,F,2026-06-29,Geelong,VIC,2026-03-09 20:15:33,2026-09-30 12:00:00
C00516,Henry Walker,henry.walker516@example.com,0471115104,Other,2026-04-09,Parramatta,NSW,2025-03-12 05:08:18,2025-05-08 01:08:18
C00517,Henry Scott,henry.scott517@example.com,0412970357,M,2025-04-15,Adelaide,SA,2025-07-12 10:01:09,2025-08-07 03:01:09
C00518,Sophia Harris,sophia.harris518@example.com,0411976335,F,2025-08-11,Sydney,NSW,2026-03-25 23:00:14,2026-05-11 03:00:14
C00519,Jack Walker,jack.walker519@example.com,0420767361,M,2025-02-27,Brisbane,QLD,2026-05-26 11:29:44,2026-06-11 21:29:44
C00520,Henry Clark,henry.clark520@example.com,0411693222,M,2025-09-12,Geelong,VIC,2026-07-11 15:11:12,2026-09-30 12:00:00
C00521,Leo Hall,leo.hall521@example.com,0479946108,Other,2025-08-02,Parramatta,NSW,2025-02-04 06:29:47,2026-03-05 09:29:47
C00522,Chloe Clark,chloe.clark522@example.com,0483763371,Other,2025-05-06,Brisbane,QLD,2025-11-27 05:40:46,2025-12-19 04:40:46
C00523,Henry Allen,henry.allen523@example.com,0425157001,M,2026-03-21,Brisbane,QLD,2025-07-23 11:56:03,2026-06-29 17:56:03
C00524,Jack Smith,jack.smith524@example.com,0415636254,Other,2026-05-02,Sydney,NSW,2025-10-10 18:07:25,2026-02-11 18:07:25
C00525,Amelia Anderson,amelia.anderson525@example.com,0493033107,F,2025-03-03,Gold Coast,QLD,2025-04-02 07:10:31,2025-05-19 04:10:31
C00526,Olivia Moore,olivia.moore526@example.com,0484940527,Other,2025-12-22,Sydney,NSW,2026-07-04 03:08:31,2026-09-30 12:00:00
C00527,Charlie Jackson,charlie.jackson527@example.com,0475136149,Other,2026-03-25,Melbourne,VIC,2026-01-22 11:46:08,2026-05-30 12:46:08
C00528,Ella Martin,ella.martin528@example.com,0453443711,Other,2026-04-25,Canberra,ACT,2026-05-17 06:36:11,2026-09-30 12:00:00
C00529,Henry Scott,henry.scott529@example.com,0445346140,Other,2026-01-11,Canberra,ACT,2025-06-14 02:33:09,2026-01-30 11:33:09
C00530,Charlie Smith,charlie.smith530@example.com,0458865345,Other,2025-09-02,Canberra,ACT,2026-01-24 23:11:56,2026-02-03 18:11:56
C00531,Jack Wilson,jack.wilson531@example.com,0430687181,Other,2025-10-17,Canberra,ACT,2026-02-01 06:33:43,2026-09-30 12:00:00
C00532,Jack Walker,jack.walker532@example.com,0427418007,M,2025-02-02,Gold Coast,QLD,2025-04-24 03:33:42,2025-05-28 04:33:42
C00533,William Taylor,william.taylor533@example.com,0498304696,F,2026-06-23,Adelaide,SA,2025-07-16 03:02:36,2026-06-09 15:02:36
C00534,Amelia Wright,amelia.wright534@example.com,0411756387,M,2026-05-19,Brisbane,QLD,2025-02-20 11:14:38,2026-02-22 13:14:38
C00535,Noah Hall,noah.hall535@example.com,0417824896,Other,2025-09-30,Melbourne,VIC,2026-01-05 17:47:56,2026-08-06 04:47:56
C00536,Thomas Brown,thomas.brown536@example.com,0441006711,Other,2026-01-30,Geelong,VIC,2025-11-08 02:13:33,2025-12-27 05:13:33
C00537,William Jackson,william.jackson537@example.com,0484912498,F,2025-04-19,Canberra,ACT,2025-09-12 18:40:11,2026-06-25 17:40:11
C00538,Lucas Moore,lucas.moore538@example.com,0463896091,Other,2025-12-12,Adelaide,SA,2026-03-14 03:10:50,2026-06-14 20:10:50
C00539,Ava King,ava.king539@example.com,0459891348,F,2026-03-17,Hobart,TAS,2026-03-30 11:57:20,2026-09-30 12:00:00
C00540,Jack Scott,jack.scott540@example.com,0444103265,F,2026-04-09,Parramatta,NSW,2026-07-31 17:13:24,2026-09-30 12:00:00
C00541,Charlie Clark,charlie.clark541@example.com,0450512501,M,2025-11-04,Melbourne,VIC,2025-02-05 09:38:01,2025-10-28 13:38:01
C00542,Mia Jackson,mia.jackson542@example.com,0484668420,Other,2026-08-09,Gold Coast,QLD,2025-01-23 22:52:17,2025-11-03 14:52:17
C00543,Liam Taylor,liam.taylor543@example.com,0488135616,M,2025-08-27,Melbourne,VIC,2026-04-17 11:09:08,2026-08-30 22:09:08
C00544,Henry Martin,henry.martin544@example.com,0420361818,Other,2025-11-29,Geelong,VIC,2026-08-08 12:36:58,2026-09-30 12:00:00
C00545,Chloe Thomas,chloe.thomas545@example.com,0487347488,F,2025-03-22,Adelaide,SA,2026-08-14 03:38:41,2026-09-30 12:00:00
C00546,Olivia Thompson,,0497614538,Other,2025-01-12,Gold Coast,QLD,2026-03-21 13:59:55,2026-05-21 20:59:55
C00547,Leo Brown,leo.brown547@example.com,0453866598,Other,2025-08-15,Brisbane,QLD,2026-06-21 01:20:34,2026-09-30 12:00:00
C00548,Liam Brown,liam.brown548@example.com,0467973424,F,2026-02-08,Perth,WA,2026-04-02 19:36:32,2026-05-19 02:36:32
C00549,Liam Anderson,liam.anderson549@example.com,0463578549,F,2025-03-29,Gold Coast,QLD,2025-03-26 15:36:47,2025-04-21 08:36:47
C00550,Leo Young,leo.young550@example.com,0463058791,Other,2026-08-09,Perth,WA,2025-05-14 04:30:35,2025-08-23 19:30:35
C00551,William King,william.king551@example.com,0453407575,Other,2026-08-13,Hobart,TAS,2026-06-21 07:15:04,2026-09-30 12:00:00
C00552,Noah Taylor,noah.taylor552@example.com,0489708841,Other,2025-01-25,Perth,WA,2026-03-10 11:22:12,2026-08-21 22:22:12
C00553,Sophia Thomas,sophia.thomas553@example.com,0441338443,M,2026-01-18,Gold Coast,QLD,2026-09-24 14:39:09,2026-09-30 12:00:00
C00554,Liam Wilson,liam.wilson554@example.com,0411843251,F,2025-04-24,Geelong,VIC,2025-02-25 07:39:59,2025-05-11 16:39:59
C00555,Sophia Hall,sophia.hall555@example.com,0437353754,Other,2026-06-20,Adelaide,SA,2025-01-24 10:13:47,2025-10-26 16:13:47
C00556,Henry King,henry.king556@example.com,0412468064,F,2026-08-20,Adelaide,SA,2026-09-30 23:09:44,2026-09-30 12:00:00
C00557,Thomas Brown,thomas.brown557@example.com,0446410780,M,2026-04-22,Brisbane,QLD,2025-06-24 01:18:12,2026-06-15 20:18:12
C00558,James Wilson,james.wilson558@example.com,0424480943,M,2025-10-27,Perth,WA,2025-10-05 21:54:58,2026-09-08 08:54:58
C00559,Leo White,leo.white559@example.com,0490142265,Other,2025-04-01,Perth,WA,2026-06-05 22:06:57,2026-09-30 12:00:00
C00560,Ava Jackson,ava.jackson560@example.com,0443204410,Other,2025-11-09,Canberra,ACT,2026-04-14 17:59:45,2026-04-25 18:59:45
C00561,Jack Allen,jack.allen561@example.com,0493917080,F,2025-08-30,Perth,WA,2025-06-10 00:22:43,2025-12-07 11:22:43
C00562,Thomas Harris,thomas.harris562@example.com,0447606981,M,2025-06-05,Melbourne,VIC,2025-09-21 12:56:52,2025-10-07 05:56:52
C00563,Jack Clark,jack.clark563@example.com,0493956490,Other,2025-08-21,Sydney,NSW,2025-03-31 23:24:33,2026-03-14 18:24:33
C00564,Grace White,grace.white564@example.com,0470286467,Other,2025-05-15,Hobart,TAS,2025-06-06 13:19:58,2026-04-11 23:19:58
C00565,William Anderson,william.anderson565@example.com,0480303981,M,2026-03-17,Hobart,TAS,2026-07-09 21:51:12,2026-09-18 06:51:12
C00566,Liam Wright,liam.wright566@example.com,0434714210,F,2025-05-30,Sydney,NSW,2025-11-22 02:35:34,2026-09-30 12:00:00
C00567,James Thompson,james.thompson567@example.com,0446748299,M,2025-07-12,Perth,WA,2026-02-26 09:28:47,2026-09-30 12:00:00
C00568,Emma Anderson,emma.anderson568@example.com,0492189839,M,2026-09-03,Sydney,NSW,2025-01-27 19:39:17,2025-12-04 13:39:17
C00569,Mia White,mia.white569@example.com,0477420864,Other,2026-04-26,Melbourne,VIC,2026-01-03 02:44:49,2026-09-04 06:44:49
C00570,Isla Thomas,isla.thomas570@example.com,0414325777,F,2025-01-16,Perth,WA,2026-05-19 15:08:10,2026-08-25 22:08:10
C00571,Henry Walker,henry.walker571@example.com,0475759022,Other,2025-11-29,Parramatta,NSW,2025-07-27 06:04:11,2026-03-09 01:04:11
C00572,Charlie White,charlie.white572@example.com,0451996390,F,2026-09-19,Perth,WA,2026-02-19 01:38:47,2026-09-02 00:38:47
C00573,Lucas Scott,lucas.scott573@example.com,0424672184,F,2026-04-13,Canberra,ACT,2026-06-22 20:56:45,2026-07-12 12:56:45
C00574,Olivia White,olivia.white574@example.com,0479273350,Other,2025-02-20,Canberra,ACT,2026-07-05 12:47:02,2026-09-30 12:00:00
C00575,William Martin,william.martin575@example.com,0432345453,F,2025-10-29,Adelaide,SA,2026-02-12 09:49:52,2026-07-08 23:49:52
C00576,Amelia Brown,amelia.brown576@example.com,0477197151,M,2025-07-04,Canberra,ACT,2025-05-26 14:53:41,2026-01-12 16:53:41
C00577,Lucas King,lucas.king577@example.com,0470891997,Other,2025-07-26,Sydney,NSW,2026-02-07 13:20:28,2026-02-19 18:20:28
C00578,Charlie Wilson,charlie.wilson578@example.com,0426581824,M,2025-04-27,Brisbane,QLD,2025-11-28 22:41:58,2026-09-30 12:00:00
C00579,Charlie Moore,charlie.moore579@example.com,0431461370,F,2026-07-18,Geelong,VIC,2026-06-21 22:24:46,2026-09-30 12:00:00
C00580,Leo Brown,leo.brown580@example.com,0429408873,M,2025-02-22,Sydney,NSW,2025-12-10 18:55:42,2026-02-24 23:55:42
C00581,Grace Martin,grace.martin581@example.com,0437226295,M,2026-09-30,Brisbane,QLD,2026-04-02 09:40:11,2026-06-01 13:40:11
C00582,Henry Smith,henry.smith582@example.com,0476231992,M,2025-08-11,Adelaide,SA,2026-05-25 15:34:51,2026-05-28 10:34:51
C00583,Lucas Allen,lucas.allen583@example.com,0442844845,Other,2025-10-12,Adelaide,SA,2026-02-24 14:05:38,2026-09-30 12:00:00
C00584,Amelia King,amelia.king584@example.com,0414928616,M,2025-02-03,Parramatta,NSW,2025-02-20 05:09:03,2026-01-20 16:09:03
C00585,Lucas Scott,lucas.scott585@example.com,0431654047,Other,2025-10-19,Brisbane,QLD,2025-12-06 02:03:06,2026-07-07 07:03:06
C00586,Amelia Scott,amelia.scott586@example.com,0414810369,M,2025-11-03,Hobart,TAS,2026-07-30 05:29:47,2026-09-30 12:00:00
C00587,Jack Moore,jack.moore587@example.com,0473191967,M,2025-05-05,Perth,WA,2025-03-11 13:53:35,2025-04-13 22:53:35
C00588,Henry Thompson,henry.thompson588@example.com,0417809403,M,2026-08-09,Canberra,ACT,2026-02-28 16:13:44,2026-06-16 11:13:44
C00589,Thomas Wilson,thomas.wilson589@example.com,0444850980,Other,2026-08-12,Adelaide,SA,2026-09-12 22:18:27,2026-09-30 12:00:00
C00590,Amelia Moore,amelia.moore590@example.com,0476805681,F,2025-07-04,Sydney,NSW,2026-09-22 18:31:33,2026-09-30 12:00:00
C00591,Amelia White,amelia.white591@example.com,0425827722,Other,2025-08-01,Brisbane,QLD,2025-07-18 00:07:01,2026-03-13 20:07:01
C00592,Amelia Walker,,0411516293,Other,2025-07-26,Perth,WA,2025-02-16 10:22:35,2026-01-08 16:22:35
C00593,Sophia Harris,sophia.harris593@example.com,0425278911,Other,2025-12-08,Geelong,VIC,2025-11-12 09:32:35,2026-04-26 09:32:35
C00594,Jack Clark,jack.clark594@example.com,0455357116,Other,2026-05-06,Hobart,TAS,2026-09-23 00:53:11,2026-09-30 12:00:00
C00595,Chloe Brown,chloe.brown595@example.com,0472071682,F,2025-02-27,Sydney,NSW,2026-05-09 04:40:29,2026-09-30 12:00:00
C00596,Thomas Martin,thomas.martin596@example.com,0454522609,F,2025-03-09,Hobart,TAS,2025-11-20 17:34:01,2026-03-07 11:34:01
C00597,Liam Harris,liam.harris597@example.com,0491294213,F,2025-07-11,Melbourne,VIC,2025-12-14 12:40:34,2026-03-09 06:40:34
C00598,Amelia Taylor,amelia.taylor598@example.com,0476713516,M,2026-01-16,Brisbane,QLD,2025-11-19 22:02:17,2026-06-19 00:02:17
C00599,Charlie Martin,charlie.martin599@example.com,0437125189,M,2026-03-31,Parramatta,NSW,2026-06-22 09:11:07,2026-09-30 12:00:00
C00600,Thomas Smith,thomas.smith600@example.com,0480280155,F,2025-12-02,Adelaide,SA,2026-05-28 04:12:21,2026-09-30 12:00:00
C00601,Liam Taylor,liam.taylor601@example.com,0480107942,M,2025-01-05,Canberra,ACT,2025-05-16 06:46:02,2026-01-06 18:46:02
C00602,Sophia Brown,sophia.brown602@example.com,0479870757,Other,2025-11-16,Hobart,TAS,2025-03-31 10:29:56,2025-04-23 13:29:56
C00603,James Wright,james.wright603@example.com,0481440849,F,2026-03-28,Brisbane,QLD,2025-08-03 10:12:12,2025-12-27 18:12:12
C00604,Emma Harris,emma.harris604@example.com,0478996054,M,2025-07-31,Sydney,NSW,2025-06-11 08:07:00,2026-04-26 01:07:00
C00605,Ella Moore,ella.moore605@example.com,0442859865,M,2025-03-14,Canberra,ACT,2025-11-23 08:09:45,2026-04-18 02:09:45
C00606,Sophia Scott,sophia.scott606@example.com,0416772091,M,2026-01-28,Gold Coast,QLD,2026-07-08 14:03:08,2026-07-23 05:03:08
C00607,Olivia Wilson,olivia.wilson607@example.com,0469839130,Other,2025-12-31,Perth,WA,2026-02-06 05:45:38,2026-09-30 12:00:00
C00608,Sophia Thompson,sophia.thompson608@example.com,0486207390,M,2025-04-06,Parramatta,NSW,2026-07-01 02:59:48,2026-09-30 12:00:00
C00609,Charlie Taylor,charlie.taylor609@example.com,0473155598,M,2025-08-18,Adelaide,SA,2025-11-14 21:41:45,2026-09-30 12:00:00
C00610,Liam Scott,liam.scott610@example.com,0453588695,F,2026-05-15,Brisbane,QLD,2026-01-08 12:11:44,2026-09-30 12:00:00
C00611,James Wilson,james.wilson611@example.com,0456790372,Other,2026-08-12,Adelaide,SA,2025-04-26 11:30:29,2025-07-22 20:30:29
C00612,Liam Young,liam.young612@example.com,0497167893,M,2025-11-06,Geelong,VIC,2026-02-20 22:50:06,2026-08-06 15:50:06
C00613,Ella Hall,ella.hall613@example.com,0431343341,F,2026-01-29,Perth,WA,2026-08-28 13:15:39,2026-09-30 12:00:00
C00614,Noah Thompson,noah.thompson614@example.com,0483085160,Other,2025-08-30,Parramatta,NSW,2026-08-29 13:50:27,2026-09-30 12:00:00
C00615,Ava Wilson,ava.wilson615@example.com,0484502610,M,2026-04-01,Hobart,TAS,2026-05-14 03:37:38,2026-09-30 12:00:00
C00616,Ava Martin,ava.martin616@example.com,0453943990,F,2025-03-04,Perth,WA,2025-03-13 19:06:43,2026-01-13 07:06:43
C00617,Noah Jackson,noah.jackson617@example.com,0498701999,M,2026-04-09,Sydney,NSW,2026-08-18 20:51:00,2026-09-30 12:00:00
C00618,Ella Martin,ella.martin618@example.com,0452493026,F,2026-08-07,Perth,WA,2026-09-23 18:28:12,2026-09-30 12:00:00
C00619,Sophia Walker,sophia.walker619@example.com,0427120235,F,2025-03-05,Gold Coast,QLD,2025-04-02 18:00:39,2025-12-20 06:00:39
C00620,Isla King,isla.king620@example.com,0447877483,M,2025-08-29,Melbourne,VIC,2025-01-01 22:35:52,2025-07-04 01:35:52
C00621,Grace Wright,grace.wright621@example.com,0483164605,M,2025-06-27,Perth,WA,2025-11-22 22:24:25,2026-06-06 11:24:25
C00622,Chloe Anderson,chloe.anderson622@example.com,0430705405,F,2025-05-09,Parramatta,NSW,2026-07-23 12:53:59,2026-09-30 12:00:00
C00623,Liam Smith,liam.smith623@example.com,0468617594,M,2025-03-28,Geelong,VIC,2025-01-17 04:46:56,2025-09-24 01:46:56
C00624,Liam Walker,liam.walker624@example.com,0466925051,Other,2026-04-06,Adelaide,SA,2026-09-11 13:39:11,2026-09-30 12:00:00
C00625,Leo Moore,leo.moore625@example.com,0441776042,Other,2026-05-29,Parramatta,NSW,2025-07-10 13:38:00,2026-05-02 04:38:00
C00626,Henry Walker,henry.walker626@example.com,0459469782,M,2026-08-18,Canberra,ACT,2026-08-14 11:02:02,2026-09-30 12:00:00
C00627,Chloe Wilson,chloe.wilson627@example.com,0491882291,M,2025-09-09,Sydney,NSW,2026-06-24 08:29:33,2026-08-04 00:29:33
C00628,Chloe Wilson,chloe.wilson628@example.com,0411447323,F,2026-04-10,Canberra,ACT,2026-08-17 09:39:03,2026-09-30 12:00:00
C00629,Thomas Allen,thomas.allen629@example.com,0432482565,M,2026-09-04,Hobart,TAS,2025-12-06 13:22:51,2026-05-05 22:22:51
C00630,Sophia Wright,sophia.wright630@example.com,0416928303,Other,2025-10-26,Brisbane,QLD,2025-03-04 20:30:37,2025-05-30 14:30:37
C00631,Amelia Smith,amelia.smith631@example.com,0443829709,M,2026-09-23,Brisbane,QLD,2026-05-12 02:08:32,2026-06-20 10:08:32
C00632,Henry Harris,henry.harris632@example.com,0430285078,Other,2026-04-03,Brisbane,QLD,2025-01-15 23:07:38,2025-04-15 17:07:38
C00633,Isla Thomas,isla.thomas633@example.com,0456016278,M,2025-05-29,Brisbane,QLD,2025-08-30 15:11:51,2026-05-27 16:11:51
C00634,Amelia Anderson,amelia.anderson634@example.com,0495573823,M,2025-08-04,Adelaide,SA,2026-02-27 12:15:42,2026-09-30 12:00:00
C00635,Lucas Moore,lucas.moore635@example.com,0473918769,F,2026-05-03,Melbourne,VIC,2025-09-28 03:03:10,2026-05-23 15:03:10
C00636,Ella White,ella.white636@example.com,0411592230,F,2026-04-05,Perth,WA,2026-02-04 15:16:09,2026-09-30 12:00:00
C00637,Leo Thompson,leo.thompson637@example.com,0467953319,Other,2025-10-07,Canberra,ACT,2025-02-12 03:58:34,2026-01-04 14:58:34
C00638,Jack Harris,jack.harris638@example.com,0442453439,Other,2026-08-26,Brisbane,QLD,2025-04-11 08:41:37,2025-10-28 22:41:37
C00639,William Young,william.young639@example.com,0419120357,M,2026-02-26,Gold Coast,QLD,2025-07-04 10:35:00,2026-06-13 10:35:00
C00640,Emma Young,emma.young640@example.com,0435914696,M,2025-01-25,Geelong,VIC,2026-04-02 11:14:46,2026-08-25 19:14:46
C00641,Amelia Wilson,amelia.wilson641@example.com,0495642035,M,2025-05-03,Melbourne,VIC,2026-09-01 21:57:53,2026-09-30 12:00:00
C00642,Noah Scott,noah.scott642@example.com,0434799223,M,2025-07-08,Sydney,NSW,2026-01-20 21:48:57,2026-09-30 12:00:00
C00643,Henry Martin,henry.martin643@example.com,0499600963,F,2025-09-21,Adelaide,SA,2025-03-19 20:29:59,2025-08-08 09:29:59
C00644,Ava Wilson,ava.wilson644@example.com,0445522715,M,2026-03-28,Brisbane,QLD,2025-03-05 12:24:21,2025-04-04 20:24:21
C00645,Noah Allen,noah.allen645@example.com,0429310253,Other,2026-03-18,Parramatta,NSW,2026-09-17 12:11:41,2026-09-30 12:00:00
C00646,William Scott,william.scott646@example.com,0419450582,Other,2025-09-14,Geelong,VIC,2026-03-29 22:16:06,2026-04-16 00:16:06
C00647,Charlie Smith,charlie.smith647@example.com,0462409851,F,2025-06-05,Adelaide,SA,2025-06-02 20:40:00,2025-06-22 17:40:00
C00648,Jack Clark,jack.clark648@example.com,0468526669,F,2025-03-13,Hobart,TAS,2025-01-04 16:45:49,2025-09-13 07:45:49
C00649,Ella White,ella.white649@example.com,0486134185,Other,2026-01-03,Melbourne,VIC,2026-01-29 22:52:49,2026-09-30 12:00:00
C00650,Jack Martin,jack.martin650@example.com,0455642455,M,2026-04-16,Perth,WA,2025-02-26 20:41:05,2025-09-02 13:41:05
C00651,Sophia Jackson,sophia.jackson651@example.com,0462358969,M,2026-01-03,Sydney,NSW,2026-07-22 01:24:42,2026-09-30 12:00:00
C00652,Chloe Wilson,chloe.wilson652@example.com,0489583788,M,2026-05-16,Adelaide,SA,2025-07-14 04:02:12,2025-07-27 03:02:12
C00653,Leo Wilson,leo.wilson653@example.com,0414971784,F,2025-02-27,Canberra,ACT,2025-11-12 15:34:53,2026-06-30 15:34:53
C00654,Jack Brown,jack.brown654@example.com,0471521428,Other,2026-07-04,Perth,WA,2025-05-02 06:51:41,2026-04-08 22:51:41
C00655,Liam Wright,liam.wright655@example.com,0412558593,F,2026-09-26,Parramatta,NSW,2025-03-15 01:47:09,2025-11-20 21:47:09
C00656,Olivia White,olivia.white656@example.com,0471228059,Other,2025-06-24,Sydney,NSW,2025-01-15 05:40:03,2025-06-21 08:40:03
C00657,Lucas Wilson,lucas.wilson657@example.com,0418470495,M,2026-03-13,Geelong,VIC,2025-04-27 15:38:51,2026-03-08 22:38:51
C00658,Jack Clark,jack.clark658@example.com,0438619492,M,2026-08-31,Gold Coast,QLD,2025-05-04 21:36:34,2025-07-14 07:36:34
C00659,Ava Thompson,ava.thompson659@example.com,0459650807,Other,2025-06-18,Geelong,VIC,2025-05-04 08:09:48,2025-12-02 13:09:48
C00660,Charlie White,charlie.white660@example.com,0460483455,M,2025-01-17,Hobart,TAS,2025-02-11 04:06:50,2025-12-31 23:06:50
C00661,Chloe Wilson,chloe.wilson661@example.com,0489689161,F,2026-03-03,Melbourne,VIC,2025-01-08 05:59:05,2026-01-05 01:59:05
C00662,Chloe Anderson,chloe.anderson662@example.com,0442112095,M,2026-09-18,Parramatta,NSW,2025-05-27 20:17:33,2026-01-13 09:17:33
C00663,Olivia Scott,olivia.scott663@example.com,0456688115,F,2025-01-05,Sydney,NSW,2026-05-27 19:05:40,2026-09-30 12:00:00
C00664,Ella White,ella.white664@example.com,0478120967,M,2026-04-21,Parramatta,NSW,2025-05-01 16:06:39,2025-11-03 09:06:39
C00665,William Harris,william.harris665@example.com,0476775311,M,2025-06-13,Melbourne,VIC,2025-07-18 03:50:09,2026-07-03 18:50:09
C00666,Olivia Brown,olivia.brown666@example.com,0470820445,M,2025-04-17,Gold Coast,QLD,2025-10-19 06:27:16,2026-04-09 01:27:16
C00667,Olivia King,olivia.king667@example.com,0441581408,Other,2026-04-01,Sydney,NSW,2025-06-11 00:31:32,2025-08-09 02:31:32
C00668,Lucas Wright,lucas.wright668@example.com,0424781783,F,2025-08-22,Gold Coast,QLD,2026-03-06 06:47:43,2026-08-19 13:47:43
C00669,Emma White,emma.white669@example.com,0488529753,F,2025-02-25,Perth,WA,2025-07-24 12:57:14,2025-08-31 03:57:14
C00670,Grace Anderson,grace.anderson670@example.com,0471436848,Other,2025-07-18,Parramatta,NSW,2026-09-17 14:11:24,2026-09-30 12:00:00
C00671,Isla Harris,isla.harris671@example.com,0447662052,M,2025-04-24,Parramatta,NSW,2025-12-10 04:02:44,2026-09-27 05:02:44
C00672,Charlie Hall,charlie.hall672@example.com,0431043745,Other,2026-09-19,Perth,WA,2025-06-25 10:14:56,2025-11-24 05:14:56
C00673,Ava Wright,ava.wright673@example.com,0439050434,Other,2026-04-30,Canberra,ACT,2025-08-24 02:26:54,2026-05-18 17:26:54
C00674,Charlie Harris,charlie.harris674@example.com,0468283876,Other,2025-08-16,Melbourne,VIC,2026-03-15 23:55:15,2026-07-20 09:55:15
C00675,Lucas Anderson,lucas.anderson675@example.com,0477674770,M,2026-03-12,Hobart,TAS,2025-01-06 13:02:02,2025-09-04 12:02:02
C00676,Thomas Clark,thomas.clark676@example.com,0411667385,Other,2026-02-21,Adelaide,SA,2025-04-11 14:31:15,2025-05-24 07:31:15
C00677,William Anderson,william.anderson677@example.com,0499796439,F,2025-06-15,Gold Coast,QLD,2025-10-30 07:41:05,2025-11-07 22:41:05
C00678,Charlie Wright,charlie.wright678@example.com,0464406548,M,2026-01-15,Hobart,TAS,2025-01-25 14:29:49,2025-04-06 12:29:49
C00679,Charlie Smith,charlie.smith679@example.com,0467163632,F,2026-09-20,Geelong,VIC,2026-01-30 22:21:33,2026-02-16 07:21:33
C00680,Ella Wright,ella.wright680@example.com,0479086760,Other,2026-01-08,Parramatta,NSW,2025-03-24 19:56:21,2026-04-04 20:56:21
C00681,Olivia Taylor,olivia.taylor681@example.com,0433523992,Other,2026-07-27,Perth,WA,2026-01-10 14:39:02,2026-07-17 01:39:02
C00682,Noah King,noah.king682@example.com,0474222305,Other,2026-08-18,Parramatta,NSW,2025-05-22 10:15:34,2025-07-20 06:15:34
C00683,William White,william.white683@example.com,0417309497,M,2026-01-17,Gold Coast,QLD,2025-12-28 08:32:43,2026-08-01 16:32:43
C00684,Isla Hall,isla.hall684@example.com,0481391010,Other,2026-06-30,Adelaide,SA,2026-05-29 16:53:07,2026-09-30 12:00:00
C00685,Sophia Hall,sophia.hall685@example.com,0471454824,M,2025-03-24,Hobart,TAS,2026-01-12 21:44:51,2026-02-15 03:44:51
C00686,Leo Thomas,leo.thomas686@example.com,0429858055,F,2025-06-04,Brisbane,QLD,2025-03-20 03:10:17,2025-05-17 01:10:17
C00687,William Young,william.young687@example.com,0456533319,F,2026-03-31,Melbourne,VIC,2025-10-28 13:43:34,2026-01-04 04:43:34
C00688,James Martin,james.martin688@example.com,0496526415,F,2026-02-26,Parramatta,NSW,2025-03-06 00:55:51,2025-07-02 16:55:51
C00689,Lucas Thompson,lucas.thompson689@example.com,0469761289,F,2025-11-08,Gold Coast,QLD,2026-05-13 18:42:44,2026-09-30 12:00:00
C00690,Lucas Anderson,lucas.anderson690@example.com,0416351040,M,2025-12-28,Brisbane,QLD,2025-06-25 08:14:30,2026-01-01 17:14:30
C00691,Sophia Hall,sophia.hall691@example.com,0433536332,Other,2025-06-07,Sydney,NSW,2026-09-26 05:45:34,2026-09-30 12:00:00
C00692,Ava White,ava.white692@example.com,0459616555,M,2025-07-30,Geelong,VIC,2025-02-12 10:36:08,2025-09-25 18:36:08
C00693,Ella Brown,ella.brown693@example.com,0481624345,F,2025-05-05,Gold Coast,QLD,2025-12-19 04:23:28,2026-09-21 09:23:28
C00694,James Clark,james.clark694@example.com,0483302419,Other,2025-12-06,Adelaide,SA,2025-05-29 14:59:20,2025-08-16 14:59:20
C00695,Sophia Allen,sophia.allen695@example.com,0469338400,F,2025-04-26,Brisbane,QLD,2026-08-11 21:09:51,2026-09-30 12:00:00
C00696,Chloe Brown,chloe.brown696@example.com,0439576862,F,2026-01-01,Sydney,NSW,2026-07-19 03:19:01,2026-09-30 12:00:00
C00697,Noah Thompson,noah.thompson697@example.com,0447302753,M,2025-01-24,Melbourne,VIC,2026-09-15 20:12:37,2026-09-30 12:00:00
C00698,Noah King,noah.king698@example.com,0490956358,Other,2026-06-08,Adelaide,SA,2025-03-31 16:25:12,2025-12-08 02:25:12
C00699,Olivia Moore,olivia.moore699@example.com,0460040550,M,2025-10-19,Perth,WA,2025-06-01 22:54:27,2025-12-08 10:54:27
C00700,Isla Moore,isla.moore700@example.com,0465782199,F,2025-10-23,Brisbane,QLD,2026-04-02 17:05:13,2026-09-30 12:00:00
C00701,Ava Walker,ava.walker701@example.com,0450698994,F,2026-06-22,Perth,WA,2025-05-23 18:38:05,2025-08-05 00:38:05
C00702,Jack Wilson,jack.wilson702@example.com,0465635129,M,2026-07-24,Hobart,TAS,2026-01-20 02:00:26,2026-09-30 12:00:00
C00703,Charlie Wright,charlie.wright703@example.com,0475845287,M,2025-11-06,Sydney,NSW,2025-07-24 05:53:24,2025-12-19 22:53:24
C00704,Lucas Martin,lucas.martin704@example.com,0430672747,F,2025-11-04,Adelaide,SA,2026-07-27 23:29:14,2026-08-09 23:29:14
C00705,Chloe Taylor,chloe.taylor705@example.com,0442849824,M,2025-05-03,Brisbane,QLD,2026-03-04 05:31:58,2026-09-30 12:00:00
C00706,Henry Allen,henry.allen706@example.com,0468528124,F,2026-05-03,Geelong,VIC,2026-09-06 23:23:37,2026-09-30 12:00:00
C00707,Emma Moore,emma.moore707@example.com,0417853132,M,2025-11-24,Canberra,ACT,2026-08-13 00:54:16,2026-09-30 12:00:00
C00708,Charlie Anderson,charlie.anderson708@example.com,0457779407,M,2025-10-24,Gold Coast,QLD,2025-06-17 01:17:23,2026-01-17 21:17:23
C00709,Sophia Young,sophia.young709@example.com,0490364540,M,2026-07-11,Geelong,VIC,2026-06-11 06:49:40,2026-09-12 09:49:40
C00710,Jack Thompson,jack.thompson710@example.com,0481728681,Other,2025-12-27,Brisbane,QLD,2025-10-05 21:44:44,2026-04-09 00:44:44
C00711,Liam Smith,liam.smith711@example.com,0455676049,M,2025-04-15,Sydney,NSW,2026-06-15 09:23:49,2026-09-30 12:00:00
C00712,William Anderson,william.anderson712@example.com,0480551927,Other,2026-07-19,Canberra,ACT,2025-08-15 06:50:57,2026-05-29 01:50:57
C00713,Emma Walker,emma.walker713@example.com,0456735943,F,2026-01-07,Adelaide,SA,2025-03-20 03:52:08,2025-03-28 18:52:08
C00714,Liam Hall,liam.hall714@example.com,0425917805,M,2025-05-12,Hobart,TAS,2026-06-20 10:11:45,2026-09-30 12:00:00
C00715,Liam White,liam.white715@example.com,0424995099,M,2025-01-20,Brisbane,QLD,2025-05-09 06:08:05,2025-12-13 04:08:05
C00716,Chloe Walker,chloe.walker716@example.com,0489614758,M,2026-04-26,Melbourne,VIC,2025-07-21 03:02:50,2026-06-23 19:02:50
C00717,Emma Harris,emma.harris717@example.com,0426615289,Other,2025-07-30,Melbourne,VIC,2025-03-09 09:42:00,2026-03-30 12:42:00
C00718,Lucas Jackson,lucas.jackson718@example.com,0487812909,F,2025-12-27,Sydney,NSW,2025-12-26 00:05:09,2026-09-30 12:00:00
C00719,Ava Young,ava.young719@example.com,0411876942,Other,2025-08-11,Hobart,TAS,2025-09-05 16:36:04,2025-10-26 10:36:04
C00720,William Martin,william.martin720@example.com,0473715236,F,2026-08-27,Sydney,NSW,2026-07-05 00:46:06,2026-09-30 12:00:00
C00721,Ava Hall,ava.hall721@example.com,0440541809,F,2025-04-26,Geelong,VIC,2025-07-05 11:24:27,2025-10-23 03:24:27
C00722,Jack Taylor,jack.taylor722@example.com,0448691113,Other,2025-02-11,Adelaide,SA,2025-04-23 16:08:31,2026-05-19 03:08:31
C00723,Noah Thompson,noah.thompson723@example.com,0451876858,Other,2026-03-31,Adelaide,SA,2025-04-29 12:18:29,2026-03-03 11:18:29
C00724,Mia King,mia.king724@example.com,0459317149,M,2025-01-14,Perth,WA,2025-10-25 13:12:54,2025-11-30 04:12:54
C00725,Chloe Taylor,chloe.taylor725@example.com,0429242468,F,2026-02-15,Perth,WA,2026-03-25 16:42:43,2026-05-07 19:42:43
C00726,Lucas Taylor,lucas.taylor726@example.com,0464262755,M,2025-08-27,Sydney,NSW,2025-03-08 11:12:21,2025-06-19 06:12:21
C00727,Grace Allen,grace.allen727@example.com,0457794571,F,2026-09-10,Brisbane,QLD,2026-08-19 18:17:48,2026-09-30 12:00:00
C00728,Leo Allen,leo.allen728@example.com,0443647023,F,2026-05-25,Canberra,ACT,2025-10-13 04:49:29,2025-12-07 07:49:29
C00729,Mia Anderson,mia.anderson729@example.com,0413590174,M,2026-01-27,Melbourne,VIC,2025-04-12 23:03:53,2025-05-17 14:03:53
C00730,Amelia Thompson,amelia.thompson730@example.com,0498728736,Other,2026-05-20,Sydney,NSW,2025-11-07 19:39:06,2026-09-30 12:00:00
C00731,Charlie Jackson,charlie.jackson731@example.com,0482548572,Other,2025-01-19,Brisbane,QLD,2026-05-25 15:32:16,2026-09-30 12:00:00
C00732,Olivia Walker,olivia.walker732@example.com,0471694016,M,2025-02-03,Geelong,VIC,2026-01-28 14:20:54,2026-08-09 04:20:54
C00733,Ava King,ava.king733@example.com,0462221499,F,2025-04-23,Brisbane,QLD,2025-06-18 15:27:08,2025-11-25 13:27:08
C00734,Lucas Allen,lucas.allen734@example.com,0478006116,M,2026-02-05,Canberra,ACT,2026-07-07 18:30:30,2026-09-30 12:00:00
C00735,Henry Allen,henry.allen735@example.com,0453014471,M,2025-01-29,Hobart,TAS,2026-01-22 19:43:22,2026-09-30 12:00:00
C00736,Lucas Brown,lucas.brown736@example.com,0493906615,F,2026-01-25,Sydney,NSW,2026-01-11 11:51:47,2026-09-30 12:00:00
C00737,Emma Walker,emma.walker737@example.com,0443234179,M,2025-11-16,Gold Coast,QLD,2026-01-01 13:22:03,2026-09-30 12:00:00
C00738,Lucas Wilson,lucas.wilson738@example.com,0453770661,M,2026-04-17,Geelong,VIC,2025-11-09 03:21:10,2025-11-19 20:21:10
C00739,Grace Wright,grace.wright739@example.com,0412984525,F,2026-01-22,Canberra,ACT,2026-03-08 08:01:44,2026-09-30 12:00:00
C00740,Lucas Clark,lucas.clark740@example.com,0437636546,F,2026-05-24,Gold Coast,QLD,2026-08-10 03:51:31,2026-09-30 12:00:00
C00741,Thomas Thompson,thomas.thompson741@example.com,0495287876,M,2026-07-03,Sydney,NSW,2026-09-22 09:23:27,2026-09-30 12:00:00
C00742,William Martin,william.martin742@example.com,0422342371,Other,2026-08-16,Brisbane,QLD,2025-02-18 09:36:25,2025-06-14 04:36:25
C00743,Emma Wright,emma.wright743@example.com,0467325182,M,2025-12-22,Gold Coast,QLD,2025-10-07 02:36:51,2026-07-05 17:36:51
C00744,Noah Martin,noah.martin744@example.com,0465608317,F,2025-09-15,Canberra,ACT,2025-11-04 13:42:34,2026-04-13 19:42:34
C00745,Amelia Young,amelia.young745@example.com,0479286427,M,2026-08-14,Adelaide,SA,2026-07-15 05:56:01,2026-09-30 12:00:00
C00746,Chloe Jackson,chloe.jackson746@example.com,0485982862,Other,2025-03-03,Adelaide,SA,2025-10-02 20:34:51,2026-08-13 09:34:51
C00747,Thomas Jackson,thomas.jackson747@example.com,0450302318,F,2026-02-25,Gold Coast,QLD,2026-04-19 04:15:09,2026-09-30 12:00:00
C00748,Jack Wilson,jack.wilson748@example.com,0444419684,Other,2026-09-08,Parramatta,NSW,2026-02-27 08:52:18,2026-09-30 12:00:00
C00749,Mia Clark,mia.clark749@example.com,0472298460,F,2026-07-28,Parramatta,NSW,2025-04-27 04:12:01,2025-08-30 13:12:01
C00750,Grace Walker,grace.walker750@example.com,0447281925,Other,2026-07-18,Melbourne,VIC,2025-07-26 05:17:08,2025-08-09 13:17:08
C00751,Ava Brown,ava.brown751@example.com,0490745350,F,2025-03-07,Adelaide,SA,2025-01-21 01:55:57,2025-03-04 11:55:57
C00752,Grace Moore,grace.moore752@example.com,0486634749,Other,2026-05-28,Geelong,VIC,2026-02-11 23:53:08,2026-06-12 02:53:08
C00753,Emma Young,emma.young753@example.com,0490506654,M,2025-11-17,Hobart,TAS,2026-06-22 08:31:56,2026-08-07 15:31:56
C00754,Jack Wright,jack.wright754@example.com,0438737174,F,2026-03-27,Perth,WA,2025-08-30 13:13:09,2025-10-23 18:13:09
C00755,Grace Harris,grace.harris755@example.com,0452478561,Other,2026-03-10,Hobart,TAS,2025-02-27 15:34:23,2026-02-20 18:34:23
C00756,Chloe White,chloe.white756@example.com,0412828532,Other,2026-09-13,Brisbane,QLD,2025-05-29 11:30:45,2025-12-03 20:30:45
C00757,Olivia Brown,olivia.brown757@example.com,0458701586,Other,2025-05-05,Parramatta,NSW,2025-09-17 17:24:19,2026-08-11 15:24:19
C00758,Ella White,ella.white758@example.com,0422113193,M,2025-11-01,Adelaide,SA,2026-02-02 00:58:25,2026-06-12 09:58:25
C00759,William Thomas,william.thomas759@example.com,0420750109,F,2026-04-28,Adelaide,SA,2025-11-21 20:26:50,2025-12-09 04:26:50
C00760,Grace Thompson,grace.thompson760@example.com,0457225359,F,2026-09-09,Perth,WA,2025-04-13 05:44:16,2025-12-28 07:44:16
C00761,Ella Thompson,ella.thompson761@example.com,0469512807,Other,2025-05-20,Adelaide,SA,2025-01-29 01:41:41,2025-05-03 21:41:41
C00762,James Clark,james.clark762@example.com,0443501223,Other,2025-05-14,Parramatta,NSW,2025-11-09 10:36:05,2026-01-04 15:36:05
C00763,Amelia Walker,amelia.walker763@example.com,0433283960,Other,2026-08-31,Gold Coast,QLD,2026-04-08 15:55:47,2026-06-15 23:55:47
C00764,Jack Martin,jack.martin764@example.com,0486556525,M,2025-01-22,Parramatta,NSW,2025-03-28 13:23:11,2025-10-16 01:23:11
C00765,James King,james.king765@example.com,0432650041,M,2026-02-15,Hobart,TAS,2025-08-23 02:29:12,2026-01-05 00:29:12
C00766,Amelia Walker,amelia.walker766@example.com,0425750520,M,2026-06-23,Hobart,TAS,2025-09-24 04:05:23,2025-12-20 22:05:23
C00767,Grace Hall,grace.hall767@example.com,0448649601,Other,2026-05-22,Adelaide,SA,2025-05-02 07:45:13,2025-08-07 15:45:13
C00768,Leo Anderson,leo.anderson768@example.com,0435415894,F,2025-07-04,Perth,WA,2025-07-31 19:13:52,2025-12-23 18:13:52
C00769,Grace Anderson,grace.anderson769@example.com,0459611937,Other,2026-04-15,Melbourne,VIC,2025-10-25 08:15:39,2026-06-12 15:15:39
C00770,Noah Smith,noah.smith770@example.com,0461471888,Other,2026-03-10,Adelaide,SA,2025-05-17 10:44:25,2026-05-03 16:44:25
C00771,Amelia Harris,amelia.harris771@example.com,0473207479,F,2026-09-13,Geelong,VIC,2025-04-08 17:03:03,2025-09-26 00:03:03
C00772,Amelia Brown,amelia.brown772@example.com,0459781518,M,2026-07-27,Melbourne,VIC,2025-09-17 16:39:24,2026-02-19 04:39:24
C00773,Olivia Wright,olivia.wright773@example.com,0427705940,M,2025-11-21,Sydney,NSW,2025-09-24 05:32:31,2026-03-16 19:32:31
C00774,Thomas Walker,thomas.walker774@example.com,0447715268,Other,2026-01-05,Sydney,NSW,2025-09-24 03:20:02,2025-11-28 18:20:02
C00775,Grace Martin,grace.martin775@example.com,0452351453,Other,2026-05-19,Brisbane,QLD,2026-09-20 08:33:20,2026-09-30 12:00:00
C00776,Liam King,liam.king776@example.com,0414813349,F,2025-09-24,Adelaide,SA,2025-02-24 06:09:03,2025-06-21 11:09:03
C00777,Ava Hall,ava.hall777@example.com,0485276619,F,2026-04-14,Perth,WA,2025-04-29 15:02:28,2025-10-29 13:02:28
C00778,Chloe Taylor,chloe.taylor778@example.com,0432588172,Other,2026-06-05,Sydney,NSW,2025-05-07 11:05:13,2025-09-29 16:05:13
C00779,Henry Wright,henry.wright779@example.com,0434235540,F,2025-03-20,Hobart,TAS,2025-08-06 18:00:33,2026-09-03 12:00:33
C00780,Mia Allen,mia.allen780@example.com,0462904575,F,2026-08-28,Geelong,VIC,2025-12-03 00:18:43,2026-09-30 12:00:00
C00781,Emma Thompson,emma.thompson781@example.com,0474405060,F,2025-10-03,Sydney,NSW,2025-01-30 02:29:53,2026-01-27 23:29:53
C00782,Amelia Smith,amelia.smith782@example.com,0486391152,M,2025-08-05,Gold Coast,QLD,2025-02-14 20:39:28,2025-07-31 19:39:28
C00783,Olivia Martin,olivia.martin783@example.com,0422421986,F,2025-09-19,Gold Coast,QLD,2025-02-26 23:04:35,2026-01-01 11:04:35
C00784,Ava White,ava.white784@example.com,0464008708,F,2025-06-07,Perth,WA,2025-04-02 00:54:13,2025-06-24 12:54:13
C00785,Emma Martin,emma.martin785@example.com,0491002225,M,2026-01-03,Adelaide,SA,2026-03-19 23:51:58,2026-08-25 20:51:58
C00786,Emma Moore,emma.moore786@example.com,0446034695,Other,2026-09-07,Canberra,ACT,2025-07-24 15:28:56,2026-02-08 06:28:56
C00787,Grace Wilson,grace.wilson787@example.com,0422475197,M,2026-06-10,Perth,WA,2026-01-13 19:11:27,2026-09-30 12:00:00
C00788,Jack Hall,jack.hall788@example.com,0421270276,F,2026-04-25,Parramatta,NSW,2025-06-08 15:33:40,2026-05-06 07:33:40
C00789,Grace Wilson,grace.wilson789@example.com,0480208227,F,2025-10-30,Adelaide,SA,2025-11-04 04:08:43,2026-04-06 11:08:43
C00790,Lucas Brown,lucas.brown790@example.com,0465434526,M,2026-04-21,Canberra,ACT,2025-03-20 01:32:06,2025-12-06 14:32:06
C00791,Lucas Harris,lucas.harris791@example.com,0425292162,Other,2026-04-19,Gold Coast,QLD,2025-09-18 18:05:49,2026-06-02 18:05:49
C00792,Ava Thomas,ava.thomas792@example.com,0452137166,Other,2026-04-11,Perth,WA,2025-02-16 02:26:56,2026-02-11 11:26:56
C00793,Charlie Scott,charlie.scott793@example.com,0491074604,F,2025-04-19,Brisbane,QLD,2025-12-16 05:13:11,2026-01-26 04:13:11
C00794,Grace King,grace.king794@example.com,0474037945,F,2026-02-19,Melbourne,VIC,2025-01-06 12:07:00,2025-04-04 08:07:00
C00795,Amelia Allen,amelia.allen795@example.com,0463015631,F,2025-03-31,Brisbane,QLD,2026-09-26 19:23:44,2026-09-30 12:00:00
C00796,Liam Anderson,liam.anderson796@example.com,0413599088,M,2026-05-08,Melbourne,VIC,2025-07-15 03:52:01,2026-07-06 09:52:01
C00797,Liam White,liam.white797@example.com,0429886456,F,2026-03-09,Perth,WA,2026-07-06 06:05:19,2026-09-30 12:00:00
C00798,James Taylor,james.taylor798@example.com,0412634395,F,2026-08-23,Sydney,NSW,2025-06-06 23:44:28,2026-02-10 14:44:28
C00799,Mia Jackson,mia.jackson799@example.com,0494612181,Other,2026-03-19,Brisbane,QLD,2026-08-07 12:03:21,2026-08-11 15:03:21
C00800,Grace Allen,grace.allen800@example.com,0463644191,F,2026-06-10,Hobart,TAS,2026-09-03 23:35:18,2026-09-22 14:35:18
C00801,Lucas Scott,lucas.scott801@example.com,0487363548,F,2026-07-21,Adelaide,SA,2025-08-26 22:03:33,2025-09-05 11:03:33
C00802,Noah Harris,noah.harris802@example.com,0470173215,Other,2026-03-23,Perth,WA,2026-04-30 03:31:39,2026-09-30 12:00:00
C00803,James Thomas,james.thomas803@example.com,0439487949,Other,2025-12-14,Brisbane,QLD,2025-07-16 15:22:28,2025-11-12 07:22:28
C00804,Amelia Hall,amelia.hall804@example.com,0497577092,Other,2026-01-04,Sydney,NSW,2025-10-28 23:45:24,2026-05-30 20:45:24
C00805,Chloe Thomas,chloe.thomas805@example.com,0474812367,M,2025-06-27,Hobart,TAS,2025-08-01 09:44:47,2025-09-15 06:44:47
C00806,William Thomas,william.thomas806@example.com,0441503438,M,2026-07-25,Hobart,TAS,2026-05-19 03:50:26,2026-09-30 12:00:00
C00807,Olivia Smith,olivia.smith807@example.com,0414290941,M,2025-12-12,Gold Coast,QLD,2025-09-25 11:43:10,2025-12-24 03:43:10
C00808,Grace Taylor,grace.taylor808@example.com,0455677542,F,2025-02-17,Hobart,TAS,2025-08-21 03:35:14,2026-04-27 11:35:14
C00809,Ella Harris,ella.harris809@example.com,0468764105,F,2025-04-24,Sydney,NSW,2026-06-12 19:42:06,2026-09-30 12:00:00
C00810,Emma Scott,emma.scott810@example.com,0494547252,M,2025-07-30,Hobart,TAS,2025-04-15 17:02:32,2025-06-07 22:02:32
C00811,Isla Thomas,isla.thomas811@example.com,0496851348,F,2025-12-09,Brisbane,QLD,2026-03-29 16:31:46,2026-05-18 20:31:46
C00812,Liam Taylor,liam.taylor812@example.com,0473574016,F,2025-10-21,Parramatta,NSW,2026-03-26 13:49:49,2026-03-29 20:49:49
C00813,Thomas Thomas,thomas.thomas813@example.com,0494482060,Other,2025-09-09,Geelong,VIC,2025-09-30 11:45:48,2026-04-30 22:45:48
C00814,Liam Young,liam.young814@example.com,0471572793,Other,2026-01-06,Perth,WA,2025-08-22 04:51:27,2026-03-21 17:51:27
C00815,James Hall,james.hall815@example.com,0455406344,F,2026-02-16,Sydney,NSW,2025-01-11 22:51:33,2025-02-16 00:51:33
C00816,Ava Walker,ava.walker816@example.com,0487115770,M,2026-06-17,Melbourne,VIC,2026-02-07 01:42:59,2026-09-30 12:00:00
C00817,Sophia Walker,sophia.walker817@example.com,0411060619,F,2026-06-25,Perth,WA,2026-07-21 09:46:47,2026-09-30 12:00:00
C00818,Amelia Anderson,amelia.anderson818@example.com,0492971716,Other,2026-03-29,Perth,WA,2026-04-02 20:13:56,2026-09-30 12:00:00
C00819,Isla Clark,isla.clark819@example.com,0426912191,Other,2026-07-08,Parramatta,NSW,2025-11-05 02:02:34,2026-04-25 14:02:34
C00820,Sophia Jackson,sophia.jackson820@example.com,0431478506,M,2025-01-29,Geelong,VIC,2026-06-08 17:19:33,2026-09-30 12:00:00
C00821,Ella Wright,ella.wright821@example.com,0418045780,F,2025-09-23,Brisbane,QLD,2025-09-05 09:46:27,2026-05-21 12:46:27
C00822,Thomas Moore,thomas.moore822@example.com,0410699730,F,2025-12-14,Geelong,VIC,2025-02-18 20:07:28,2025-07-21 14:07:28
C00823,Mia Wright,mia.wright823@example.com,0499512805,Other,2026-08-10,Hobart,TAS,2026-07-01 19:14:22,2026-09-30 12:00:00
C00824,Liam Clark,liam.clark824@example.com,0458488507,F,2025-04-11,Canberra,ACT,2025-09-11 03:20:33,2026-07-06 09:20:33
C00825,Liam Walker,liam.walker825@example.com,0438827874,F,2025-03-21,Perth,WA,2025-03-25 02:03:27,2025-05-30 17:03:27
C00826,Isla Young,isla.young826@example.com,0488423925,F,2026-03-10,Perth,WA,2026-08-26 17:33:49,2026-09-30 12:00:00
C00827,Charlie Allen,charlie.allen827@example.com,0471433172,M,2026-06-10,Perth,WA,2025-06-16 04:32:08,2026-02-20 02:32:08
C00828,Thomas Taylor,thomas.taylor828@example.com,0459570909,M,2026-09-09,Parramatta,NSW,2026-04-12 15:02:47,2026-07-02 08:02:47
C00829,Grace Taylor,grace.taylor829@example.com,0425803092,F,2025-11-09,Geelong,VIC,2026-01-14 18:18:02,2026-09-30 12:00:00
C00830,Isla Martin,isla.martin830@example.com,0466607262,M,2025-11-09,Brisbane,QLD,2026-05-13 00:50:09,2026-07-24 18:50:09
C00831,Sophia Jackson,sophia.jackson831@example.com,0415997180,F,2026-05-08,Sydney,NSW,2026-05-16 00:07:35,2026-09-30 12:00:00
C00832,Lucas Martin,lucas.martin832@example.com,0491296981,M,2025-05-22,Hobart,TAS,2026-04-09 10:50:24,2026-09-30 12:00:00
C00833,Thomas Hall,thomas.hall833@example.com,0493855267,Other,2026-02-24,Adelaide,SA,2026-04-05 04:55:46,2026-09-18 06:55:46
C00834,Leo White,leo.white834@example.com,0447228655,Other,2025-04-01,Perth,WA,2025-12-14 17:02:42,2026-07-29 16:02:42
C00835,Ava Smith,ava.smith835@example.com,0421428912,M,2026-09-26,Hobart,TAS,2025-11-13 17:41:07,2026-09-30 12:00:00
C00836,Ella Wright,ella.wright836@example.com,0412505049,M,2026-06-29,Melbourne,VIC,2026-08-07 16:12:48,2026-09-30 12:00:00
C00837,Ava Smith,ava.smith837@example.com,0421361254,Other,2026-09-14,Brisbane,QLD,2025-07-30 07:53:45,2026-05-22 21:53:45
C00838,Jack Clark,jack.clark838@example.com,0468655485,M,2026-03-01,Hobart,TAS,2025-02-16 15:55:59,2025-02-28 01:55:59
C00839,James Young,james.young839@example.com,0432569515,F,2025-05-28,Gold Coast,QLD,2026-01-27 08:05:07,2026-03-19 01:05:07
C00840,Ava Harris,ava.harris840@example.com,0492473495,F,2025-07-05,Geelong,VIC,2025-06-07 09:26:43,2025-09-01 10:26:43
C00841,James Brown,james.brown841@example.com,0444619354,F,2025-05-04,Brisbane,QLD,2026-02-04 03:20:09,2026-09-03 13:20:09
C00842,Olivia Jackson,olivia.jackson842@example.com,0461680358,M,2025-10-03,Parramatta,NSW,2026-09-04 18:15:31,2026-09-30 12:00:00
C00843,Olivia Thompson,olivia.thompson843@example.com,0495032473,M,2025-01-20,Adelaide,SA,2026-07-21 13:04:30,2026-08-05 02:04:30
C00844,Henry King,henry.king844@example.com,0450884443,Other,2026-02-21,Hobart,TAS,2025-04-14 07:48:35,2026-03-13 11:48:35
C00845,Charlie Wilson,charlie.wilson845@example.com,0482146810,F,2026-07-23,Canberra,ACT,2025-07-28 04:23:34,2025-10-22 11:23:34
C00846,Charlie Brown,charlie.brown846@example.com,0418076555,F,2025-10-07,Melbourne,VIC,2026-04-21 19:18:41,2026-07-15 19:18:41
C00847,Amelia Harris,amelia.harris847@example.com,0416104857,M,2026-07-01,Perth,WA,2025-12-26 20:13:37,2026-09-14 05:13:37
C00848,Lucas Wilson,lucas.wilson848@example.com,0484689357,F,2026-03-19,Brisbane,QLD,2025-04-02 12:44:07,2025-06-13 11:44:07
C00849,William Scott,william.scott849@example.com,0470762792,F,2025-09-09,Canberra,ACT,2025-11-22 21:21:40,2026-04-05 19:21:40
C00850,Jack Thompson,jack.thompson850@example.com,0496764149,M,2026-09-16,Parramatta,NSW,2026-04-16 19:21:01,2026-09-30 12:00:00
C00851,Chloe Smith,chloe.smith851@example.com,0475629343,F,2026-07-06,Melbourne,VIC,2025-06-27 13:35:57,2026-06-19 11:35:57
C00852,Noah Wilson,noah.wilson852@example.com,0460516391,Other,2026-01-02,Canberra,ACT,2025-02-01 21:28:43,2025-04-06 08:28:43
C00853,Leo Thomas,leo.thomas853@example.com,0411256721,M,2025-01-21,Melbourne,VIC,2025-05-08 14:23:59,2025-08-15 04:23:59
C00854,Henry Moore,henry.moore854@example.com,0441441568,F,2026-01-07,Parramatta,NSW,2025-04-03 19:40:19,2026-04-06 02:40:19
C00855,Olivia Harris,,0424890990,F,2026-08-06,Adelaide,SA,2026-09-13 06:00:12,2026-09-30 12:00:00
C00856,Thomas Allen,thomas.allen856@example.com,0490929605,Other,2025-06-29,Sydney,NSW,2026-07-20 06:42:47,2026-09-30 12:00:00
C00857,Noah Wright,noah.wright857@example.com,0480206603,Other,2025-10-08,Sydney,NSW,2025-03-08 04:16:59,2025-12-24 11:16:59
C00858,William Smith,william.smith858@example.com,0467326334,Other,2025-02-23,Canberra,ACT,2026-09-22 08:43:35,2026-09-30 12:00:00
C00859,Jack Walker,jack.walker859@example.com,0458515929,Other,2025-02-14,Perth,WA,2025-10-08 03:43:33,2026-06-03 18:43:33
C00860,Mia Brown,mia.brown860@example.com,0436119862,F,2025-03-25,Brisbane,QLD,2026-03-07 17:28:20,2026-03-10 05:28:20
C00861,Lucas Smith,lucas.smith861@example.com,0454187782,F,2025-03-06,Parramatta,NSW,2026-03-10 02:58:15,2026-06-18 07:58:15
C00862,Emma Smith,emma.smith862@example.com,0443609390,M,2025-04-21,Adelaide,SA,2026-03-19 00:37:51,2026-09-30 12:00:00
C00863,Chloe White,chloe.white863@example.com,0490525899,Other,2026-03-26,Gold Coast,QLD,2025-02-25 10:33:50,2025-06-26 12:33:50
C00864,Emma Hall,emma.hall864@example.com,0452047653,Other,2025-03-08,Hobart,TAS,2025-05-08 02:03:58,2025-05-25 14:03:58
C00865,Liam Brown,liam.brown865@example.com,0423667066,Other,2025-02-27,Adelaide,SA,2025-02-26 09:39:40,2025-10-05 11:39:40
C00866,Ella Brown,ella.brown866@example.com,0441287760,Other,2025-01-11,Brisbane,QLD,2026-01-26 12:06:39,2026-09-30 12:00:00
C00867,Charlie Clark,charlie.clark867@example.com,0413485913,F,2026-06-14,Adelaide,SA,2026-03-15 19:39:06,2026-09-05 15:39:06
C00868,Jack Wright,jack.wright868@example.com,0489575878,M,2026-08-10,Parramatta,NSW,2025-04-21 03:00:38,2026-04-21 05:00:38
C00869,Liam Young,liam.young869@example.com,0434954217,M,2025-05-21,Brisbane,QLD,2025-12-30 13:30:46,2026-09-30 12:00:00
C00870,Olivia Brown,olivia.brown870@example.com,0451766978,Other,2026-07-09,Sydney,NSW,2025-11-16 18:27:32,2026-09-30 12:00:00
C00871,Liam Anderson,liam.anderson871@example.com,0479481912,Other,2025-05-29,Adelaide,SA,2025-11-13 19:21:18,2026-05-20 19:21:18
C00872,Olivia White,olivia.white872@example.com,0495973808,M,2025-03-12,Canberra,ACT,2026-07-27 01:27:22,2026-09-30 12:00:00
C00873,Jack Jackson,jack.jackson873@example.com,0455051587,Other,2025-11-03,Adelaide,SA,2026-04-24 19:44:21,2026-09-30 12:00:00
C00874,Grace Thompson,grace.thompson874@example.com,0439448158,M,2025-08-17,Sydney,NSW,2025-04-18 14:56:50,2025-05-10 05:56:50
C00875,Mia Hall,mia.hall875@example.com,0460454028,M,2026-02-14,Hobart,TAS,2025-08-07 07:30:47,2026-09-04 17:30:47
C00876,Ava Smith,ava.smith876@example.com,0429112869,F,2026-03-27,Gold Coast,QLD,2025-01-11 02:22:01,2025-10-22 05:22:01
C00877,William Wright,william.wright877@example.com,0439386305,F,2025-06-28,Gold Coast,QLD,2025-02-14 00:12:12,2025-07-09 05:12:12
C00878,Jack King,jack.king878@example.com,0412817734,Other,2025-05-21,Parramatta,NSW,2025-07-02 06:01:11,2025-11-13 09:01:11
C00879,Leo Taylor,leo.taylor879@example.com,0498705666,M,2026-06-24,Gold Coast,QLD,2025-08-04 09:29:15,2026-02-09 20:29:15
C00880,Amelia Walker,amelia.walker880@example.com,0435727027,Other,2026-01-23,Geelong,VIC,2025-05-02 04:56:59,2025-07-07 10:56:59
C00881,Isla Thompson,isla.thompson881@example.com,0488829544,M,2026-07-03,Hobart,TAS,2026-03-16 20:15:58,2026-04-09 15:15:58
C00882,Sophia Anderson,sophia.anderson882@example.com,0478218774,Other,2026-05-16,Gold Coast,QLD,2025-09-11 01:40:50,2026-02-01 05:40:50
C00883,William Wilson,william.wilson883@example.com,0478338099,F,2026-05-26,Adelaide,SA,2026-09-22 02:10:32,2026-09-30 12:00:00
C00884,Thomas Hall,thomas.hall884@example.com,0476409861,F,2025-10-02,Sydney,NSW,2025-11-26 22:23:33,2026-09-30 12:00:00
C00885,Lucas Clark,lucas.clark885@example.com,0441458567,F,2025-08-12,Hobart,TAS,2025-02-07 06:14:57,2025-05-21 20:14:57
C00886,Sophia Walker,sophia.walker886@example.com,0483893835,M,2025-05-18,Perth,WA,2026-08-09 05:59:53,2026-09-30 12:00:00
C00887,Noah Martin,noah.martin887@example.com,0478754653,Other,2025-12-11,Adelaide,SA,2026-06-16 11:14:37,2026-07-08 01:14:37
C00888,Grace Hall,grace.hall888@example.com,0446644052,F,2025-01-26,Adelaide,SA,2026-03-19 13:23:51,2026-09-30 12:00:00
C00889,Ava Hall,ava.hall889@example.com,0477345747,Other,2026-07-14,Parramatta,NSW,2025-09-29 20:04:22,2025-11-11 05:04:22
C00890,Noah Harris,noah.harris890@example.com,0436884696,F,2025-07-21,Parramatta,NSW,2025-04-11 03:04:23,2025-04-30 20:04:23
C00891,Jack Harris,jack.harris891@example.com,0482897088,F,2025-01-09,Brisbane,QLD,2025-10-09 06:45:38,2025-12-19 04:45:38
C00892,Sophia Martin,sophia.martin892@example.com,0411595945,F,2026-06-09,Gold Coast,QLD,2026-02-18 12:52:37,2026-09-30 12:00:00
C00893,Liam Clark,liam.clark893@example.com,0479232906,Other,2026-07-20,Parramatta,NSW,2025-08-21 23:47:13,2026-04-21 06:47:13
C00894,Charlie Hall,charlie.hall894@example.com,0466061116,M,2026-03-26,Gold Coast,QLD,2025-03-29 10:54:12,2025-11-04 08:54:12
C00895,Charlie King,charlie.king895@example.com,0411299382,F,2025-12-30,Melbourne,VIC,2026-01-19 04:36:55,2026-03-25 13:36:55
C00896,Jack White,jack.white896@example.com,0482155988,F,2025-11-30,Perth,WA,2026-03-12 21:48:25,2026-09-30 12:00:00
C00897,Lucas Smith,lucas.smith897@example.com,0490933663,Other,2026-08-11,Hobart,TAS,2025-02-02 04:09:21,2025-11-20 00:09:21
C00898,Leo Clark,leo.clark898@example.com,0424581193,F,2026-08-07,Parramatta,NSW,2026-02-05 02:34:24,2026-05-12 17:34:24
C00899,Charlie Martin,charlie.martin899@example.com,0490982133,F,2025-01-28,Geelong,VIC,2025-06-25 03:43:35,2025-09-23 04:43:35
C00900,Ava Jackson,ava.jackson900@example.com,0480383199,M,2026-04-11,Geelong,VIC,2026-01-31 09:13:14,2026-06-30 06:13:14
C00901,Olivia Moore,olivia.moore901@example.com,0431076941,M,2025-05-13,Canberra,ACT,2025-01-12 05:20:55,2025-08-10 17:20:55
C00902,Ella Walker,ella.walker902@example.com,0437605500,F,2026-03-19,Adelaide,SA,2025-03-12 12:57:55,2025-06-25 16:57:55
C00903,Chloe Thomas,chloe.thomas903@example.com,0471600090,F,2025-07-26,Hobart,TAS,2026-08-12 09:37:12,2026-09-30 12:00:00
C00904,James Anderson,james.anderson904@example.com,0454143064,Other,2026-05-18,Adelaide,SA,2025-03-07 12:38:51,2025-07-12 04:38:51
C00905,Charlie Hall,charlie.hall905@example.com,0456544270,Other,2025-11-01,Hobart,TAS,2025-02-10 23:05:18,2026-01-07 13:05:18
C00906,Leo Scott,leo.scott906@example.com,0467992341,F,2026-01-29,Sydney,NSW,2026-03-02 07:11:57,2026-09-30 12:00:00
C00907,Ava Wright,ava.wright907@example.com,0494299900,Other,2025-10-26,Geelong,VIC,2026-02-07 22:02:15,2026-04-29 06:02:15
C00908,Noah Jackson,noah.jackson908@example.com,0477698729,F,2026-02-24,Adelaide,SA,2026-02-26 17:07:23,2026-04-06 20:07:23
C00909,Charlie Thomas,charlie.thomas909@example.com,0495747226,Other,2026-04-18,Brisbane,QLD,2025-08-01 16:02:29,2025-08-14 18:02:29
C00910,Leo Thompson,leo.thompson910@example.com,0428318112,F,2026-04-21,Perth,WA,2025-07-19 12:02:00,2025-11-24 15:02:00
C00911,Chloe Hall,chloe.hall911@example.com,0428824809,F,2025-10-13,Geelong,VIC,2025-03-26 17:42:15,2026-03-27 07:42:15
C00912,Ava Thomas,ava.thomas912@example.com,0462458932,M,2025-03-21,Melbourne,VIC,2026-09-14 03:11:18,2026-09-30 12:00:00
C00913,James Harris,james.harris913@example.com,0481443936,M,2026-03-29,Sydney,NSW,2026-03-28 11:11:13,2026-09-30 12:00:00
C00914,Olivia Young,olivia.young914@example.com,0410626224,M,2026-01-22,Geelong,VIC,2026-02-04 22:19:28,2026-03-03 17:19:28
C00915,William White,william.white915@example.com,0411954205,F,2025-07-16,Gold Coast,QLD,2025-09-02 06:05:01,2026-04-05 06:05:01
C00916,Noah White,noah.white916@example.com,0424453078,F,2025-11-27,Geelong,VIC,2025-06-21 23:10:02,2026-01-20 15:10:02
C00917,Ella Jackson,ella.jackson917@example.com,0438693064,M,2026-01-01,Hobart,TAS,2025-08-01 17:25:27,2025-10-02 00:25:27
C00918,Jack Thomas,jack.thomas918@example.com,0471575863,M,2025-03-09,Melbourne,VIC,2026-02-16 20:20:00,2026-09-04 02:20:00
C00919,Henry Scott,henry.scott919@example.com,0490378849,F,2025-04-15,Gold Coast,QLD,2025-02-14 02:56:13,2025-09-12 11:56:13
C00920,Ella Wright,ella.wright920@example.com,0462152370,Other,2025-05-17,Sydney,NSW,2025-09-15 03:38:20,2026-08-05 01:38:20
C00921,Jack Thomas,jack.thomas921@example.com,0470251890,F,2026-06-08,Gold Coast,QLD,2026-05-09 02:21:01,2026-09-30 12:00:00
C00922,Mia Young,mia.young922@example.com,0451452961,M,2026-03-15,Hobart,TAS,2025-01-14 07:01:39,2026-02-06 10:01:39
C00923,Mia Scott,mia.scott923@example.com,0430356881,F,2025-07-29,Geelong,VIC,2025-03-03 04:23:31,2025-08-01 10:23:31
C00924,Olivia White,olivia.white924@example.com,0452619317,Other,2025-02-10,Hobart,TAS,2026-03-31 23:56:21,2026-06-08 07:56:21
C00925,Thomas Walker,thomas.walker925@example.com,0442514108,M,2026-07-07,Brisbane,QLD,2025-01-25 07:54:46,2025-07-13 17:54:46
C00926,Olivia White,olivia.white926@example.com,0494527978,M,2025-03-08,Parramatta,NSW,2026-09-15 12:33:20,2026-09-30 12:00:00
C00927,Chloe Wilson,chloe.wilson927@example.com,0433310374,Other,2026-07-17,Parramatta,NSW,2025-02-23 20:09:13,2025-04-28 22:09:13
C00928,William White,william.white928@example.com,0436512868,M,2026-03-11,Canberra,ACT,2025-03-22 13:46:29,2025-08-28 18:46:29
C00929,Ava Scott,ava.scott929@example.com,0446488536,F,2025-03-23,Parramatta,NSW,2025-11-07 09:36:28,2026-09-28 15:36:28
C00930,Isla Clark,isla.clark930@example.com,0468174055,M,2026-05-09,Perth,WA,2025-06-21 15:28:27,2026-03-07 10:28:27
C00931,James Clark,james.clark931@example.com,0433581963,F,2026-01-25,Perth,WA,2025-03-27 09:38:34,2025-06-14 02:38:34
C00932,Charlie Martin,charlie.martin932@example.com,0454725929,M,2026-04-26,Adelaide,SA,2025-10-18 12:35:38,2026-06-21 14:35:38
C00933,William Anderson,william.anderson933@example.com,0460232033,F,2026-02-19,Parramatta,NSW,2025-01-05 00:55:32,2026-01-13 23:55:32
C00934,Grace Clark,grace.clark934@example.com,0464866540,M,2025-05-08,Gold Coast,QLD,2026-01-29 15:19:41,2026-09-30 12:00:00
C00935,Leo Wright,leo.wright935@example.com,0456785439,Other,2026-05-16,Sydney,NSW,2025-07-18 13:16:49,2026-08-07 12:16:49
C00936,Isla Brown,isla.brown936@example.com,0458508204,Other,2025-01-29,Perth,WA,2026-03-11 23:15:15,2026-09-30 12:00:00
C00937,Liam Harris,liam.harris937@example.com,0487623721,Other,2025-06-15,Hobart,TAS,2026-04-12 21:09:16,2026-08-17 16:09:16
C00938,James Taylor,james.taylor938@example.com,0435343427,F,2025-06-19,Geelong,VIC,2026-01-29 12:45:37,2026-03-12 04:45:37
C00939,Grace Harris,grace.harris939@example.com,0451336223,Other,2026-02-26,Brisbane,QLD,2026-05-28 17:42:56,2026-09-30 12:00:00
C00940,Noah Taylor,noah.taylor940@example.com,0463414658,Other,2025-11-12,Hobart,TAS,2025-12-19 04:17:47,2026-04-06 03:17:47
C00941,James Thomas,,0480459205,F,2025-10-23,Adelaide,SA,2025-01-02 03:04:49,2025-12-24 16:04:49
C00942,Grace Thomas,grace.thomas942@example.com,0434425523,Other,2025-04-23,Sydney,NSW,2026-01-19 05:45:08,2026-04-30 20:45:08
C00943,Charlie Wright,charlie.wright943@example.com,0444809624,F,2026-03-28,Parramatta,NSW,2025-07-10 06:03:47,2025-10-11 12:03:47
C00944,Amelia Taylor,amelia.taylor944@example.com,0418625158,F,2025-01-31,Sydney,NSW,2025-03-23 09:05:24,2025-05-25 17:05:24
C00945,Lucas White,lucas.white945@example.com,0445712753,M,2026-08-20,Adelaide,SA,2026-05-12 21:48:06,2026-05-16 22:48:06
C00946,Olivia Taylor,olivia.taylor946@example.com,0475219904,F,2025-12-12,Parramatta,NSW,2026-06-19 00:24:38,2026-09-30 12:00:00
C00947,Amelia Walker,amelia.walker947@example.com,0458480869,Other,2026-02-13,Gold Coast,QLD,2026-01-15 21:56:21,2026-06-26 04:56:21
C00948,Leo Scott,leo.scott948@example.com,0463929804,Other,2025-05-23,Melbourne,VIC,2025-12-31 10:51:06,2026-01-02 00:51:06
C00949,James Scott,james.scott949@example.com,0470655417,Other,2026-05-02,Geelong,VIC,2026-06-28 08:44:48,2026-09-30 12:00:00
C00950,Thomas Walker,thomas.walker950@example.com,0458345978,M,2025-11-30,Parramatta,NSW,2025-01-04 20:52:20,2025-01-13 16:52:20
C00951,Charlie White,charlie.white951@example.com,0467433950,F,2025-04-13,Hobart,TAS,2026-05-12 12:47:39,2026-06-22 23:47:39
C00952,Leo Martin,leo.martin952@example.com,0477731180,M,2025-05-11,Hobart,TAS,2025-07-19 22:09:55,2026-04-12 16:09:55
C00953,Chloe Wilson,chloe.wilson953@example.com,0474715566,Other,2026-07-08,Brisbane,QLD,2026-07-16 14:10:57,2026-09-30 12:00:00
C00954,Mia White,mia.white954@example.com,0413922081,M,2025-12-01,Parramatta,NSW,2025-06-24 21:44:05,2025-08-18 10:44:05
C00955,Leo Harris,leo.harris955@example.com,0499318726,M,2026-07-02,Parramatta,NSW,2025-09-21 21:30:57,2026-08-31 00:30:57
C00956,Chloe Wilson,chloe.wilson956@example.com,0496434410,F,2026-01-22,Gold Coast,QLD,2025-08-18 18:49:59,2026-06-21 20:49:59
C00957,Leo King,leo.king957@example.com,0424949509,M,2025-12-15,Perth,WA,2025-08-27 07:16:07,2026-01-22 09:16:07
C00958,Lucas Jackson,lucas.jackson958@example.com,0487432467,Other,2025-01-02,Geelong,VIC,2026-08-10 11:08:54,2026-09-30 12:00:00
C00959,Sophia Brown,sophia.brown959@example.com,0458992670,Other,2025-05-10,Hobart,TAS,2026-07-03 06:54:24,2026-09-30 12:00:00
C00960,Thomas Scott,thomas.scott960@example.com,0452402900,M,2025-10-31,Hobart,TAS,2025-08-16 03:25:00,2026-05-18 17:25:00
C00961,Mia Allen,mia.allen961@example.com,0414609555,Other,2025-11-24,Adelaide,SA,2025-05-31 19:18:09,2026-06-18 16:18:09
C00962,Sophia Young,sophia.young962@example.com,0476441201,F,2026-01-21,Geelong,VIC,2025-10-08 22:36:30,2026-08-28 04:36:30
C00963,Olivia Thompson,olivia.thompson963@example.com,0417055329,M,2026-05-15,Sydney,NSW,2025-08-04 23:59:51,2025-11-28 21:59:51
C00964,Leo Martin,leo.martin964@example.com,0473541573,F,2026-02-05,Sydney,NSW,2025-01-23 17:25:21,2025-08-28 14:25:21
C00965,Leo Wilson,leo.wilson965@example.com,0483552661,F,2025-04-10,Canberra,ACT,2025-10-17 09:44:59,2026-01-25 07:44:59
C00966,Liam Thompson,liam.thompson966@example.com,0487464756,M,2026-03-29,Hobart,TAS,2025-02-25 22:19:29,2026-01-27 03:19:29
C00967,Chloe Martin,chloe.martin967@example.com,0497407684,M,2026-01-06,Sydney,NSW,2025-08-03 06:51:47,2025-11-12 05:51:47
C00968,Lucas Taylor,lucas.taylor968@example.com,0422891308,F,2026-05-01,Sydney,NSW,2026-01-21 13:43:53,2026-04-17 14:43:53
C00969,Ava Brown,ava.brown969@example.com,0494150830,Other,2026-02-18,Geelong,VIC,2026-06-12 20:21:37,2026-09-30 12:00:00
C00970,Mia Brown,mia.brown970@example.com,0433150813,Other,2026-01-20,Geelong,VIC,2025-09-04 12:31:19,2026-08-23 07:31:19
C00971,Noah Hall,noah.hall971@example.com,0426106179,M,2025-03-26,Perth,WA,2025-10-09 20:41:28,2026-04-15 20:41:28
C00972,Emma Allen,emma.allen972@example.com,0446738721,Other,2025-04-07,Canberra,ACT,2025-08-19 00:37:36,2026-06-08 15:37:36
C00973,Lucas Thomas,lucas.thomas973@example.com,0426808950,M,2025-11-30,Perth,WA,2026-05-11 20:44:27,2026-09-30 12:00:00
C00974,Noah King,noah.king974@example.com,0481147161,F,2025-03-07,Sydney,NSW,2026-02-20 22:01:25,2026-09-30 12:00:00
C00975,Thomas Wright,thomas.wright975@example.com,0490410190,Other,2025-07-04,Canberra,ACT,2025-05-08 06:42:57,2025-07-07 11:42:57
C00976,James King,james.king976@example.com,0497595925,M,2025-03-31,Adelaide,SA,2025-11-18 03:02:08,2026-09-08 09:02:08
C00977,Ella Harris,ella.harris977@example.com,0433032191,F,2025-01-01,Melbourne,VIC,2025-03-28 03:32:19,2025-09-30 20:32:19
C00978,Mia Martin,mia.martin978@example.com,0487453221,F,2025-11-17,Melbourne,VIC,2026-06-16 09:42:34,2026-09-30 12:00:00
C00979,Thomas Moore,thomas.moore979@example.com,0416004304,M,2025-02-07,Hobart,TAS,2026-07-06 16:13:44,2026-08-26 13:13:44
C00980,William Anderson,william.anderson980@example.com,0458192910,F,2025-05-12,Brisbane,QLD,2025-08-09 04:38:35,2025-11-27 22:38:35
C00981,Amelia Walker,amelia.walker981@example.com,0463695060,F,2025-03-27,Geelong,VIC,2026-07-18 08:16:24,2026-09-30 12:00:00
C00982,Henry Walker,henry.walker982@example.com,0494975906,Other,2025-07-17,Sydney,NSW,2026-07-03 06:04:40,2026-09-30 12:00:00
C00983,Isla Wright,isla.wright983@example.com,0468200448,F,2025-01-27,Canberra,ACT,2026-09-12 05:26:52,2026-09-30 12:00:00
C00984,Amelia White,amelia.white984@example.com,0464597257,M,2025-12-04,Geelong,VIC,2025-10-04 03:34:07,2026-09-19 20:34:07
C00985,Noah Moore,noah.moore985@example.com,0411323834,M,2026-01-22,Gold Coast,QLD,2025-10-07 04:55:51,2026-01-30 12:55:51
C00986,Mia Clark,mia.clark986@example.com,0475715496,M,2026-06-26,Geelong,VIC,2025-05-07 05:33:46,2025-10-10 23:33:46
C00987,Isla Wright,isla.wright987@example.com,0452680752,F,2025-07-05,Brisbane,QLD,2026-07-19 08:38:06,2026-08-12 13:38:06
C00988,Isla King,isla.king988@example.com,0411274728,Other,2026-06-10,Canberra,ACT,2026-09-01 12:30:37,2026-09-30 12:00:00
C00989,Liam Anderson,liam.anderson989@example.com,0495791097,F,2025-09-13,Sydney,NSW,2026-01-23 18:47:17,2026-02-20 17:47:17
C00990,Amelia Walker,amelia.walker990@example.com,0448496283,F,2026-03-15,Adelaide,SA,2025-07-07 14:22:51,2026-03-04 06:22:51
C00991,Thomas White,thomas.white991@example.com,0495184862,M,2025-03-20,Brisbane,QLD,2025-03-31 09:26:49,2025-09-07 11:26:49
C00992,Mia Wilson,mia.wilson992@example.com,0476149278,M,2026-03-11,Sydney,NSW,2026-08-13 01:05:47,2026-09-30 12:00:00
C00993,Thomas Anderson,thomas.anderson993@example.com,0426735821,F,2025-01-15,Adelaide,SA,2026-05-25 16:43:43,2026-09-30 12:00:00
C00994,Amelia Jackson,amelia.jackson994@example.com,0498741286,Other,2026-09-16,Melbourne,VIC,2026-03-12 22:34:47,2026-09-05 05:34:47
C00995,Olivia Scott,olivia.scott995@example.com,0440208193,M,2025-03-18,Adelaide,SA,2025-06-22 21:59:56,2026-07-19 13:59:56
C00996,Isla Anderson,isla.anderson996@example.com,0460101289,M,2025-12-13,Canberra,ACT,2025-12-28 01:27:31,2026-07-10 06:27:31
C00997,Mia King,mia.king997@example.com,0410299883,Other,2026-08-06,Geelong,VIC,2025-10-25 09:30:18,2026-03-09 15:30:18
C00998,Leo Jackson,leo.jackson998@example.com,0417717080,F,2025-01-07,Brisbane,QLD,2026-06-12 01:59:29,2026-09-30 12:00:00
C00999,Amelia Hall,amelia.hall999@example.com,0434985664,F,2025-12-30,Gold Coast,QLD,2025-11-02 11:06:00,2026-05-01 10:06:00
C01000,James Taylor,james.taylor1000@example.com,0465125778,M,2026-05-15,Perth,WA,2026-05-19 06:05:33,2026-09-30 12:00:00
C01001,James Anderson,james.anderson1001@example.com,0467491018,M,2026-07-04,Brisbane,QLD,2025-08-20 15:25:23,2026-01-21 02:25:23
C01002,Henry Taylor,henry.taylor1002@example.com,0410779834,F,2025-07-23,Adelaide,SA,2026-03-26 05:08:22,2026-09-30 12:00:00
C01003,Emma Jackson,emma.jackson1003@example.com,0414242158,M,2025-07-23,Brisbane,QLD,2025-02-11 04:25:26,2026-02-26 14:25:26
C01004,Chloe Harris,chloe.harris1004@example.com,0427103900,F,2026-02-14,Geelong,VIC,2026-03-08 15:35:31,2026-09-30 12:00:00
C01005,Thomas Clark,thomas.clark1005@example.com,0456187078,Other,2025-01-14,Sydney,NSW,2025-04-23 03:50:01,2025-06-26 07:50:01
C01006,Mia Brown,mia.brown1006@example.com,0448851553,F,2026-05-13,Gold Coast,QLD,2026-03-16 19:47:00,2026-09-30 12:00:00
C01007,Noah Walker,noah.walker1007@example.com,0447733815,M,2025-09-27,Parramatta,NSW,2026-09-25 04:46:32,2026-09-30 12:00:00
C01008,Mia Walker,mia.walker1008@example.com,0477422120,Other,2025-07-05,Parramatta,NSW,2026-05-01 22:50:51,2026-06-23 20:50:51
C01009,William Wright,william.wright1009@example.com,0435793612,M,2026-03-13,Sydney,NSW,2025-08-23 03:08:25,2025-09-11 11:08:25
C01010,James Scott,james.scott1010@example.com,0495001425,M,2025-08-16,Parramatta,NSW,2025-04-04 01:24:26,2025-12-28 10:24:26
C01011,Jack Walker,jack.walker1011@example.com,0424771325,F,2026-01-08,Adelaide,SA,2025-03-04 16:27:41,2025-03-31 01:27:41
C01012,Henry Moore,henry.moore1012@example.com,0410071931,M,2025-11-26,Perth,WA,2025-09-10 10:57:03,2025-12-12 11:57:03
C01013,William Martin,william.martin1013@example.com,0475939337,F,2025-12-09,Adelaide,SA,2025-10-14 19:06:27,2026-01-17 03:06:27
C01014,Sophia Taylor,sophia.taylor1014@example.com,0458394712,Other,2026-01-06,Geelong,VIC,2025-01-14 21:35:49,2025-03-22 07:35:49
C01015,Lucas Young,lucas.young1015@example.com,0461546232,M,2025-04-19,Hobart,TAS,2026-01-16 07:41:17,2026-05-04 01:41:17
C01016,Liam Scott,liam.scott1016@example.com,0435894291,Other,2026-04-02,Geelong,VIC,2025-02-12 18:58:56,2026-01-14 00:58:56
C01017,Emma Wilson,emma.wilson1017@example.com,0481612882,Other,2025-06-07,Canberra,ACT,2026-09-26 10:19:46,2026-09-30 12:00:00
C01018,Olivia Anderson,olivia.anderson1018@example.com,0456619122,F,2026-04-05,Parramatta,NSW,2026-03-05 17:45:16,2026-09-30 12:00:00
C01019,Emma Walker,emma.walker1019@example.com,0432405653,Other,2025-10-08,Geelong,VIC,2026-05-10 13:33:59,2026-09-30 12:00:00
C01020,Liam Martin,liam.martin1020@example.com,0463350718,F,2026-06-30,Melbourne,VIC,2026-08-03 01:50:44,2026-09-30 12:00:00
C01021,Thomas Wilson,thomas.wilson1021@example.com,0463801036,Other,2025-10-06,Sydney,NSW,2026-03-25 16:24:35,2026-09-30 12:00:00
C01022,William Thomas,william.thomas1022@example.com,0478826270,F,2026-05-31,Melbourne,VIC,2025-06-13 18:13:37,2026-06-04 18:13:37
C01023,Thomas Harris,thomas.harris1023@example.com,0432965874,M,2025-02-16,Brisbane,QLD,2025-08-14 09:45:17,2026-05-23 12:45:17
C01024,Ella White,ella.white1024@example.com,0446297151,M,2025-09-12,Brisbane,QLD,2025-02-10 20:09:56,2025-07-03 00:09:56
C01025,William King,william.king1025@example.com,0453561957,M,2026-07-17,Geelong,VIC,2025-01-02 20:22:40,2025-11-08 07:22:40
C01026,Henry Anderson,henry.anderson1026@example.com,0457712141,M,2025-10-14,Perth,WA,2026-09-19 09:20:03,2026-09-30 12:00:00
C01027,Ava Harris,ava.harris1027@example.com,0424286501,Other,2026-01-27,Melbourne,VIC,2026-07-05 21:55:49,2026-09-30 12:00:00
C01028,Henry Scott,henry.scott1028@example.com,0488069593,Other,2026-02-09,Canberra,ACT,2025-07-31 14:14:20,2025-12-15 20:14:20
C01029,Liam Hall,liam.hall1029@example.com,0476566782,M,2026-04-16,Parramatta,NSW,2026-03-21 11:09:57,2026-09-30 12:00:00
C01030,Ava Thomas,ava.thomas1030@example.com,0412824921,F,2025-06-16,Parramatta,NSW,2026-08-07 15:46:11,2026-09-30 12:00:00
C01031,Ava Clark,ava.clark1031@example.com,0471072308,Other,2026-02-17,Hobart,TAS,2025-07-12 02:09:04,2026-02-15 09:09:04
C01032,Emma Young,emma.young1032@example.com,0424768716,M,2025-02-14,Sydney,NSW,2025-01-13 19:06:24,2025-07-28 19:06:24
C01033,Liam White,liam.white1033@example.com,0424272571,Other,2025-12-13,Geelong,VIC,2025-10-02 04:40:38,2025-10-08 04:40:38
C01034,Noah Jackson,noah.jackson1034@example.com,0454527579,F,2025-06-08,Sydney,NSW,2026-05-07 18:57:28,2026-07-30 03:57:28
C01035,Mia Brown,mia.brown1035@example.com,0423799637,Other,2025-10-31,Canberra,ACT,2025-10-01 20:34:07,2025-10-11 21:34:07
C01036,Emma Young,emma.young1036@example.com,0467329147,F,2025-05-31,Perth,WA,2025-05-26 00:58:14,2025-06-07 07:58:14
C01037,Isla Martin,isla.martin1037@example.com,0432757831,M,2025-08-18,Parramatta,NSW,2026-01-29 21:56:45,2026-03-28 12:56:45
C01038,Emma Martin,emma.martin1038@example.com,0415817913,Other,2025-06-04,Gold Coast,QLD,2025-03-20 19:21:07,2025-09-20 21:21:07
C01039,Ava Walker,ava.walker1039@example.com,0499559917,Other,2025-11-05,Canberra,ACT,2025-12-09 19:11:43,2026-07-14 23:11:43
C01040,Amelia Martin,amelia.martin1040@example.com,0445621515,Other,2025-03-20,Gold Coast,QLD,2025-04-17 08:58:31,2026-03-21 19:58:31
C01041,James Anderson,james.anderson1041@example.com,0419034683,M,2026-08-15,Sydney,NSW,2025-11-24 04:24:28,2026-09-30 12:00:00
C01042,Grace Harris,grace.harris1042@example.com,0457326346,F,2026-05-22,Sydney,NSW,2025-04-03 10:08:11,2026-04-30 22:08:11
C01043,Grace Allen,grace.allen1043@example.com,0461430248,F,2026-07-17,Perth,WA,2026-09-09 20:21:08,2026-09-30 12:00:00
C01044,Chloe King,chloe.king1044@example.com,0421222980,Other,2026-03-08,Canberra,ACT,2026-05-20 17:34:52,2026-09-15 05:34:52
C01045,Thomas Wright,thomas.wright1045@example.com,0458640295,Other,2026-05-01,Parramatta,NSW,2025-03-31 07:23:00,2025-07-13 07:23:00
C01046,Liam Taylor,liam.taylor1046@example.com,0449553600,F,2025-05-28,Melbourne,VIC,2025-12-24 11:54:54,2026-09-30 12:00:00
C01047,Ella Walker,ella.walker1047@example.com,0429203413,F,2025-01-27,Parramatta,NSW,2025-08-04 07:03:47,2025-10-13 10:03:47
C01048,Grace Moore,grace.moore1048@example.com,0431229647,M,2025-05-31,Melbourne,VIC,2025-04-19 21:37:04,2025-12-20 16:37:04
C01049,Isla Anderson,isla.anderson1049@example.com,0434484603,F,2025-05-24,Geelong,VIC,2025-09-08 02:00:36,2026-04-09 06:00:36
C01050,Thomas Martin,thomas.martin1050@example.com,0411772938,F,2025-04-24,Adelaide,SA,2026-02-26 23:21:28,2026-09-30 12:00:00
C01051,Liam Brown,liam.brown1051@example.com,0466857416,Other,2026-04-11,Melbourne,VIC,2026-09-11 05:32:10,2026-09-16 17:32:10
C01052,Ella Harris,ella.harris1052@example.com,0446484083,M,2026-06-19,Hobart,TAS,2026-05-29 09:45:14,2026-09-30 12:00:00
C01053,Leo Anderson,leo.anderson1053@example.com,0485067208,Other,2025-03-21,Parramatta,NSW,2026-02-15 19:03:14,2026-09-04 00:03:14
C01054,Charlie Allen,charlie.allen1054@example.com,0466938098,M,2025-10-04,Gold Coast,QLD,2026-02-19 12:10:03,2026-08-29 08:10:03
C01055,Emma Taylor,emma.taylor1055@example.com,0442149161,F,2025-06-16,Geelong,VIC,2026-01-07 19:49:54,2026-06-27 19:49:54
C01056,Ella Taylor,ella.taylor1056@example.com,0484046763,M,2025-02-03,Geelong,VIC,2025-08-05 19:00:48,2026-01-11 01:00:48
C01057,Mia Harris,mia.harris1057@example.com,0416449014,F,2025-04-06,Geelong,VIC,2026-08-07 18:02:36,2026-09-30 12:00:00
C01058,Sophia Smith,sophia.smith1058@example.com,0457759672,M,2025-04-10,Gold Coast,QLD,2025-10-17 12:32:12,2026-03-28 00:32:12
C01059,Jack Walker,jack.walker1059@example.com,0488809362,F,2026-05-04,Canberra,ACT,2025-04-14 16:51:49,2025-06-29 16:51:49
C01060,Lucas Brown,lucas.brown1060@example.com,0422521287,Other,2025-08-26,Brisbane,QLD,2025-06-15 04:43:29,2025-07-26 00:43:29
C01061,William Anderson,william.anderson1061@example.com,0455823984,F,2025-05-15,Sydney,NSW,2026-05-29 16:46:38,2026-09-30 12:00:00
C01062,Jack Martin,jack.martin1062@example.com,0462027391,M,2025-08-02,Gold Coast,QLD,2026-03-18 01:57:45,2026-09-30 12:00:00
C01063,Amelia Scott,amelia.scott1063@example.com,0429142470,F,2026-07-15,Geelong,VIC,2025-06-06 18:40:31,2025-07-25 18:40:31
C01064,Noah Allen,noah.allen1064@example.com,0419148527,F,2026-08-14,Geelong,VIC,2026-04-11 10:10:59,2026-09-09 15:10:59
C01065,Isla Moore,isla.moore1065@example.com,0473520009,F,2026-03-29,Geelong,VIC,2025-03-14 05:45:49,2025-11-04 13:45:49
C01066,Liam Taylor,liam.taylor1066@example.com,0464899510,Other,2025-05-13,Hobart,TAS,2026-05-15 01:23:54,2026-09-30 12:00:00
C01067,Charlie Moore,charlie.moore1067@example.com,0470410362,F,2025-02-13,Canberra,ACT,2025-11-18 11:05:43,2026-06-18 03:05:43
C01068,Amelia Brown,amelia.brown1068@example.com,0460441933,M,2026-08-07,Parramatta,NSW,2026-07-29 00:09:54,2026-09-20 09:09:54
C01069,Leo Wilson,leo.wilson1069@example.com,0472879488,Other,2026-07-02,Parramatta,NSW,2026-02-02 14:42:05,2026-07-31 04:42:05
C01070,Charlie Taylor,charlie.taylor1070@example.com,0436772544,F,2025-12-03,Geelong,VIC,2025-07-04 23:06:58,2026-01-24 12:06:58
C01071,Noah Thompson,noah.thompson1071@example.com,0425344634,F,2026-04-11,Gold Coast,QLD,2026-09-11 15:13:44,2026-09-30 12:00:00
C01072,Olivia King,olivia.king1072@example.com,0414204135,Other,2026-01-25,Sydney,NSW,2026-04-27 04:40:13,2026-09-30 12:00:00
C01073,Olivia Moore,olivia.moore1073@example.com,0466763408,F,2025-09-16,Perth,WA,2026-04-30 06:03:13,2026-05-12 03:03:13
C01074,Ava Wilson,ava.wilson1074@example.com,0470588691,F,2026-06-22,Sydney,NSW,2025-03-12 08:25:05,2025-08-12 06:25:05
C01075,William Harris,william.harris1075@example.com,0449849912,M,2025-07-23,Sydney,NSW,2025-02-25 02:57:57,2025-10-02 12:57:57
C01076,Isla Walker,isla.walker1076@example.com,0468624154,F,2026-08-08,Adelaide,SA,2026-05-02 17:44:50,2026-07-24 15:44:50
C01077,Leo Smith,leo.smith1077@example.com,0492746890,M,2025-11-28,Canberra,ACT,2026-09-04 06:04:46,2026-09-30 12:00:00
C01078,Jack Smith,jack.smith1078@example.com,0464544291,F,2026-06-18,Sydney,NSW,2026-04-15 04:31:55,2026-09-24 07:31:55
C01079,James Hall,james.hall1079@example.com,0435186888,F,2026-07-14,Sydney,NSW,2026-04-06 20:37:06,2026-04-25 02:37:06
C01080,Ava Scott,ava.scott1080@example.com,0411928845,F,2026-01-08,Perth,WA,2025-08-10 11:13:12,2026-07-24 05:13:12
C01081,James Martin,james.martin1081@example.com,0465573350,F,2025-12-27,Brisbane,QLD,2026-05-30 03:44:31,2026-09-30 12:00:00
C01082,Isla King,isla.king1082@example.com,0467496675,F,2025-07-01,Perth,WA,2026-06-20 10:07:59,2026-09-19 00:07:59
C01083,Ella Scott,ella.scott1083@example.com,0468719406,Other,2025-10-18,Sydney,NSW,2026-07-10 13:24:18,2026-09-30 12:00:00
C01084,Amelia Taylor,amelia.taylor1084@example.com,0423915063,F,2026-07-12,Geelong,VIC,2025-04-17 02:41:01,2026-02-26 15:41:01
C01085,Emma Hall,emma.hall1085@example.com,0439914362,F,2026-07-19,Canberra,ACT,2026-08-19 01:42:18,2026-09-30 12:00:00
C01086,Leo Taylor,leo.taylor1086@example.com,0496551565,Other,2026-02-10,Parramatta,NSW,2026-04-26 03:22:50,2026-09-30 12:00:00
C01087,James Moore,james.moore1087@example.com,0451258084,F,2025-09-05,Parramatta,NSW,2026-06-04 09:17:56,2026-09-30 12:00:00
C01088,James Walker,james.walker1088@example.com,0490523345,F,2025-12-10,Melbourne,VIC,2025-01-16 00:09:50,2025-07-26 16:09:50
C01089,Ava Wright,ava.wright1089@example.com,0462790213,M,2026-08-15,Perth,WA,2025-09-05 17:25:12,2026-07-18 13:25:12
C01090,Grace Anderson,grace.anderson1090@example.com,0468707047,M,2025-04-12,Perth,WA,2025-06-27 12:57:20,2026-03-18 17:57:20
C01091,Liam Young,liam.young1091@example.com,0484209721,M,2025-11-27,Geelong,VIC,2026-08-14 12:53:48,2026-09-30 12:00:00
C01092,William Wilson,william.wilson1092@example.com,0430541837,M,2026-09-25,Geelong,VIC,2025-01-27 13:00:40,2026-02-26 07:00:40
C01093,Ella Wilson,ella.wilson1093@example.com,0495156202,Other,2026-01-02,Hobart,TAS,2026-01-27 00:47:46,2026-04-03 14:47:46
C01094,Ava White,ava.white1094@example.com,0460748656,F,2025-02-22,Parramatta,NSW,2025-11-01 06:34:53,2026-03-07 05:34:53
C01095,Henry Wilson,henry.wilson1095@example.com,0471623079,Other,2025-05-06,Sydney,NSW,2025-01-24 20:37:55,2025-03-17 23:37:55
C01096,Emma Anderson,emma.anderson1096@example.com,0437913590,F,2025-04-14,Brisbane,QLD,2025-09-26 05:05:04,2026-06-06 16:05:04
C01097,Chloe Smith,chloe.smith1097@example.com,0466358979,F,2025-11-18,Perth,WA,2025-03-17 15:40:04,2025-07-03 12:40:04
C01098,Charlie Thomas,charlie.thomas1098@example.com,0494720028,Other,2025-02-02,Sydney,NSW,2025-11-02 00:57:11,2026-09-30 12:00:00
C01099,Emma Thompson,emma.thompson1099@example.com,0480027905,Other,2025-09-18,Gold Coast,QLD,2026-05-11 19:38:34,2026-05-14 00:38:34
C01100,Emma Jackson,emma.jackson1100@example.com,0439032170,F,2025-04-28,Hobart,TAS,2025-01-31 17:01:33,2025-10-20 21:01:33
C01101,William Smith,william.smith1101@example.com,0445915393,F,2026-05-09,Gold Coast,QLD,2025-05-22 07:05:46,2026-05-11 11:05:46
C01102,William Wilson,william.wilson1102@example.com,0468527249,Other,2026-02-14,Gold Coast,QLD,2026-07-19 20:18:29,2026-09-30 12:00:00
C01103,William Harris,william.harris1103@example.com,0462724203,M,2026-08-21,Sydney,NSW,2025-07-22 21:54:56,2026-07-25 05:54:56
C01104,Lucas Martin,lucas.martin1104@example.com,0490038028,Other,2025-10-06,Sydney,NSW,2025-07-30 23:31:27,2026-03-16 12:31:27
C01105,Jack Scott,jack.scott1105@example.com,0460192126,Other,2025-03-07,Geelong,VIC,2026-09-14 12:27:12,2026-09-30 12:00:00
C01106,Charlie Thomas,charlie.thomas1106@example.com,0496583583,Other,2025-12-27,Melbourne,VIC,2026-06-08 08:37:26,2026-09-30 12:00:00
C01107,Leo Smith,leo.smith1107@example.com,0442926044,M,2025-08-09,Geelong,VIC,2025-07-04 10:27:50,2025-10-07 21:27:50
C01108,Isla Moore,isla.moore1108@example.com,0454140102,M,2026-04-22,Sydney,NSW,2025-11-18 03:00:20,2026-09-30 12:00:00
C01109,Lucas Thompson,lucas.thompson1109@example.com,0480767956,M,2025-04-16,Parramatta,NSW,2026-07-30 02:24:18,2026-09-30 12:00:00
C01110,Ella Harris,ella.harris1110@example.com,0468412302,F,2025-11-24,Hobart,TAS,2025-03-18 18:57:41,2025-10-20 15:57:41
C01111,William Jackson,william.jackson1111@example.com,0426655437,F,2025-06-25,Melbourne,VIC,2026-05-21 15:02:17,2026-09-30 12:00:00
C01112,Amelia Thompson,amelia.thompson1112@example.com,0496391469,Other,2025-01-05,Hobart,TAS,2026-01-28 07:36:01,2026-06-22 07:36:01
C01113,Charlie Martin,charlie.martin1113@example.com,0455283701,Other,2025-01-17,Sydney,NSW,2026-02-17 01:57:34,2026-09-30 12:00:00
C01114,Noah Allen,noah.allen1114@example.com,0463733308,M,2026-07-24,Geelong,VIC,2026-03-02 23:19:17,2026-08-12 10:19:17
C01115,Jack Allen,jack.allen1115@example.com,0496046600,M,2026-01-18,Hobart,TAS,2025-02-18 12:19:44,2025-10-09 03:19:44
C01116,Amelia Taylor,amelia.taylor1116@example.com,0453333406,Other,2026-03-23,Melbourne,VIC,2025-08-18 01:52:00,2025-10-28 04:52:00
C01117,Mia Thomas,mia.thomas1117@example.com,0410663217,Other,2025-02-23,Geelong,VIC,2025-07-15 23:57:51,2026-01-20 16:57:51
C01118,Henry Brown,henry.brown1118@example.com,0492241997,F,2025-10-04,Geelong,VIC,2025-02-19 09:04:16,2025-08-07 07:04:16
C01119,Ava Anderson,ava.anderson1119@example.com,0465471370,Other,2026-04-03,Hobart,TAS,2026-04-17 03:08:20,2026-07-01 21:08:20
C01120,Emma Young,emma.young1120@example.com,0453206211,Other,2026-05-10,Canberra,ACT,2025-09-04 18:30:42,2026-05-13 02:30:42
C01121,Mia Wilson,mia.wilson1121@example.com,0498514011,Other,2025-07-30,Brisbane,QLD,2025-10-31 22:05:22,2026-08-13 05:05:22
C01122,Noah Wilson,noah.wilson1122@example.com,0461681908,M,2026-05-15,Adelaide,SA,2025-03-03 06:00:42,2025-06-21 20:00:42
C01123,Emma Thompson,emma.thompson1123@example.com,0470937796,Other,2025-06-07,Parramatta,NSW,2026-08-28 16:32:54,2026-09-30 12:00:00
C01124,Thomas Taylor,thomas.taylor1124@example.com,0437248980,F,2025-07-12,Sydney,NSW,2025-08-13 11:24:28,2026-06-27 03:24:28
C01125,Noah Harris,noah.harris1125@example.com,0423698845,M,2026-04-18,Perth,WA,2025-06-18 21:19:55,2026-04-10 17:19:55
C01126,Emma Taylor,emma.taylor1126@example.com,0498836768,Other,2026-04-09,Parramatta,NSW,2025-01-17 14:11:17,2025-02-01 05:11:17
C01127,Isla Harris,isla.harris1127@example.com,0463274774,Other,2026-03-18,Geelong,VIC,2026-07-18 02:22:27,2026-09-30 12:00:00
C01128,Thomas Thompson,thomas.thompson1128@example.com,0461341304,Other,2026-03-09,Melbourne,VIC,2026-03-28 08:23:06,2026-04-23 04:23:06
C01129,William Martin,william.martin1129@example.com,0476252048,Other,2026-03-20,Parramatta,NSW,2026-02-17 05:38:17,2026-09-30 12:00:00
C01130,Emma Brown,emma.brown1130@example.com,0445725839,M,2025-03-09,Parramatta,NSW,2025-04-24 07:07:03,2025-05-13 01:07:03
C01131,Ella Taylor,ella.taylor1131@example.com,0462732189,M,2025-08-14,Brisbane,QLD,2025-08-20 19:44:45,2026-03-16 07:44:45
C01132,Henry Allen,henry.allen1132@example.com,0490035829,F,2025-01-04,Parramatta,NSW,2025-06-25 06:22:40,2025-11-20 04:22:40
C01133,Emma Thomas,emma.thomas1133@example.com,0432848229,F,2025-03-13,Canberra,ACT,2026-09-30 15:47:19,2026-09-30 12:00:00
C01134,Ava Thomas,ava.thomas1134@example.com,0454835989,M,2025-07-01,Gold Coast,QLD,2026-04-12 04:00:42,2026-09-30 12:00:00
C01135,Henry Wilson,henry.wilson1135@example.com,0475539501,M,2026-04-29,Sydney,NSW,2025-01-10 19:22:30,2025-11-04 19:22:30
C01136,Emma Brown,emma.brown1136@example.com,0477531176,M,2025-05-31,Melbourne,VIC,2026-08-04 21:18:53,2026-09-30 12:00:00
C01137,Emma Taylor,emma.taylor1137@example.com,0444539524,Other,2026-05-14,Brisbane,QLD,2025-12-10 14:31:47,2026-06-08 07:31:47
C01138,Henry Moore,henry.moore1138@example.com,0499112118,Other,2026-05-11,Adelaide,SA,2025-01-14 11:19:45,2025-07-04 03:19:45
C01139,Emma Harris,emma.harris1139@example.com,0429009676,F,2026-05-25,Canberra,ACT,2025-01-22 04:26:54,2025-05-15 01:26:54
C01140,James White,james.white1140@example.com,0460704539,Other,2025-04-21,Hobart,TAS,2026-03-18 11:13:47,2026-05-02 17:13:47
C01141,Henry King,henry.king1141@example.com,0454452330,F,2026-08-27,Adelaide,SA,2026-06-24 05:16:58,2026-09-30 12:00:00
C01142,Grace Harris,grace.harris1142@example.com,0492190565,M,2026-03-20,Brisbane,QLD,2025-07-15 01:37:33,2026-07-09 11:37:33
C01143,Charlie Wright,charlie.wright1143@example.com,0472588071,Other,2025-06-03,Gold Coast,QLD,2025-10-23 03:00:31,2026-09-30 12:00:00
C01144,Thomas Martin,thomas.martin1144@example.com,0418672678,F,2025-01-16,Hobart,TAS,2026-07-26 21:10:19,2026-09-30 12:00:00
C01145,Charlie Brown,charlie.brown1145@example.com,0410683201,F,2025-12-27,Parramatta,NSW,2025-10-17 18:07:03,2026-06-25 03:07:03
C01146,James Brown,james.brown1146@example.com,0485262472,M,2025-03-30,Brisbane,QLD,2025-05-22 11:56:18,2026-02-04 08:56:18
C01147,Henry Anderson,henry.anderson1147@example.com,0414313313,F,2025-12-30,Parramatta,NSW,2026-03-19 18:58:05,2026-08-15 01:58:05
C01148,Mia Clark,mia.clark1148@example.com,0451706253,M,2026-08-01,Perth,WA,2026-02-13 03:57:16,2026-07-17 22:57:16
C01149,Grace Thompson,grace.thompson1149@example.com,0465876491,Other,2025-07-24,Hobart,TAS,2025-05-23 21:49:12,2025-09-29 01:49:12
C01150,Sophia Martin,sophia.martin1150@example.com,0434611796,F,2026-03-24,Geelong,VIC,2025-11-01 18:59:40,2026-06-26 11:59:40
C01151,Emma Anderson,emma.anderson1151@example.com,0457990755,F,2025-12-29,Canberra,ACT,2026-03-29 22:20:32,2026-09-30 12:00:00
C01152,Grace Hall,grace.hall1152@example.com,0466494741,M,2025-05-24,Perth,WA,2026-02-25 14:01:58,2026-09-30 12:00:00
C01153,Amelia Martin,amelia.martin1153@example.com,0485910137,F,2025-02-24,Parramatta,NSW,2026-08-18 16:23:08,2026-09-30 12:00:00
C01154,Leo Anderson,leo.anderson1154@example.com,0417294228,M,2025-02-26,Perth,WA,2025-01-07 14:51:48,2025-09-30 04:51:48
C01155,Henry Taylor,henry.taylor1155@example.com,0454467352,M,2025-05-05,Gold Coast,QLD,2026-09-01 03:52:18,2026-09-30 12:00:00
C01156,Lucas Young,lucas.young1156@example.com,0428307667,M,2025-06-08,Melbourne,VIC,2025-07-29 16:09:35,2026-08-13 07:09:35
C01157,Sophia Martin,sophia.martin1157@example.com,0410004793,M,2026-09-11,Melbourne,VIC,2026-05-12 19:44:12,2026-07-09 21:44:12
C01158,Emma Young,emma.young1158@example.com,0469567958,F,2025-02-26,Geelong,VIC,2025-09-11 06:06:30,2025-09-23 22:06:30
C01159,Emma Martin,emma.martin1159@example.com,0492243262,Other,2026-03-26,Perth,WA,2026-05-11 05:52:15,2026-09-30 12:00:00
C01160,Amelia Taylor,amelia.taylor1160@example.com,0498243507,M,2025-06-24,Perth,WA,2025-05-30 20:01:11,2025-08-11 19:01:11
C01161,Thomas King,thomas.king1161@example.com,0489022539,F,2026-01-12,Parramatta,NSW,2026-05-03 15:18:18,2026-09-30 12:00:00
C01162,Henry Clark,henry.clark1162@example.com,0413754158,F,2026-04-14,Perth,WA,2025-04-20 14:26:52,2025-11-23 18:26:52
C01163,Emma Wright,emma.wright1163@example.com,0498206742,Other,2026-04-01,Perth,WA,2025-01-12 18:19:02,2025-12-09 14:19:02
C01164,Olivia Moore,olivia.moore1164@example.com,0458016078,Other,2026-05-31,Sydney,NSW,2026-04-25 23:29:17,2026-04-30 04:29:17
C01165,William Moore,william.moore1165@example.com,0457226789,Other,2026-07-31,Canberra,ACT,2026-02-04 16:04:11,2026-09-30 12:00:00
C01166,Jack Hall,jack.hall1166@example.com,0496588420,F,2026-01-21,Sydney,NSW,2025-10-13 21:19:59,2026-05-02 23:19:59
C01167,Chloe Scott,chloe.scott1167@example.com,0480522545,F,2025-05-13,Sydney,NSW,2026-08-13 22:59:32,2026-09-30 12:00:00
C01168,Jack Wright,jack.wright1168@example.com,0416030286,M,2025-06-12,Hobart,TAS,2025-12-23 18:39:53,2026-07-17 20:39:53
C01169,Mia Taylor,mia.taylor1169@example.com,0441758221,M,2025-06-28,Geelong,VIC,2026-05-27 21:30:20,2026-09-30 12:00:00
C01170,Leo Walker,leo.walker1170@example.com,0419782015,F,2026-01-19,Geelong,VIC,2025-03-05 19:16:07,2025-03-25 18:16:07
C01171,Amelia Smith,amelia.smith1171@example.com,0495549812,Other,2026-07-24,Sydney,NSW,2025-11-25 03:44:28,2026-06-06 07:44:28
C01172,William Jackson,william.jackson1172@example.com,0431755295,F,2026-06-26,Brisbane,QLD,2026-05-18 14:43:18,2026-09-10 20:43:18
C01173,William Wilson,william.wilson1173@example.com,0428865991,M,2026-01-04,Hobart,TAS,2025-01-25 20:42:06,2025-05-09 21:42:06
C01174,Grace Wright,grace.wright1174@example.com,0496198970,Other,2026-05-24,Canberra,ACT,2025-03-15 10:11:43,2026-03-24 09:11:43
C01175,William Jackson,william.jackson1175@example.com,0428505072,M,2026-03-26,Hobart,TAS,2026-05-01 16:22:22,2026-09-30 12:00:00
C01176,Grace Clark,grace.clark1176@example.com,0423544314,M,2026-05-26,Geelong,VIC,2026-08-06 02:08:50,2026-09-30 12:00:00
C01177,Mia Brown,invalid-email,0462402145,Other,2026-01-02,Hobart,TAS,2026-07-08 10:01:14,2026-09-30 12:00:00
C01178,Noah Thomas,noah.thomas1178@example.com,0477115173,F,2026-02-13,Brisbane,QLD,2025-03-18 17:36:15,2025-12-09 12:36:15
C01179,Amelia Brown,amelia.brown1179@example.com,0414023583,M,2025-12-13,Canberra,ACT,2025-04-24 18:30:59,2025-09-06 14:30:59
C01180,Grace Harris,grace.harris1180@example.com,0454239393,Other,2025-03-05,Parramatta,NSW,2025-12-09 01:08:13,2026-09-16 00:08:13
C01181,Mia Allen,mia.allen1181@example.com,0456418606,M,2026-03-03,Geelong,VIC,2026-08-01 19:44:53,2026-09-30 12:00:00
C01182,Amelia Scott,amelia.scott1182@example.com,0423966860,M,2026-05-24,Geelong,VIC,2026-07-19 15:08:17,2026-09-30 12:00:00
C01183,Thomas White,thomas.white1183@example.com,0417429830,M,2025-07-20,Gold Coast,QLD,2026-03-18 15:19:50,2026-07-12 15:19:50
C01184,Ella Scott,ella.scott1184@example.com,0426809078,F,2026-03-14,Perth,WA,2025-01-19 17:30:03,2025-08-06 05:30:03
C01185,Ella Anderson,ella.anderson1185@example.com,0435990676,F,2026-03-24,Geelong,VIC,2026-03-25 03:57:39,2026-09-29 14:57:39
C01186,Olivia White,olivia.white1186@example.com,0481969904,Other,2025-02-16,Parramatta,NSW,2025-04-05 18:00:14,2025-11-03 17:00:14
C01187,James White,james.white1187@example.com,0415867922,F,2025-12-25,Melbourne,VIC,2025-03-20 01:08:28,2025-06-20 10:08:28
C01188,Amelia White,amelia.white1188@example.com,0498126056,M,2025-03-20,Brisbane,QLD,2025-05-13 19:25:30,2026-04-14 22:25:30
C01189,Henry King,henry.king1189@example.com,0469531177,Other,2025-11-06,Parramatta,NSW,2026-05-22 22:47:52,2026-09-30 12:00:00
C01190,Isla King,isla.king1190@example.com,0482668051,Other,2025-04-17,Brisbane,QLD,2025-09-08 16:57:17,2026-02-19 14:57:17
C01191,Olivia Moore,olivia.moore1191@example.com,0479926758,M,2025-11-09,Perth,WA,2026-09-29 15:17:05,2026-09-30 12:00:00
C01192,Ella Jackson,ella.jackson1192@example.com,0441555291,Other,2026-03-27,Geelong,VIC,2026-01-17 23:52:50,2026-03-31 00:52:50
C01193,Charlie Taylor,charlie.taylor1193@example.com,0450320729,M,2025-03-03,Melbourne,VIC,2026-05-26 01:17:17,2026-09-30 12:00:00
C01194,Henry Scott,henry.scott1194@example.com,0415961354,M,2025-07-30,Perth,WA,2026-05-23 00:55:24,2026-09-30 12:00:00
C01195,Leo Thomas,leo.thomas1195@example.com,0456681534,M,2026-09-16,Perth,WA,2026-06-30 01:42:19,2026-07-16 18:42:19
C01196,Jack Harris,jack.harris1196@example.com,0467384680,Other,2025-02-28,Hobart,TAS,2025-08-10 00:21:46,2026-06-24 13:21:46
C01197,Emma King,emma.king1197@example.com,0486276344,Other,2025-09-24,Perth,WA,2025-10-22 17:29:27,2026-08-12 16:29:27
C01198,Ava Clark,ava.clark1198@example.com,0446828381,M,2025-09-13,Adelaide,SA,2025-09-01 04:58:00,2026-01-23 01:58:00
C01199,Ella Martin,ella.martin1199@example.com,0446070658,Other,2025-09-14,Gold Coast,QLD,2026-08-08 12:02:39,2026-09-30 12:00:00
C01200,Amelia Smith,amelia.smith1200@example.com,0469566993,F,2025-01-18,Geelong,VIC,2025-11-11 18:42:20,2026-03-26 23:42:20
C01201,Charlie Smith,charlie.smith1201@example.com,0464842825,M,2026-08-17,Adelaide,SA,2025-02-07 11:30:40,2025-11-18 17:30:40
C01202,Noah Harris,noah.harris1202@example.com,0447063466,F,2026-05-22,Hobart,TAS,2026-07-19 10:04:28,2026-09-30 12:00:00
C01203,Liam White,liam.white1203@example.com,0497859036,M,2025-07-08,Sydney,NSW,2025-05-31 19:41:03,2025-09-27 22:41:03
C01204,Thomas Hall,thomas.hall1204@example.com,0444769739,F,2025-01-17,Hobart,TAS,2025-11-21 01:35:45,2026-03-17 02:35:45
C01205,Isla King,isla.king1205@example.com,0469567530,M,2026-06-08,Melbourne,VIC,2026-09-07 07:22:06,2026-09-30 12:00:00
C01206,Noah White,noah.white1206@example.com,0419582229,Other,2026-03-13,Parramatta,NSW,2025-11-30 18:23:53,2026-09-30 12:00:00
C01207,Sophia Anderson,sophia.anderson1207@example.com,0497507034,F,2026-04-27,Melbourne,VIC,2025-12-01 19:50:23,2026-05-22 08:50:23
C01208,Sophia Scott,sophia.scott1208@example.com,0413427288,M,2026-09-16,Melbourne,VIC,2025-06-14 11:02:18,2025-08-30 05:02:18
C01209,William Thompson,william.thompson1209@example.com,0488206824,M,2025-06-03,Canberra,ACT,2026-06-05 18:45:22,2026-09-24 06:45:22
C01210,Leo Wilson,leo.wilson1210@example.com,0466113763,Other,2025-05-05,Geelong,VIC,2025-08-18 18:32:36,2026-07-07 11:32:36
C01211,Thomas Brown,thomas.brown1211@example.com,0446129093,M,2026-08-13,Hobart,TAS,2026-04-29 21:33:33,2026-09-30 12:00:00
C01212,Sophia White,sophia.white1212@example.com,0425490996,Other,2025-09-04,Gold Coast,QLD,2025-09-06 11:14:29,2026-02-15 10:14:29
C01213,Charlie Walker,charlie.walker1213@example.com,0497688458,F,2026-09-12,Gold Coast,QLD,2025-03-23 11:35:32,2025-05-01 22:35:32
C01214,Mia Hall,mia.hall1214@example.com,0442875817,F,2026-08-22,Perth,WA,2025-08-24 18:52:52,2025-10-28 11:52:52
C01215,Liam Scott,liam.scott1215@example.com,0466508695,Other,2025-06-01,Brisbane,QLD,2025-10-21 10:20:07,2025-12-01 23:20:07
C01216,Lucas Allen,lucas.allen1216@example.com,0445349744,Other,2026-04-27,Parramatta,NSW,2025-07-04 14:00:10,2025-09-04 03:00:10
C01217,Emma Anderson,emma.anderson1217@example.com,0479108317,Other,2026-02-02,Melbourne,VIC,2026-03-18 00:44:10,2026-04-24 04:44:10
C01218,Grace Moore,grace.moore1218@example.com,0425975888,F,2025-12-11,Sydney,NSW,2026-02-16 22:35:15,2026-09-30 12:00:00
C01219,Lucas Scott,lucas.scott1219@example.com,0470249712,F,2026-04-06,Hobart,TAS,2025-04-21 23:02:04,2026-05-05 10:02:04
C01220,Grace Martin,grace.martin1220@example.com,0478367019,M,2025-06-05,Adelaide,SA,2025-05-18 23:11:46,2026-06-15 17:11:46
C01221,James Wright,james.wright1221@example.com,0468866156,M,2026-06-05,Hobart,TAS,2026-01-14 21:41:29,2026-07-28 07:41:29
C01222,Lucas Harris,lucas.harris1222@example.com,0479481516,Other,2026-08-17,Geelong,VIC,2025-08-26 09:31:21,2025-09-20 03:31:21
C01223,Thomas Walker,thomas.walker1223@example.com,0415628343,Other,2025-08-04,Brisbane,QLD,2025-11-27 12:20:48,2026-02-26 16:20:48
C01224,Grace Young,grace.young1224@example.com,0432225454,M,2025-10-22,Brisbane,QLD,2026-08-12 19:20:06,2026-09-30 12:00:00
C01225,Henry Allen,henry.allen1225@example.com,0424243111,M,2025-10-13,Adelaide,SA,2025-08-18 05:18:58,2025-12-29 00:18:58
C01226,Liam Taylor,liam.taylor1226@example.com,0415334488,Other,2026-07-05,Parramatta,NSW,2026-07-20 16:48:10,2026-08-04 11:48:10
C01227,William Smith,william.smith1227@example.com,0469703357,Other,2025-05-10,Adelaide,SA,2025-01-27 11:13:18,2025-11-16 00:13:18
C01228,Charlie Martin,charlie.martin1228@example.com,0421658665,M,2025-10-13,Geelong,VIC,2025-05-03 14:56:27,2026-01-10 22:56:27
C01229,Emma Moore,emma.moore1229@example.com,0455008192,F,2026-04-10,Geelong,VIC,2025-08-16 23:04:20,2025-11-05 15:04:20
C01230,Thomas Wilson,thomas.wilson1230@example.com,0452617779,M,2026-07-26,Gold Coast,QLD,2025-02-09 13:06:59,2026-02-06 05:06:59
C01231,Olivia Smith,olivia.smith1231@example.com,0436263497,F,2026-04-27,Parramatta,NSW,2025-05-21 18:24:55,2025-09-11 15:24:55
C01232,Liam Allen,liam.allen1232@example.com,0479297448,Other,2025-08-08,Sydney,NSW,2026-05-24 09:08:12,2026-09-30 12:00:00
C01233,James Walker,james.walker1233@example.com,0415209356,F,2025-09-27,Geelong,VIC,2026-05-18 17:39:13,2026-09-30 12:00:00
C01234,Amelia Clark,amelia.clark1234@example.com,0434167825,F,2025-08-26,Hobart,TAS,2025-08-29 20:22:30,2026-05-28 17:22:30
C01235,Sophia Allen,sophia.allen1235@example.com,0422956471,M,2025-04-26,Adelaide,SA,2026-02-06 19:22:34,2026-09-30 12:00:00
C01236,Sophia Walker,sophia.walker1236@example.com,0472375800,F,2025-04-27,Adelaide,SA,2025-11-30 07:42:27,2026-01-28 12:42:27
C01237,Isla Clark,isla.clark1237@example.com,0413887287,F,2025-10-02,Sydney,NSW,2026-05-11 15:38:26,2026-09-30 12:00:00
C01238,Thomas Jackson,thomas.jackson1238@example.com,0452630014,F,2026-02-05,Perth,WA,2025-03-04 17:49:20,2025-07-16 14:49:20
C01239,Charlie Walker,charlie.walker1239@example.com,0455612761,Other,2025-02-16,Perth,WA,2025-09-24 01:17:31,2026-09-30 12:00:00
C01240,Sophia Hall,sophia.hall1240@example.com,0493924534,M,2026-09-21,Perth,WA,2025-08-15 18:56:10,2026-05-17 00:56:10
C01241,Amelia Thompson,amelia.thompson1241@example.com,0422113513,Other,2025-12-08,Sydney,NSW,2026-09-12 17:01:46,2026-09-23 05:01:46
C01242,Isla King,isla.king1242@example.com,0431071231,Other,2026-02-10,Geelong,VIC,2025-02-20 16:13:23,2025-11-21 22:13:23
C01243,Mia Martin,mia.martin1243@example.com,0443380451,M,2025-02-06,Sydney,NSW,2026-01-18 10:26:13,2026-09-30 12:00:00
C01244,James Young,james.young1244@example.com,0447995659,F,2025-01-25,Geelong,VIC,2026-05-29 12:50:31,2026-06-19 17:50:31
C01245,Mia White,mia.white1245@example.com,0463787880,M,2025-10-04,Melbourne,VIC,2025-10-06 23:07:52,2026-04-18 19:07:52
C01246,Noah Wilson,noah.wilson1246@example.com,0412705048,M,2026-07-09,Geelong,VIC,2026-06-01 23:45:48,2026-09-30 12:00:00
C01247,Amelia Anderson,amelia.anderson1247@example.com,0453449866,F,2026-06-09,Geelong,VIC,2026-08-26 12:12:53,2026-09-30 12:00:00
C01248,James Martin,james.martin1248@example.com,0473270284,F,2025-10-26,Brisbane,QLD,2026-04-15 06:06:16,2026-09-30 12:00:00
C01249,Grace Wilson,grace.wilson1249@example.com,0481565416,Other,2025-09-08,Parramatta,NSW,2026-02-21 17:17:30,2026-07-17 15:17:30
C01250,Leo Smith,leo.smith1250@example.com,0470702699,M,2026-08-15,Adelaide,SA,2026-02-08 11:48:34,2026-09-30 12:00:00
C01251,James Clark,james.clark1251@example.com,0451689344,F,2025-05-28,Parramatta,NSW,2026-04-03 11:30:36,2026-05-29 07:30:36
C01252,Noah Taylor,noah.taylor1252@example.com,0421259361,M,2026-02-17,Canberra,ACT,2025-06-23 06:55:31,2026-04-22 13:55:31
C01253,Amelia Allen,amelia.allen1253@example.com,0465278723,F,2025-12-12,Canberra,ACT,2026-08-04 07:03:49,2026-09-30 12:00:00
C01254,Liam Brown,liam.brown1254@example.com,0438081593,Other,2026-05-16,Gold Coast,QLD,2026-08-02 19:26:55,2026-08-05 03:26:55
C01255,Ella Allen,ella.allen1255@example.com,0484464967,Other,2025-03-25,Gold Coast,QLD,2025-08-30 10:29:45,2026-05-05 02:29:45
C01256,Emma Walker,emma.walker1256@example.com,0426304459,M,2025-07-22,Geelong,VIC,2026-01-20 04:48:00,2026-04-12 20:48:00
C01257,Charlie Taylor,charlie.taylor1257@example.com,0428772414,Other,2026-07-15,Melbourne,VIC,2026-03-11 15:10:40,2026-09-30 12:00:00
C01258,Grace Clark,grace.clark1258@example.com,0446387450,Other,2025-11-27,Melbourne,VIC,2025-10-31 03:27:18,2026-09-30 12:00:00
C01259,Amelia Moore,amelia.moore1259@example.com,0492409660,Other,2026-01-16,Hobart,TAS,2025-06-19 04:18:33,2026-06-04 10:18:33
C01260,Thomas Scott,thomas.scott1260@example.com,0428164926,M,2026-06-21,Brisbane,QLD,2026-04-29 14:13:59,2026-09-30 12:00:00
C01261,Chloe Smith,chloe.smith1261@example.com,0451854524,Other,2025-07-12,Gold Coast,QLD,2026-03-03 05:09:30,2026-04-06 05:09:30
C01262,William Taylor,william.taylor1262@example.com,0489786327,M,2025-03-10,Canberra,ACT,2026-04-15 10:06:03,2026-09-30 12:00:00
C01263,Isla King,isla.king1263@example.com,0448143010,F,2026-08-22,Parramatta,NSW,2025-12-20 20:00:59,2026-03-29 04:00:59
C01264,Sophia Moore,sophia.moore1264@example.com,0437190916,M,2026-08-30,Hobart,TAS,2026-02-17 08:35:34,2026-09-30 12:00:00
C01265,Liam Taylor,liam.taylor1265@example.com,0480104308,Other,2026-01-28,Parramatta,NSW,2025-10-14 05:16:36,2025-12-05 09:16:36
C01266,Jack Wright,jack.wright1266@example.com,0473539590,M,2025-06-22,Hobart,TAS,2026-09-12 08:51:47,2026-09-30 12:00:00
C01267,James White,james.white1267@example.com,0410033134,F,2025-03-21,Parramatta,NSW,2025-04-04 19:09:09,2025-06-28 10:09:09
C01268,Olivia Anderson,olivia.anderson1268@example.com,0477159209,M,2025-09-04,Canberra,ACT,2026-03-27 13:42:30,2026-09-10 22:42:30
C01269,Ella Clark,ella.clark1269@example.com,0452543251,Other,2025-03-22,Perth,WA,2026-01-30 22:30:22,2026-07-09 14:30:22
C01270,Amelia Jackson,amelia.jackson1270@example.com,0469276832,F,2025-09-14,Sydney,NSW,2025-10-12 22:09:53,2026-05-24 15:09:53
C01271,Emma King,emma.king1271@example.com,0499931125,F,2026-03-11,Perth,WA,2025-12-23 05:01:55,2026-06-28 19:01:55
C01272,William Scott,william.scott1272@example.com,0436284674,F,2026-01-05,Canberra,ACT,2025-07-15 12:23:11,2026-08-01 12:23:11
C01273,Thomas Jackson,thomas.jackson1273@example.com,0477483781,M,2026-09-14,Melbourne,VIC,2026-08-24 09:21:06,2026-09-30 12:00:00
C01274,Henry Brown,henry.brown1274@example.com,0446798988,Other,2025-02-28,Brisbane,QLD,2026-05-06 12:02:44,2026-09-30 12:00:00
C01275,Lucas Smith,lucas.smith1275@example.com,0496912487,Other,2025-04-17,Adelaide,SA,2026-09-15 20:29:31,2026-09-30 12:00:00
C01276,Olivia Moore,olivia.moore1276@example.com,0427669523,M,2026-03-06,Melbourne,VIC,2026-09-20 22:09:45,2026-09-30 12:00:00
C01277,Emma Brown,emma.brown1277@example.com,0436062717,Other,2026-09-21,Adelaide,SA,2025-03-05 10:06:54,2025-12-08 18:06:54
C01278,James Thompson,james.thompson1278@example.com,0499187054,F,2026-03-03,Gold Coast,QLD,2025-06-23 18:46:23,2026-03-14 18:46:23
C01279,Olivia Wilson,olivia.wilson1279@example.com,0469511989,M,2025-10-10,Parramatta,NSW,2026-05-29 04:46:17,2026-07-10 09:46:17
C01280,Amelia Jackson,amelia.jackson1280@example.com,0446743866,Other,2025-12-26,Canberra,ACT,2026-02-24 05:40:47,2026-02-25 14:40:47
C01281,Emma Thompson,emma.thompson1281@example.com,0425604379,M,2025-07-06,Adelaide,SA,2026-08-05 22:05:36,2026-09-30 12:00:00
C01282,Noah Thomas,noah.thomas1282@example.com,0439195825,Other,2026-01-19,Gold Coast,QLD,2026-08-29 20:01:49,2026-09-30 12:00:00
C01283,Charlie Wilson,charlie.wilson1283@example.com,0427815365,F,2025-02-24,Parramatta,NSW,2025-11-12 21:41:57,2026-02-18 20:41:57
C01284,Leo Martin,leo.martin1284@example.com,0435265855,F,2025-07-24,Sydney,NSW,2025-10-13 04:36:20,2026-05-12 11:36:20
C01285,Ava Martin,ava.martin1285@example.com,0458803337,F,2026-06-20,Brisbane,QLD,2026-03-27 08:05:31,2026-09-25 02:05:31
C01286,Charlie Thomas,charlie.thomas1286@example.com,0468230817,F,2025-10-23,Melbourne,VIC,2026-08-23 12:09:34,2026-09-30 12:00:00
C01287,William Thompson,william.thompson1287@example.com,0438282626,F,2025-08-12,Canberra,ACT,2026-07-19 23:50:17,2026-09-04 15:50:17
C01288,Charlie Harris,charlie.harris1288@example.com,0428765689,F,2026-08-24,Melbourne,VIC,2025-04-29 16:42:40,2025-08-03 07:42:40
C01289,Jack Moore,jack.moore1289@example.com,0424040914,Other,2026-01-03,Hobart,TAS,2026-01-22 21:37:57,2026-02-09 07:37:57
C01290,James Thomas,james.thomas1290@example.com,0458050555,F,2025-06-16,Perth,WA,2026-05-02 10:21:41,2026-06-22 15:21:41
C01291,Charlie King,charlie.king1291@example.com,0487304740,Other,2026-03-22,Sydney,NSW,2025-01-23 14:51:39,2025-09-14 08:51:39
C01292,Leo Allen,leo.allen1292@example.com,0463841858,F,2025-02-11,Parramatta,NSW,2025-09-16 23:23:38,2026-03-08 14:23:38
C01293,Mia Young,mia.young1293@example.com,0489601320,M,2025-06-17,Geelong,VIC,2026-03-08 13:49:17,2026-09-30 12:00:00
C01294,Thomas Thomas,thomas.thomas1294@example.com,0427433651,Other,2025-12-08,Brisbane,QLD,2026-09-04 22:33:12,2026-09-30 12:00:00
C01295,Olivia Wilson,olivia.wilson1295@example.com,0410113173,Other,2025-06-01,Brisbane,QLD,2025-05-25 11:29:25,2025-08-18 01:29:25
C01296,William Thomas,william.thomas1296@example.com,0422101995,Other,2025-09-08,Brisbane,QLD,2025-11-11 02:11:15,2026-02-23 15:11:15
C01297,Liam King,liam.king1297@example.com,0483796808,Other,2026-02-08,Gold Coast,QLD,2025-01-06 15:10:22,2025-02-27 06:10:22
C01298,William Allen,william.allen1298@example.com,0427247299,F,2025-05-17,Perth,WA,2026-04-20 22:15:48,2026-06-09 10:15:48
C01299,Leo Thompson,leo.thompson1299@example.com,0475539768,Other,2026-08-24,Brisbane,QLD,2026-03-11 19:25:34,2026-04-17 06:25:34
C01300,James White,james.white1300@example.com,0410213612,Other,2026-09-06,Hobart,TAS,2025-07-02 07:23:23,2025-12-23 23:23:23
C01301,Leo Wilson,leo.wilson1301@example.com,0468438483,M,2025-12-14,Parramatta,NSW,2025-05-22 15:12:02,2025-09-08 00:12:02
C01302,Leo Thomas,leo.thomas1302@example.com,0414674355,F,2026-03-08,Perth,WA,2025-06-04 09:19:24,2026-05-16 00:19:24
C01303,Ava Thomas,ava.thomas1303@example.com,0423610361,Other,2026-02-19,Perth,WA,2026-06-14 03:29:51,2026-07-26 14:29:51
C01304,James Thomas,james.thomas1304@example.com,0411555403,F,2026-02-16,Gold Coast,QLD,2025-05-12 18:32:24,2026-04-29 08:32:24
C01305,Grace Brown,grace.brown1305@example.com,0470434208,Other,2026-01-17,Brisbane,QLD,2026-03-12 08:47:40,2026-05-11 03:47:40
C01306,Chloe Thompson,chloe.thompson1306@example.com,0461468716,Other,2025-03-23,Canberra,ACT,2026-01-09 03:50:11,2026-08-14 20:50:11
C01307,Liam Smith,liam.smith1307@example.com,0471067638,F,2025-02-19,Gold Coast,QLD,2026-08-28 08:12:32,2026-09-30 12:00:00
C01308,Charlie Martin,charlie.martin1308@example.com,0459566126,F,2026-03-12,Melbourne,VIC,2025-05-05 15:29:23,2025-05-31 10:29:23
C01309,Jack Martin,jack.martin1309@example.com,0412351359,F,2025-11-29,Melbourne,VIC,2026-07-10 08:11:18,2026-09-30 12:00:00
C01310,Sophia Brown,sophia.brown1310@example.com,0463179019,M,2025-06-29,Hobart,TAS,2025-04-25 11:46:02,2026-01-23 10:46:02
C01311,Noah King,noah.king1311@example.com,0446869104,F,2026-04-15,Geelong,VIC,2025-05-10 23:09:40,2026-01-18 12:09:40
C01312,Amelia White,amelia.white1312@example.com,0415138845,M,2026-09-16,Canberra,ACT,2026-08-06 14:02:04,2026-09-30 12:00:00
C01313,Emma Clark,emma.clark1313@example.com,0466711004,F,2025-01-23,Canberra,ACT,2025-03-22 10:59:40,2026-04-09 19:59:40
C01314,Ava Harris,ava.harris1314@example.com,0450695005,Other,2026-06-11,Geelong,VIC,2026-03-20 03:50:12,2026-09-30 12:00:00
C01315,Ella White,ella.white1315@example.com,0446881253,Other,2025-07-10,Melbourne,VIC,2026-01-19 18:30:13,2026-09-30 12:00:00
C01316,Henry Young,henry.young1316@example.com,0446598410,M,2026-02-21,Melbourne,VIC,2026-09-12 12:58:11,2026-09-30 12:00:00
C01317,William Smith,william.smith1317@example.com,0452702631,M,2025-08-15,Perth,WA,2025-05-13 08:17:29,2026-03-16 04:17:29
C01318,Mia Smith,mia.smith1318@example.com,0491781029,F,2026-08-26,Gold Coast,QLD,2025-08-15 02:39:18,2026-08-23 00:39:18
C01319,Grace Scott,grace.scott1319@example.com,0456030066,F,2025-11-24,Gold Coast,QLD,2026-07-09 12:30:59,2026-09-30 12:00:00
C01320,Isla Hall,isla.hall1320@example.com,0432818813,Other,2026-02-04,Sydney,NSW,2026-04-19 23:31:13,2026-09-30 12:00:00
C01321,Henry Clark,henry.clark1321@example.com,0421152419,M,2026-06-27,Melbourne,VIC,2026-08-09 02:40:31,2026-09-30 12:00:00
C01322,Isla Martin,isla.martin1322@example.com,0493867651,Other,2025-06-20,Brisbane,QLD,2025-11-19 14:43:29,2025-12-04 18:43:29
C01323,Amelia Moore,amelia.moore1323@example.com,0484684043,Other,2026-05-18,Hobart,TAS,2026-03-18 13:48:01,2026-09-30 12:00:00
C01324,Mia Clark,mia.clark1324@example.com,0463116625,M,2025-08-05,Canberra,ACT,2025-05-15 12:38:54,2025-07-17 15:38:54
C01325,Emma Wright,emma.wright1325@example.com,0483829193,F,2025-12-27,Brisbane,QLD,2025-07-02 05:49:49,2026-07-13 17:49:49
C01326,William Walker,william.walker1326@example.com,0499152055,Other,2025-11-22,Hobart,TAS,2025-10-13 10:49:23,2026-08-31 13:49:23
C01327,Thomas King,thomas.king1327@example.com,0448424310,F,2025-06-10,Canberra,ACT,2026-02-06 07:54:25,2026-09-30 12:00:00
C01328,Ava Clark,ava.clark1328@example.com,0498072413,M,2025-04-11,Brisbane,QLD,2025-01-04 17:53:21,2026-01-30 07:53:21
C01329,Leo Wright,leo.wright1329@example.com,0440090623,M,2026-09-17,Perth,WA,2026-03-05 13:12:40,2026-03-20 08:12:40
C01330,Amelia Young,amelia.young1330@example.com,0491847649,M,2025-06-20,Geelong,VIC,2026-09-06 18:46:26,2026-09-18 04:46:26
C01331,Lucas Allen,lucas.allen1331@example.com,0484095884,Other,2025-07-17,Geelong,VIC,2026-01-15 00:47:38,2026-09-30 12:00:00
C01332,Ava Hall,ava.hall1332@example.com,0453315309,M,2025-10-28,Gold Coast,QLD,2025-09-03 05:30:59,2026-09-02 11:30:59
C01333,Noah Smith,noah.smith1333@example.com,0469546123,M,2025-07-01,Parramatta,NSW,2026-08-15 14:29:15,2026-09-30 12:00:00
C01334,Charlie Young,charlie.young1334@example.com,0472037075,Other,2025-03-13,Geelong,VIC,2026-09-11 10:55:58,2026-09-30 12:00:00
C01335,James Brown,james.brown1335@example.com,0444900534,Other,2026-07-05,Perth,WA,2026-06-17 15:55:24,2026-07-24 04:55:24
C01336,Emma Scott,emma.scott1336@example.com,0449320837,F,2025-02-10,Canberra,ACT,2025-01-25 14:30:52,2026-01-31 15:30:52
C01337,Isla Clark,isla.clark1337@example.com,0445232032,Other,2025-04-25,Canberra,ACT,2026-03-27 13:50:07,2026-05-19 17:50:07
C01338,Ava Moore,ava.moore1338@example.com,0445501623,M,2025-12-04,Perth,WA,2025-12-14 04:58:15,2026-08-18 10:58:15
C01339,Noah Hall,noah.hall1339@example.com,0454380596,F,2025-09-22,Adelaide,SA,2025-09-08 08:21:18,2026-08-26 22:21:18
C01340,Lucas Harris,lucas.harris1340@example.com,0439665008,F,2026-08-01,Hobart,TAS,2025-02-06 04:09:33,2025-07-03 04:09:33
C01341,Isla Martin,isla.martin1341@example.com,0469037325,Other,2025-10-29,Brisbane,QLD,2025-06-12 18:40:19,2026-02-11 16:40:19
C01342,Liam Anderson,liam.anderson1342@example.com,0440590640,M,2025-08-05,Sydney,NSW,2026-09-15 09:54:24,2026-09-30 12:00:00
C01343,Lucas Martin,lucas.martin1343@example.com,0479366132,F,2026-05-04,Sydney,NSW,2026-08-22 00:16:23,2026-09-30 12:00:00
C01344,Amelia Thomas,amelia.thomas1344@example.com,0460246095,F,2026-05-12,Gold Coast,QLD,2025-06-09 18:54:32,2025-11-17 10:54:32
C01345,Ava Young,ava.young1345@example.com,0418690946,F,2025-08-19,Adelaide,SA,2025-06-29 15:57:24,2025-07-07 12:57:24
C01346,Sophia Jackson,sophia.jackson1346@example.com,0497241075,M,2026-01-01,Parramatta,NSW,2025-06-03 08:38:49,2026-06-11 11:38:49
C01347,Chloe Hall,chloe.hall1347@example.com,0440651479,Other,2025-07-27,Hobart,TAS,2025-01-13 23:54:52,2026-02-18 15:54:52
C01348,Isla Brown,isla.brown1348@example.com,0481773449,Other,2026-07-05,Perth,WA,2025-04-12 10:32:04,2025-08-29 03:32:04
C01349,Noah Brown,noah.brown1349@example.com,0434519519,Other,2025-09-08,Adelaide,SA,2026-08-04 16:15:15,2026-09-30 12:00:00
C01350,Mia Hall,mia.hall1350@example.com,0435503269,Other,2025-03-07,Sydney,NSW,2025-02-11 19:17:35,2025-07-03 21:17:35
C01351,Liam Young,liam.young1351@example.com,0474059746,F,2025-04-11,Brisbane,QLD,2025-03-04 06:14:15,2025-12-29 00:14:15
C01352,Ella Brown,ella.brown1352@example.com,0473892444,M,2025-04-13,Gold Coast,QLD,2025-03-16 06:30:07,2025-10-28 08:30:07
C01353,Ella Wright,ella.wright1353@example.com,0467680826,M,2026-03-30,Parramatta,NSW,2026-09-05 15:19:36,2026-09-10 09:19:36
C01354,William Wright,william.wright1354@example.com,0446338537,F,2025-06-30,Hobart,TAS,2026-04-13 00:16:48,2026-09-30 12:00:00
C01355,Jack Young,jack.young1355@example.com,0443423167,F,2025-10-09,Adelaide,SA,2026-06-11 09:41:19,2026-09-30 12:00:00
C01356,Ella Young,ella.young1356@example.com,0452843311,Other,2026-04-27,Brisbane,QLD,2026-03-27 03:48:11,2026-09-30 12:00:00
C01357,Chloe Thomas,chloe.thomas1357@example.com,0455960407,Other,2026-07-06,Sydney,NSW,2025-03-09 13:43:19,2025-04-27 03:43:19
C01358,Ava Jackson,ava.jackson1358@example.com,0481189018,F,2025-04-16,Geelong,VIC,2025-08-26 06:19:32,2026-01-29 16:19:32
C01359,Sophia Scott,sophia.scott1359@example.com,0463182430,M,2025-06-11,Parramatta,NSW,2026-08-08 21:09:20,2026-09-30 12:00:00
C01360,Amelia Thomas,amelia.thomas1360@example.com,0446155999,M,2025-09-27,Gold Coast,QLD,2026-06-13 15:41:38,2026-09-30 12:00:00
C01361,Chloe Martin,chloe.martin1361@example.com,0452325110,F,2025-11-12,Gold Coast,QLD,2025-05-29 09:21:46,2025-11-27 08:21:46
C01362,Grace Wright,grace.wright1362@example.com,0457460993,Other,2025-05-24,Perth,WA,2026-03-04 00:48:25,2026-04-01 13:48:25
C01363,Charlie Harris,charlie.harris1363@example.com,0460126991,M,2025-11-26,Melbourne,VIC,2025-07-27 06:42:45,2025-12-05 15:42:45
C01364,Grace Clark,grace.clark1364@example.com,0477503923,F,2025-10-08,Gold Coast,QLD,2026-07-26 17:47:12,2026-09-30 12:00:00
C01365,Emma Wilson,emma.wilson1365@example.com,0473065119,M,2026-02-04,Parramatta,NSW,2025-06-14 10:46:30,2026-06-19 04:46:30
C01366,Chloe White,chloe.white1366@example.com,0495849506,F,2025-10-10,Brisbane,QLD,2026-09-14 18:24:03,2026-09-30 12:00:00
C01367,Ella Moore,ella.moore1367@example.com,0453559761,Other,2026-02-28,Adelaide,SA,2025-10-19 03:30:08,2026-09-30 12:00:00
C01368,Liam Anderson,liam.anderson1368@example.com,0442913766,F,2026-08-10,Hobart,TAS,2025-11-03 18:12:35,2025-12-19 08:12:35
C01369,Ella Harris,ella.harris1369@example.com,0452139163,F,2026-04-02,Canberra,ACT,2026-06-28 09:44:01,2026-09-07 11:44:01
C01370,William Thomas,william.thomas1370@example.com,0444765857,F,2026-09-11,Gold Coast,QLD,2026-04-25 07:29:23,2026-09-30 12:00:00
C01371,James Anderson,james.anderson1371@example.com,0480920296,M,2026-06-09,Geelong,VIC,2026-02-25 13:25:51,2026-09-30 12:00:00
C01372,Isla Smith,isla.smith1372@example.com,0476036393,F,2026-08-12,Hobart,TAS,2026-03-24 01:32:55,2026-09-07 18:32:55
C01373,Jack Wilson,jack.wilson1373@example.com,0431236454,Other,2025-03-31,Geelong,VIC,2026-08-02 02:35:49,2026-09-28 19:35:49
C01374,Lucas Hall,lucas.hall1374@example.com,0472507231,F,2025-06-05,Hobart,TAS,2025-07-15 02:49:43,2026-02-20 10:49:43
C01375,Jack Wilson,jack.wilson1375@example.com,0468035365,M,2026-02-16,Sydney,NSW,2026-08-13 10:29:33,2026-09-30 12:00:00
C01376,Lucas Martin,lucas.martin1376@example.com,0430199086,F,2025-08-17,Melbourne,VIC,2026-02-04 00:00:14,2026-07-19 13:00:14
C01377,Lucas Thompson,lucas.thompson1377@example.com,0457599687,Other,2026-08-14,Canberra,ACT,2026-04-14 20:42:12,2026-09-30 12:00:00
C01378,Liam Jackson,liam.jackson1378@example.com,0490788531,M,2025-05-11,Sydney,NSW,2025-07-31 09:11:06,2025-08-14 02:11:06
C01379,Ella Moore,ella.moore1379@example.com,0437071907,F,2025-06-17,Geelong,VIC,2025-12-02 10:59:14,2026-09-30 12:00:00
C01380,Grace Harris,grace.harris1380@example.com,0460346941,M,2026-03-31,Parramatta,NSW,2025-08-11 11:01:08,2026-03-24 14:01:08
C01381,William Clark,william.clark1381@example.com,0489217610,M,2025-04-06,Melbourne,VIC,2026-04-03 14:25:12,2026-07-18 02:25:12
C01382,Ava Young,ava.young1382@example.com,0475647021,Other,2026-09-12,Hobart,TAS,2026-06-13 03:10:48,2026-09-28 06:10:48
C01383,Isla Thompson,isla.thompson1383@example.com,0474153249,F,2026-06-05,Perth,WA,2025-07-15 06:05:51,2026-03-31 17:05:51
C01384,Emma Hall,emma.hall1384@example.com,0457604491,F,2025-11-14,Melbourne,VIC,2025-01-08 12:51:26,2025-07-31 15:51:26
C01385,Noah Walker,noah.walker1385@example.com,0473265064,M,2025-10-09,Brisbane,QLD,2025-08-23 22:05:41,2026-07-19 10:05:41
C01386,Jack Brown,jack.brown1386@example.com,0430905527,M,2026-04-27,Sydney,NSW,2025-09-12 05:36:00,2025-11-16 21:36:00
C01387,Olivia Brown,olivia.brown1387@example.com,0465683763,M,2026-03-06,Hobart,TAS,2025-08-03 23:42:18,2026-02-10 18:42:18
C01388,Ava Thomas,ava.thomas1388@example.com,0458998598,M,2025-06-16,Canberra,ACT,2025-06-05 23:51:51,2026-05-14 04:51:51
C01389,James Allen,james.allen1389@example.com,0453093653,M,2025-01-27,Parramatta,NSW,2025-11-10 12:40:23,2026-03-26 07:40:23
C01390,Jack Smith,jack.smith1390@example.com,0482407098,F,2026-09-05,Adelaide,SA,2025-02-05 23:55:09,2025-09-02 00:55:09
C01391,Thomas Thomas,thomas.thomas1391@example.com,0466355725,M,2025-04-26,Sydney,NSW,2025-04-13 00:22:57,2025-08-05 02:22:57
C01392,Chloe Hall,chloe.hall1392@example.com,0410096855,F,2026-05-03,Perth,WA,2026-07-04 14:08:54,2026-09-30 12:00:00
C01393,Chloe Harris,chloe.harris1393@example.com,0422938359,F,2026-05-20,Sydney,NSW,2025-11-27 21:34:23,2026-09-30 12:00:00
C01394,Lucas Jackson,lucas.jackson1394@example.com,0498477659,M,2025-04-08,Sydney,NSW,2025-08-13 16:08:51,2025-10-25 23:08:51
C01395,Leo Martin,leo.martin1395@example.com,0498499057,F,2025-12-03,Hobart,TAS,2025-04-18 07:14:16,2025-07-22 06:14:16
C01396,Charlie Wright,charlie.wright1396@example.com,0454015900,F,2026-01-19,Canberra,ACT,2026-06-14 18:56:17,2026-09-30 12:00:00
C01397,Liam Wright,liam.wright1397@example.com,0411922230,M,2025-02-04,Melbourne,VIC,2026-01-30 20:03:50,2026-05-12 01:03:50
C01398,Mia Thomas,mia.thomas1398@example.com,0435199145,Other,2026-08-15,Perth,WA,2025-11-27 00:36:30,2026-08-01 11:36:30
C01399,Leo Hall,leo.hall1399@example.com,0447487708,Other,2026-06-11,Parramatta,NSW,2026-04-10 19:16:34,2026-09-30 12:00:00
C01400,Jack Thompson,jack.thompson1400@example.com,0471245697,Other,2025-04-09,Sydney,NSW,2025-09-19 10:51:55,2026-05-27 03:51:55
C01401,Jack Young,jack.young1401@example.com,0426942058,M,2025-08-21,Brisbane,QLD,2025-03-06 11:27:41,2025-03-20 04:27:41
C01402,Charlie Taylor,charlie.taylor1402@example.com,0470742222,F,2026-07-21,Geelong,VIC,2026-07-18 22:18:08,2026-09-30 12:00:00
C01403,Noah Young,noah.young1403@example.com,0412244018,M,2025-12-29,Sydney,NSW,2026-02-12 16:12:09,2026-09-30 12:00:00
C01404,Thomas Scott,thomas.scott1404@example.com,0482404720,M,2026-06-28,Sydney,NSW,2026-07-31 16:33:03,2026-09-30 12:00:00
C01405,Ava Moore,ava.moore1405@example.com,0440367766,Other,2025-06-05,Sydney,NSW,2025-04-13 21:10:40,2026-03-04 16:10:40
C01406,Ella Scott,ella.scott1406@example.com,0480027906,F,2026-05-03,Perth,WA,2025-07-27 08:03:25,2025-12-25 20:03:25
C01407,Charlie Thompson,charlie.thompson1407@example.com,0499673571,F,2025-08-02,Sydney,NSW,2025-11-04 00:04:16,2026-09-30 12:00:00
C01408,Amelia Scott,amelia.scott1408@example.com,0442542841,F,2025-06-13,Geelong,VIC,2025-03-02 13:08:09,2025-11-03 18:08:09
C01409,Grace Clark,grace.clark1409@example.com,0447073335,M,2026-02-16,Hobart,TAS,2025-07-18 07:53:22,2025-08-23 14:53:22
C01410,Emma Wright,emma.wright1410@example.com,0411445395,Other,2025-05-01,Sydney,NSW,2025-07-30 14:09:43,2025-12-19 00:09:43
C01411,Thomas Martin,thomas.martin1411@example.com,0468823870,F,2025-05-08,Canberra,ACT,2025-04-16 20:38:30,2025-08-13 17:38:30
C01412,Ella Scott,ella.scott1412@example.com,0446521017,M,2026-01-26,Adelaide,SA,2025-06-07 02:56:48,2026-06-10 12:56:48
C01413,Henry Taylor,henry.taylor1413@example.com,0475404850,F,2025-08-19,Adelaide,SA,2026-03-13 18:10:56,2026-09-30 12:00:00
C01414,Thomas Taylor,thomas.taylor1414@example.com,0476374934,Other,2026-03-19,Geelong,VIC,2026-09-10 19:55:23,2026-09-30 12:00:00
C01415,Grace Brown,grace.brown1415@example.com,0478158923,F,2026-03-06,Geelong,VIC,2025-10-14 23:46:17,2026-02-20 19:46:17
C01416,Henry Moore,henry.moore1416@example.com,0488622613,F,2025-08-15,Geelong,VIC,2025-01-14 03:45:51,2025-09-19 10:45:51
C01417,Lucas Walker,lucas.walker1417@example.com,0460442020,Other,2026-06-16,Brisbane,QLD,2025-04-17 22:31:35,2026-02-22 16:31:35
C01418,Leo Brown,leo.brown1418@example.com,0487259150,M,2025-05-01,Hobart,TAS,2025-04-21 18:53:50,2026-03-16 21:53:50
C01419,Mia Moore,mia.moore1419@example.com,0415350579,F,2026-03-27,Hobart,TAS,2026-09-11 13:52:25,2026-09-30 12:00:00
C01420,Charlie Wright,charlie.wright1420@example.com,0467954859,Other,2025-01-27,Canberra,ACT,2025-02-08 12:52:51,2025-12-27 11:52:51
C01421,William Wright,william.wright1421@example.com,0413808371,Other,2026-04-13,Sydney,NSW,2025-01-25 20:21:06,2025-06-24 09:21:06
C01422,Henry Moore,henry.moore1422@example.com,0471499176,Other,2025-09-27,Gold Coast,QLD,2025-12-27 07:17:28,2026-01-20 17:17:28
C01423,Ava Jackson,ava.jackson1423@example.com,0433093235,F,2025-04-02,Canberra,ACT,2026-07-15 20:20:47,2026-09-30 12:00:00
C01424,Jack Moore,jack.moore1424@example.com,0451048501,M,2025-04-03,Hobart,TAS,2026-07-06 23:51:53,2026-09-30 12:00:00
C01425,Leo Thompson,leo.thompson1425@example.com,0445524800,Other,2026-05-13,Hobart,TAS,2026-05-25 20:11:48,2026-09-30 12:00:00
C01426,Isla Thompson,isla.thompson1426@example.com,0435473149,Other,2025-11-14,Adelaide,SA,2026-01-06 05:10:20,2026-01-14 08:10:20
C01427,Thomas King,thomas.king1427@example.com,0420191870,M,2025-04-06,Brisbane,QLD,2026-07-28 17:11:25,2026-09-30 12:00:00
C01428,Noah Scott,noah.scott1428@example.com,0463251788,M,2026-01-30,Perth,WA,2025-09-27 04:45:21,2026-06-26 15:45:21
C01429,Emma Martin,emma.martin1429@example.com,0443004621,Other,2025-06-08,Hobart,TAS,2026-08-07 02:20:14,2026-09-30 12:00:00
C01430,Henry Smith,henry.smith1430@example.com,0496959001,M,2025-05-29,Adelaide,SA,2025-08-18 22:14:15,2025-12-12 12:14:15
C01431,James Martin,james.martin1431@example.com,0484668321,Other,2026-08-05,Parramatta,NSW,2025-01-22 19:30:53,2025-09-04 08:30:53
C01432,William Walker,william.walker1432@example.com,0445096899,Other,2026-01-08,Sydney,NSW,2026-06-16 18:25:40,2026-09-30 12:00:00
C01433,Henry Walker,henry.walker1433@example.com,0428051318,F,2025-09-10,Gold Coast,QLD,2026-01-09 07:20:34,2026-07-10 09:20:34
C01434,Ella Wright,ella.wright1434@example.com,0424067040,Other,2025-08-22,Sydney,NSW,2025-04-09 16:45:30,2026-01-09 02:45:30
C01435,Isla King,isla.king1435@example.com,0493054727,F,2026-05-25,Parramatta,NSW,2026-04-22 08:36:53,2026-05-19 22:36:53
C01436,Lucas Walker,lucas.walker1436@example.com,0417723661,F,2026-05-04,Geelong,VIC,2025-06-25 00:35:28,2026-04-07 20:35:28
C01437,Liam Wilson,liam.wilson1437@example.com,0413701318,Other,2026-09-05,Gold Coast,QLD,2025-03-08 23:17:36,2025-07-16 22:17:36
C01438,Chloe Walker,chloe.walker1438@example.com,0450890916,F,2025-08-27,Sydney,NSW,2026-02-10 06:42:28,2026-07-18 23:42:28
C01439,Lucas Young,lucas.young1439@example.com,0491818380,M,2026-01-02,Perth,WA,2025-05-28 17:43:37,2025-11-05 17:43:37
C01440,Lucas Taylor,lucas.taylor1440@example.com,0436121315,M,2026-09-08,Geelong,VIC,2026-09-21 02:33:26,2026-09-30 12:00:00
C01441,Ava Thomas,ava.thomas1441@example.com,0464164273,Other,2026-02-01,Melbourne,VIC,2026-05-22 23:07:21,2026-07-07 02:07:21
C01442,Grace Clark,grace.clark1442@example.com,0433811694,Other,2026-03-17,Adelaide,SA,2025-05-22 10:11:06,2025-10-28 21:11:06
C01443,Henry Allen,henry.allen1443@example.com,0496869105,Other,2025-03-25,Geelong,VIC,2025-07-08 08:25:12,2025-11-01 19:25:12
C01444,Jack Hall,jack.hall1444@example.com,0484776506,M,2026-01-18,Geelong,VIC,2026-06-21 08:01:56,2026-09-30 12:00:00
C01445,Emma Thomas,emma.thomas1445@example.com,0413711597,Other,2026-07-31,Melbourne,VIC,2026-06-26 00:00:20,2026-09-30 12:00:00
C01446,Isla Wilson,isla.wilson1446@example.com,0439309642,F,2025-04-10,Sydney,NSW,2025-07-13 20:39:31,2025-10-15 13:39:31
C01447,Liam Scott,liam.scott1447@example.com,0478092509,M,2026-04-01,Gold Coast,QLD,2026-08-11 05:57:28,2026-09-30 12:00:00
C01448,James Scott,james.scott1448@example.com,0424465305,F,2025-07-04,Melbourne,VIC,2026-07-05 03:51:59,2026-09-30 12:00:00
C01449,Lucas Young,lucas.young1449@example.com,0455284617,F,2026-07-16,Sydney,NSW,2025-04-13 15:12:38,2025-07-02 10:12:38
C01450,Leo Hall,leo.hall1450@example.com,0442138616,F,2025-07-12,Geelong,VIC,2026-07-22 02:21:15,2026-09-30 12:00:00
C01451,Leo Brown,leo.brown1451@example.com,0489340557,M,2026-06-17,Gold Coast,QLD,2025-03-02 15:51:53,2026-02-03 13:51:53
C01452,Noah Thompson,noah.thompson1452@example.com,0483334032,Other,2025-07-25,Canberra,ACT,2026-07-31 18:44:34,2026-09-30 12:00:00
C01453,Sophia Thompson,sophia.thompson1453@example.com,0468403344,F,2025-03-26,Sydney,NSW,2026-04-04 06:18:40,2026-09-30 12:00:00
C01454,Chloe Smith,chloe.smith1454@example.com,0451056878,F,2025-10-22,Adelaide,SA,2025-04-17 10:35:30,2026-02-23 22:35:30
C01455,Olivia Young,olivia.young1455@example.com,0486675220,Other,2025-06-27,Melbourne,VIC,2025-07-12 02:19:57,2026-05-09 01:19:57
C01456,Jack Brown,jack.brown1456@example.com,0482177418,M,2026-03-21,Canberra,ACT,2025-01-29 01:19:24,2025-05-05 12:19:24
C01457,Thomas Young,thomas.young1457@example.com,0423240677,F,2025-07-10,Sydney,NSW,2026-06-05 11:43:44,2026-06-27 17:43:44
C01458,Mia Thompson,mia.thompson1458@example.com,0412092818,M,2026-01-26,Geelong,VIC,2025-07-28 15:13:36,2026-06-21 10:13:36
C01459,William Taylor,,0462333608,M,2026-01-16,Brisbane,QLD,2025-01-05 07:42:52,2025-06-23 12:42:52
C01460,Leo Brown,leo.brown1460@example.com,0466752704,Other,2026-08-08,Sydney,NSW,2025-05-26 19:15:39,2026-05-04 03:15:39
C01461,Sophia Jackson,sophia.jackson1461@example.com,0447324162,M,2026-05-15,Brisbane,QLD,2026-02-24 22:00:26,2026-09-24 10:00:26
C01462,Henry Scott,henry.scott1462@example.com,0498981391,Other,2025-08-17,Melbourne,VIC,2026-02-09 01:44:49,2026-09-26 05:44:49
C01463,Noah Taylor,noah.taylor1463@example.com,0432463582,Other,2025-09-20,Geelong,VIC,2025-06-12 15:04:11,2026-03-14 01:04:11
C01464,Leo Martin,leo.martin1464@example.com,0426025691,F,2025-07-26,Canberra,ACT,2025-10-21 09:54:36,2026-03-03 12:54:36
C01465,Noah King,noah.king1465@example.com,0424675889,M,2025-08-23,Adelaide,SA,2025-07-25 04:33:02,2026-03-22 19:33:02
C01466,Olivia Clark,olivia.clark1466@example.com,0492586963,F,2026-03-25,Sydney,NSW,2025-03-27 22:51:04,2025-07-29 11:51:04
C01467,Liam Hall,liam.hall1467@example.com,0438243618,Other,2025-11-22,Hobart,TAS,2025-02-12 21:59:32,2026-03-12 03:59:32
C01468,Olivia Wright,olivia.wright1468@example.com,0472013345,M,2025-02-27,Melbourne,VIC,2025-06-06 10:55:16,2025-09-03 21:55:16
C01469,Leo Clark,leo.clark1469@example.com,0436083751,F,2026-03-26,Sydney,NSW,2025-10-26 16:04:14,2026-01-29 12:04:14
C01470,James Hall,james.hall1470@example.com,0429241916,Other,2025-11-22,Geelong,VIC,2025-09-09 19:33:18,2026-06-22 00:33:18
C01471,Olivia Taylor,olivia.taylor1471@example.com,0432805637,Other,2025-11-26,Geelong,VIC,2026-02-24 16:34:01,2026-09-30 12:00:00
C01472,Isla Brown,isla.brown1472@example.com,0485525880,M,2026-02-01,Sydney,NSW,2025-04-17 21:14:00,2025-10-29 21:14:00
C01473,Lucas Taylor,lucas.taylor1473@example.com,0473945115,Other,2026-01-31,Parramatta,NSW,2025-02-06 18:34:04,2025-02-17 14:34:04
C01474,Sophia Scott,sophia.scott1474@example.com,0443560111,F,2026-04-11,Perth,WA,2026-04-06 23:15:43,2026-09-30 12:00:00
C01475,Chloe Anderson,chloe.anderson1475@example.com,0433401284,F,2025-09-21,Adelaide,SA,2026-07-04 11:14:09,2026-09-30 12:00:00
C01476,Ava Moore,ava.moore1476@example.com,0482678701,M,2026-02-16,Melbourne,VIC,2026-03-19 09:09:02,2026-09-30 12:00:00
C01477,Liam Moore,liam.moore1477@example.com,0470708263,F,2026-02-02,Parramatta,NSW,2026-02-20 13:56:26,2026-09-30 12:00:00
C01478,Charlie Moore,charlie.moore1478@example.com,0437637454,M,2025-08-11,Gold Coast,QLD,2025-11-30 21:25:08,2026-09-30 12:00:00
C01479,William Wright,william.wright1479@example.com,0460307037,Other,2025-11-11,Parramatta,NSW,2026-09-26 11:57:29,2026-09-30 12:00:00
C01480,William Clark,william.clark1480@example.com,0493697650,F,2025-02-22,Sydney,NSW,2026-04-27 03:34:41,2026-09-30 12:00:00
C01481,William Jackson,william.jackson1481@example.com,0434201500,F,2025-01-25,Gold Coast,QLD,2026-07-19 05:42:24,2026-09-30 12:00:00
C01482,William Clark,william.clark1482@example.com,0496065526,F,2026-08-12,Hobart,TAS,2025-06-26 08:47:43,2026-04-10 12:47:43
C01483,William Anderson,william.anderson1483@example.com,0475321753,F,2026-09-18,Perth,WA,2025-11-21 14:15:55,2026-09-30 12:00:00
C01484,Amelia Young,amelia.young1484@example.com,0454494335,M,2025-11-17,Melbourne,VIC,2025-04-10 02:05:01,2025-04-14 03:05:01
C01485,Isla Jackson,isla.jackson1485@example.com,0452345697,Other,2026-04-03,Sydney,NSW,2025-08-07 09:53:04,2026-02-09 04:53:04
C01486,Chloe Thompson,chloe.thompson1486@example.com,0430403362,M,2026-03-02,Sydney,NSW,2025-10-24 09:06:51,2026-08-07 14:06:51
C01487,Emma King,emma.king1487@example.com,0447746670,Other,2025-09-13,Hobart,TAS,2026-02-24 05:35:35,2026-09-30 12:00:00
C01488,Emma Anderson,emma.anderson1488@example.com,0460918146,F,2025-06-24,Adelaide,SA,2025-04-10 01:08:56,2025-10-22 16:08:56
C01489,James Wright,james.wright1489@example.com,0476003853,Other,2026-08-04,Gold Coast,QLD,2026-03-28 18:36:11,2026-09-30 12:00:00
C01490,Isla Thompson,isla.thompson1490@example.com,0462830211,M,2025-04-24,Geelong,VIC,2026-01-14 02:11:08,2026-09-30 12:00:00
C01491,William Thompson,william.thompson1491@example.com,0493464930,Other,2026-03-04,Brisbane,QLD,2025-03-27 11:38:51,2025-12-05 11:38:51
C01492,Ava Moore,ava.moore1492@example.com,0452757412,M,2025-02-23,Brisbane,QLD,2025-07-16 16:17:33,2025-07-29 07:17:33
C01493,Mia Martin,mia.martin1493@example.com,0498139894,F,2025-03-24,Brisbane,QLD,2026-04-05 13:21:02,2026-08-23 12:21:02
C01494,Jack King,jack.king1494@example.com,0450629111,F,2025-07-24,Melbourne,VIC,2025-05-14 19:00:47,2026-03-03 19:00:47
C01495,Chloe Clark,chloe.clark1495@example.com,0455048155,F,2026-06-09,Perth,WA,2025-02-06 22:43:17,2026-01-29 10:43:17
C01496,Grace Walker,grace.walker1496@example.com,0475609708,F,2025-10-01,Gold Coast,QLD,2025-05-16 11:46:16,2026-02-22 17:46:16
C01497,Noah Hall,noah.hall1497@example.com,0424367955,M,2025-03-18,Geelong,VIC,2025-11-23 16:57:07,2025-12-04 20:57:07
C01498,Ava Moore,ava.moore1498@example.com,0420121566,M,2025-01-14,Geelong,VIC,2025-06-07 18:51:15,2026-07-10 20:51:15
C01499,Jack Scott,jack.scott1499@example.com,0454412731,Other,2025-04-19,Geelong,VIC,2025-06-09 18:40:55,2026-01-31 14:40:55
C01500,Amelia Taylor,amelia.taylor1500@example.com,0422308286,Other,2025-04-04,Melbourne,VIC,2025-05-23 06:58:47,2025-07-03 11:58:47
C01501,James Walker,james.walker1501@example.com,0493946711,Other,2025-07-17,Parramatta,NSW,2025-08-04 01:45:05,2026-02-18 11:45:05
C01502,Chloe Jackson,chloe.jackson1502@example.com,0489431668,M,2026-03-30,Adelaide,SA,2026-09-12 22:11:30,2026-09-30 12:00:00
C01503,Ava Young,ava.young1503@example.com,0487233454,M,2025-05-07,Melbourne,VIC,2025-03-23 05:12:16,2025-06-04 22:12:16
C01504,Noah Jackson,noah.jackson1504@example.com,0449825016,Other,2026-02-27,Sydney,NSW,2025-11-26 07:10:25,2026-09-30 12:00:00
C01505,Thomas Martin,thomas.martin1505@example.com,0481209329,M,2025-09-15,Parramatta,NSW,2026-03-13 08:52:22,2026-09-30 12:00:00
C01506,Sophia Thomas,sophia.thomas1506@example.com,0493194239,F,2025-03-23,Geelong,VIC,2025-03-05 02:31:22,2026-03-15 03:31:22
C01507,Charlie Smith,charlie.smith1507@example.com,0491269754,Other,2025-03-09,Geelong,VIC,2025-11-23 18:49:58,2026-05-28 16:49:58
C01508,Lucas Harris,lucas.harris1508@example.com,0477067918,F,2026-05-16,Gold Coast,QLD,2026-04-07 11:47:51,2026-09-30 12:00:00
C01509,Jack King,jack.king1509@example.com,0464993351,F,2026-04-18,Parramatta,NSW,2025-08-22 18:10:02,2026-08-11 05:10:02
C01510,Jack Clark,jack.clark1510@example.com,0466317377,M,2025-05-23,Adelaide,SA,2026-04-21 14:09:09,2026-09-30 12:00:00
C01511,Jack Clark,jack.clark1511@example.com,0430272064,Other,2025-07-08,Sydney,NSW,2026-02-14 11:00:27,2026-09-30 12:00:00
C01512,William Taylor,william.taylor1512@example.com,0412909930,F,2026-02-06,Melbourne,VIC,2026-02-05 15:09:17,2026-07-27 21:09:17
C01513,Ava Martin,ava.martin1513@example.com,0476993019,F,2026-03-22,Canberra,ACT,2025-10-12 07:12:31,2026-08-19 06:12:31
C01514,Ava Allen,ava.allen1514@example.com,0491579904,F,2025-05-25,Melbourne,VIC,2025-12-28 03:04:20,2026-09-30 12:00:00
C01515,Mia Young,mia.young1515@example.com,0431287253,F,2025-11-15,Adelaide,SA,2025-08-10 13:31:00,2026-01-15 09:31:00
C01516,Amelia Walker,amelia.walker1516@example.com,0460110818,Other,2025-05-12,Hobart,TAS,2025-05-05 19:08:33,2025-09-27 05:08:33
C01517,Isla Wright,isla.wright1517@example.com,0438112706,F,2025-08-28,Adelaide,SA,2025-03-06 00:28:23,2025-10-05 07:28:23
C01518,Jack Allen,jack.allen1518@example.com,0436088942,M,2025-11-26,Brisbane,QLD,2026-07-23 10:36:50,2026-09-30 12:00:00
C01519,Lucas White,lucas.white1519@example.com,0485604580,F,2025-01-20,Hobart,TAS,2026-09-17 07:52:52,2026-09-30 12:00:00
C01520,Jack Young,jack.young1520@example.com,0475892915,F,2026-09-10,Geelong,VIC,2026-01-29 04:39:20,2026-03-11 20:39:20
C01521,Henry Wilson,henry.wilson1521@example.com,0429204323,F,2025-03-02,Adelaide,SA,2026-02-03 06:50:49,2026-06-25 04:50:49
C01522,Chloe White,chloe.white1522@example.com,0485413975,M,2025-10-07,Parramatta,NSW,2025-01-04 10:22:52,2025-11-18 01:22:52
C01523,Jack Allen,jack.allen1523@example.com,0490206794,Other,2025-05-04,Gold Coast,QLD,2026-09-12 17:12:52,2026-09-30 12:00:00
C01524,Sophia Brown,sophia.brown1524@example.com,0411464854,F,2025-09-25,Parramatta,NSW,2026-06-21 16:18:15,2026-09-30 12:00:00
C01525,William Anderson,william.anderson1525@example.com,0420564233,F,2026-04-22,Brisbane,QLD,2025-01-26 00:41:41,2026-02-20 13:41:41
C01526,Liam Hall,liam.hall1526@example.com,0424461271,F,2026-04-12,Perth,WA,2026-07-23 05:38:28,2026-09-30 12:00:00
C01527,Henry Jackson,henry.jackson1527@example.com,0412275825,M,2025-02-23,Hobart,TAS,2026-04-10 09:10:37,2026-06-14 19:10:37
C01528,Jack King,jack.king1528@example.com,0483836812,M,2026-03-21,Adelaide,SA,2026-01-13 04:20:53,2026-09-30 12:00:00
C01529,Jack Clark,jack.clark1529@example.com,0447971392,F,2026-08-03,Sydney,NSW,2025-12-01 19:53:48,2025-12-19 15:53:48
C01530,Lucas Brown,lucas.brown1530@example.com,0418573546,M,2025-05-24,Canberra,ACT,2025-02-27 23:45:45,2025-05-06 14:45:45
C01531,Liam Taylor,liam.taylor1531@example.com,0457926605,F,2025-03-25,Canberra,ACT,2025-06-17 22:15:05,2026-07-09 09:15:05
C01532,Grace Thompson,grace.thompson1532@example.com,0496143448,F,2025-06-08,Geelong,VIC,2026-05-20 12:34:03,2026-09-30 12:00:00
C01533,Ella Wilson,ella.wilson1533@example.com,0442113655,M,2026-07-26,Parramatta,NSW,2026-04-05 05:07:48,2026-08-16 12:07:48
C01534,James Brown,james.brown1534@example.com,0430485751,M,2026-05-28,Parramatta,NSW,2026-05-06 01:02:14,2026-09-30 12:00:00
C01535,Jack Thompson,jack.thompson1535@example.com,0413155879,Other,2026-03-01,Perth,WA,2026-02-10 00:32:48,2026-07-08 15:32:48
C01536,Ella Wilson,ella.wilson1536@example.com,0475963322,M,2025-12-24,Melbourne,VIC,2025-07-24 18:02:13,2025-11-19 12:02:13
C01537,Noah Wright,noah.wright1537@example.com,0410986492,Other,2026-09-30,Gold Coast,QLD,2026-06-06 05:25:13,2026-08-22 22:25:13
C01538,Sophia Harris,sophia.harris1538@example.com,0444397081,F,2025-07-20,Canberra,ACT,2026-01-19 16:24:10,2026-05-03 11:24:10
C01539,Jack Harris,jack.harris1539@example.com,0490982662,Other,2026-06-09,Perth,WA,2025-05-03 20:18:28,2025-05-18 10:18:28
C01540,Leo Jackson,leo.jackson1540@example.com,0437592908,M,2026-08-07,Sydney,NSW,2025-04-26 01:24:51,2025-06-20 00:24:51
C01541,Sophia Jackson,sophia.jackson1541@example.com,0440844582,Other,2025-09-16,Hobart,TAS,2025-11-07 11:29:03,2026-09-30 12:00:00
C01542,William Young,william.young1542@example.com,0437696190,F,2026-02-02,Melbourne,VIC,2025-11-14 00:13:53,2026-02-14 10:13:53
C01543,Jack Hall,jack.hall1543@example.com,0490093137,F,2025-09-12,Perth,WA,2026-09-09 05:58:31,2026-09-30 12:00:00
C01544,Noah Scott,noah.scott1544@example.com,0410001272,F,2026-04-01,Geelong,VIC,2025-01-01 00:39:03,2025-01-06 08:39:03
C01545,Leo Wright,leo.wright1545@example.com,0466796333,Other,2026-01-17,Sydney,NSW,2025-04-10 01:23:13,2026-03-06 07:23:13
C01546,Noah Harris,noah.harris1546@example.com,0429037185,F,2026-04-13,Perth,WA,2025-01-23 09:49:02,2025-03-25 18:49:02
C01547,William Taylor,william.taylor1547@example.com,0441514701,F,2026-08-17,Melbourne,VIC,2026-05-03 05:00:07,2026-06-17 04:00:07
C01548,Ella Harris,ella.harris1548@example.com,0430574887,M,2025-03-08,Brisbane,QLD,2025-01-24 22:36:30,2025-02-26 21:36:30
C01549,Leo Clark,leo.clark1549@example.com,0433491174,M,2026-08-14,Melbourne,VIC,2025-02-08 15:27:53,2025-10-05 04:27:53
C01550,Olivia Wilson,olivia.wilson1550@example.com,0446502180,M,2025-08-29,Brisbane,QLD,2025-10-16 23:30:12,2026-03-01 23:30:12
C01551,Charlie Smith,charlie.smith1551@example.com,0416347764,F,2026-01-08,Melbourne,VIC,2026-07-31 13:35:44,2026-09-30 12:00:00
C01552,Noah Scott,noah.scott1552@example.com,0459831321,Other,2026-07-19,Gold Coast,QLD,2026-04-13 15:34:10,2026-09-30 12:00:00
C01553,Ella Anderson,ella.anderson1553@example.com,0472744663,F,2025-10-27,Gold Coast,QLD,2025-12-22 13:11:37,2026-07-16 00:11:37
C01554,Liam Allen,liam.allen1554@example.com,0428473928,F,2026-01-03,Canberra,ACT,2026-02-22 11:27:05,2026-09-30 12:00:00
C01555,Charlie Hall,charlie.hall1555@example.com,0490368575,F,2026-07-08,Canberra,ACT,2025-06-18 01:21:32,2026-05-04 05:21:32
C01556,Ava Wright,ava.wright1556@example.com,0477294573,Other,2025-02-12,Sydney,NSW,2025-07-30 22:25:05,2026-03-02 01:25:05
C01557,Thomas Taylor,thomas.taylor1557@example.com,0440438208,Other,2025-12-09,Hobart,TAS,2025-01-05 08:59:35,2025-12-11 13:59:35
C01558,Chloe Taylor,chloe.taylor1558@example.com,0462720687,M,2026-08-14,Gold Coast,QLD,2026-01-18 17:59:25,2026-09-30 12:00:00
C01559,Isla Walker,isla.walker1559@example.com,0435277376,Other,2025-01-01,Geelong,VIC,2025-08-20 20:41:29,2025-11-08 18:41:29
C01560,Thomas Taylor,thomas.taylor1560@example.com,0450648859,M,2026-07-09,Adelaide,SA,2025-05-28 02:44:19,2025-09-28 14:44:19
C01561,Emma Jackson,emma.jackson1561@example.com,0419574576,M,2025-09-17,Melbourne,VIC,2025-01-17 00:18:07,2025-05-03 05:18:07
C01562,Charlie Taylor,charlie.taylor1562@example.com,0450294239,F,2026-02-02,Perth,WA,2026-01-02 21:25:00,2026-09-30 12:00:00
C01563,Isla Jackson,isla.jackson1563@example.com,0492517485,Other,2025-02-12,Brisbane,QLD,2026-03-15 19:37:58,2026-09-30 12:00:00
C01564,Chloe Brown,chloe.brown1564@example.com,0461506760,Other,2025-04-11,Adelaide,SA,2025-11-24 11:01:16,2026-09-30 12:00:00
C01565,Grace Wright,grace.wright1565@example.com,0475424216,M,2026-05-02,Hobart,TAS,2025-12-26 21:31:01,2026-07-08 22:31:01
C01566,Henry King,henry.king1566@example.com,0422617221,F,2026-01-24,Geelong,VIC,2025-03-26 07:46:53,2026-03-28 03:46:53
C01567,Jack White,jack.white1567@example.com,0470558903,M,2026-09-21,Hobart,TAS,2026-04-26 01:20:19,2026-09-30 12:00:00
C01568,Grace Taylor,grace.taylor1568@example.com,0477953702,F,2025-03-12,Melbourne,VIC,2025-05-12 18:55:43,2026-06-15 18:55:43
C01569,Thomas Thomas,thomas.thomas1569@example.com,0416538400,F,2026-08-23,Adelaide,SA,2025-10-09 22:36:24,2026-07-11 18:36:24
C01570,Emma Young,emma.young1570@example.com,0448961615,Other,2025-12-06,Adelaide,SA,2025-06-28 14:18:54,2025-09-19 15:18:54
C01571,Grace Taylor,grace.taylor1571@example.com,0461983019,Other,2025-06-30,Sydney,NSW,2025-03-20 06:30:31,2025-07-25 06:30:31
C01572,Leo Brown,leo.brown1572@example.com,0476216456,M,2026-04-01,Brisbane,QLD,2025-07-07 07:21:55,2026-06-22 01:21:55
C01573,Emma Taylor,emma.taylor1573@example.com,0468800423,F,2026-01-11,Sydney,NSW,2025-05-23 04:47:38,2026-03-07 04:47:38
C01574,Grace Smith,grace.smith1574@example.com,0414501241,F,2026-03-23,Canberra,ACT,2026-01-13 20:34:06,2026-08-16 11:34:06
C01575,Ella Walker,ella.walker1575@example.com,0473703158,F,2026-06-04,Geelong,VIC,2025-03-08 02:16:56,2026-02-11 13:16:56
C01576,Mia Anderson,mia.anderson1576@example.com,0436376071,F,2026-07-14,Geelong,VIC,2025-01-25 05:05:36,2025-05-01 02:05:36
C01577,Isla King,isla.king1577@example.com,0465466250,M,2026-07-28,Brisbane,QLD,2026-05-05 02:50:42,2026-08-07 20:50:42
C01578,Olivia White,olivia.white1578@example.com,0411502382,F,2025-03-03,Parramatta,NSW,2025-05-31 09:08:47,2026-05-25 21:08:47
C01579,Thomas Smith,thomas.smith1579@example.com,0450714161,M,2025-11-24,Geelong,VIC,2026-06-22 21:17:37,2026-09-30 12:00:00
C01580,Mia Allen,mia.allen1580@example.com,0423293865,M,2026-02-02,Parramatta,NSW,2025-07-13 21:30:30,2026-03-16 03:30:30
C01581,Ella King,ella.king1581@example.com,0419126002,F,2026-06-10,Geelong,VIC,2025-05-30 21:08:54,2026-02-16 01:08:54
C01582,Noah Wright,noah.wright1582@example.com,0440244897,F,2026-02-21,Sydney,NSW,2025-09-10 20:48:26,2026-07-28 07:48:26
C01583,Olivia Walker,olivia.walker1583@example.com,0460154780,F,2026-04-06,Melbourne,VIC,2025-11-25 12:01:12,2026-09-30 12:00:00
C01584,Amelia White,amelia.white1584@example.com,0495274489,M,2025-09-05,Sydney,NSW,2026-05-06 19:50:32,2026-09-30 12:00:00
C01585,Amelia Young,amelia.young1585@example.com,0418903195,Other,2025-03-28,Brisbane,QLD,2026-05-25 02:27:38,2026-06-09 15:27:38
C01586,Liam Brown,liam.brown1586@example.com,0450734662,Other,2026-09-12,Gold Coast,QLD,2025-10-12 12:17:29,2026-09-09 22:17:29
C01587,Jack Martin,jack.martin1587@example.com,0485187117,Other,2026-09-12,Adelaide,SA,2026-06-08 15:24:48,2026-09-30 12:00:00
C01588,Amelia Wright,amelia.wright1588@example.com,0481503033,Other,2026-09-24,Sydney,NSW,2026-04-26 10:05:44,2026-09-30 12:00:00
C01589,Noah Harris,noah.harris1589@example.com,0453508602,M,2026-08-03,Brisbane,QLD,2025-10-05 09:38:32,2026-01-29 19:38:32
C01590,William Moore,william.moore1590@example.com,0445421420,Other,2026-03-11,Brisbane,QLD,2025-07-16 10:33:43,2026-02-11 18:33:43
C01591,William Scott,william.scott1591@example.com,0482850150,Other,2025-11-25,Sydney,NSW,2025-10-30 06:43:43,2026-05-04 04:43:43
C01592,William Hall,william.hall1592@example.com,0495710818,M,2025-07-30,Hobart,TAS,2026-06-17 05:07:46,2026-09-30 12:00:00
C01593,Amelia Thompson,amelia.thompson1593@example.com,0446338173,Other,2026-04-16,Sydney,NSW,2026-05-24 11:15:25,2026-09-30 12:00:00
C01594,Ella Thompson,ella.thompson1594@example.com,0483911477,F,2025-01-04,Sydney,NSW,2025-09-18 19:04:16,2025-11-21 07:04:16
C01595,Noah Jackson,noah.jackson1595@example.com,0478601151,Other,2026-03-07,Brisbane,QLD,2026-05-22 14:59:35,2026-09-30 12:00:00
C01596,William Harris,william.harris1596@example.com,0468676263,F,2025-11-17,Melbourne,VIC,2026-03-14 20:31:38,2026-05-09 11:31:38
C01597,Emma Anderson,emma.anderson1597@example.com,0419432819,F,2025-04-21,Sydney,NSW,2025-05-06 11:48:51,2025-06-02 12:48:51
C01598,Ella King,ella.king1598@example.com,0437500238,M,2026-08-04,Brisbane,QLD,2025-05-11 03:59:47,2026-04-27 16:59:47
C01599,Olivia Smith,olivia.smith1599@example.com,0442303559,M,2025-08-14,Geelong,VIC,2025-12-12 19:46:17,2026-05-07 08:46:17
C01600,Amelia Scott,amelia.scott1600@example.com,0413080842,Other,2026-08-22,Hobart,TAS,2025-10-01 17:22:53,2026-01-30 21:22:53
C01601,Jack White,jack.white1601@example.com,0422237670,Other,2026-09-21,Sydney,NSW,2026-01-28 06:34:39,2026-02-05 11:34:39
C01602,Henry Allen,henry.allen1602@example.com,0471673933,Other,2025-06-19,Geelong,VIC,2025-04-08 07:54:26,2025-07-30 14:54:26
C01603,Ava White,ava.white1603@example.com,0487797637,Other,2026-01-31,Brisbane,QLD,2025-04-20 00:15:42,2025-09-24 13:15:42
C01604,Charlie Jackson,charlie.jackson1604@example.com,0430184404,Other,2026-01-29,Parramatta,NSW,2025-04-13 02:26:45,2025-11-26 16:26:45
C01605,Amelia Clark,amelia.clark1605@example.com,0468606209,Other,2025-12-17,Melbourne,VIC,2026-07-09 08:13:56,2026-09-30 12:00:00
C01606,Jack Smith,jack.smith1606@example.com,0437577660,F,2025-05-28,Adelaide,SA,2026-06-04 19:24:53,2026-09-30 12:00:00
C01607,Noah Scott,noah.scott1607@example.com,0464371908,F,2025-09-12,Perth,WA,2025-06-22 12:13:13,2025-11-29 23:13:13
C01608,Sophia White,sophia.white1608@example.com,0496634490,Other,2025-03-08,Perth,WA,2026-09-07 15:01:43,2026-09-30 12:00:00
C01609,Charlie Smith,charlie.smith1609@example.com,0468558100,Other,2026-04-02,Perth,WA,2026-08-09 11:23:24,2026-08-20 02:23:24
C01610,Grace Wilson,grace.wilson1610@example.com,0474227310,M,2025-06-22,Perth,WA,2025-09-19 11:14:17,2026-03-25 19:14:17
C01611,Mia Wright,mia.wright1611@example.com,0458932004,M,2025-08-23,Canberra,ACT,2026-09-06 16:51:12,2026-09-25 04:51:12
C01612,Noah Thomas,noah.thomas1612@example.com,0480498380,F,2026-04-09,Geelong,VIC,2026-09-23 22:35:03,2026-09-30 12:00:00
C01613,Liam Martin,liam.martin1613@example.com,0464957378,F,2025-06-20,Sydney,NSW,2026-03-23 08:55:58,2026-06-26 15:55:58
C01614,Thomas Wilson,thomas.wilson1614@example.com,0433614794,F,2026-07-16,Parramatta,NSW,2025-04-05 19:03:36,2026-03-07 18:03:36
C01615,Chloe Walker,chloe.walker1615@example.com,0420341136,M,2025-04-14,Sydney,NSW,2025-08-30 00:51:12,2026-07-04 22:51:12
C01616,Henry Thomas,henry.thomas1616@example.com,0434014770,M,2026-07-01,Canberra,ACT,2025-05-08 14:35:48,2025-11-13 13:35:48
C01617,Ava White,ava.white1617@example.com,0477231416,Other,2025-02-28,Melbourne,VIC,2025-11-30 05:49:17,2026-08-19 05:49:17
C01618,Leo Anderson,leo.anderson1618@example.com,0491734449,F,2026-08-11,Sydney,NSW,2025-02-19 15:09:54,2025-04-27 22:09:54
C01619,Henry Hall,henry.hall1619@example.com,0431754935,Other,2026-09-13,Parramatta,NSW,2026-04-11 05:45:07,2026-09-30 12:00:00
C01620,Olivia Wilson,olivia.wilson1620@example.com,0463018273,Other,2026-07-09,Perth,WA,2025-05-20 00:18:29,2026-02-14 15:18:29
C01621,Leo Young,leo.young1621@example.com,0464384837,F,2026-06-21,Adelaide,SA,2026-06-17 11:50:38,2026-09-30 12:00:00
C01622,Grace Thomas,grace.thomas1622@example.com,0490503553,F,2025-11-02,Canberra,ACT,2026-05-27 04:51:02,2026-09-09 06:51:02
C01623,Emma Scott,emma.scott1623@example.com,0475393775,M,2025-01-17,Perth,WA,2026-01-27 12:19:23,2026-02-08 22:19:23
C01624,William Walker,william.walker1624@example.com,0497116877,F,2026-02-10,Sydney,NSW,2026-04-06 18:50:48,2026-09-30 12:00:00
C01625,Mia Anderson,mia.anderson1625@example.com,0472438718,F,2025-07-29,Melbourne,VIC,2025-08-21 14:16:31,2026-03-14 04:16:31
C01626,Charlie Anderson,charlie.anderson1626@example.com,0449650344,F,2025-02-24,Perth,WA,2025-02-22 07:09:57,2026-01-15 10:09:57
C01627,Isla Hall,isla.hall1627@example.com,0484035401,F,2025-02-11,Perth,WA,2026-03-20 02:38:18,2026-09-17 18:38:18
C01628,Chloe Wilson,chloe.wilson1628@example.com,0411483935,M,2025-05-30,Gold Coast,QLD,2025-12-06 06:19:59,2026-08-22 11:19:59
C01629,Ella Harris,ella.harris1629@example.com,0413239995,F,2026-02-18,Melbourne,VIC,2025-01-26 16:13:40,2025-10-20 03:13:40
C01630,Jack Scott,jack.scott1630@example.com,0479390232,Other,2025-05-07,Adelaide,SA,2025-12-22 19:20:18,2026-06-28 20:20:18
C01631,Charlie Allen,charlie.allen1631@example.com,0486014287,Other,2025-03-10,Perth,WA,2026-06-11 01:42:49,2026-09-30 12:00:00
C01632,Liam Clark,liam.clark1632@example.com,0429087269,M,2025-04-06,Gold Coast,QLD,2026-03-27 23:46:40,2026-08-11 03:46:40
C01633,Amelia Clark,amelia.clark1633@example.com,0427843176,M,2026-03-05,Brisbane,QLD,2026-02-08 07:02:02,2026-07-13 07:02:02
C01634,Lucas Jackson,lucas.jackson1634@example.com,0410076098,M,2025-06-17,Perth,WA,2025-06-05 13:35:36,2025-10-13 19:35:36
C01635,Olivia Harris,olivia.harris1635@example.com,0476234064,M,2025-03-23,Adelaide,SA,2025-03-09 07:29:58,2025-06-02 04:29:58
C01636,Charlie Thompson,charlie.thompson1636@example.com,0454372362,Other,2025-12-01,Hobart,TAS,2026-01-17 15:16:36,2026-09-30 12:00:00
C01637,Thomas Anderson,thomas.anderson1637@example.com,0440359901,M,2026-03-21,Hobart,TAS,2026-06-17 21:17:51,2026-09-30 12:00:00
C01638,Chloe Harris,chloe.harris1638@example.com,0489415669,F,2025-09-21,Gold Coast,QLD,2026-06-06 09:31:46,2026-09-30 12:00:00
C01639,Emma Anderson,emma.anderson1639@example.com,0423233496,Other,2026-07-10,Canberra,ACT,2025-08-17 07:56:15,2026-04-11 11:56:15
C01640,Thomas Moore,thomas.moore1640@example.com,0442547019,M,2026-05-08,Perth,WA,2026-02-14 13:36:21,2026-07-17 15:36:21
C01641,Noah Thompson,noah.thompson1641@example.com,0473508357,M,2025-12-08,Melbourne,VIC,2026-03-23 12:52:27,2026-06-10 01:52:27
C01642,Isla Taylor,isla.taylor1642@example.com,0438726428,F,2026-03-17,Brisbane,QLD,2025-08-30 15:56:31,2026-03-21 09:56:31
C01643,Mia Martin,mia.martin1643@example.com,0489650979,F,2025-03-26,Parramatta,NSW,2026-09-18 05:21:10,2026-09-30 12:00:00
C01644,Emma Wilson,emma.wilson1644@example.com,0496969029,M,2025-02-22,Geelong,VIC,2025-01-09 04:34:27,2025-09-18 06:34:27
C01645,James Allen,james.allen1645@example.com,0457949350,Other,2026-08-09,Sydney,NSW,2025-02-03 04:18:53,2025-08-10 01:18:53
C01646,Noah Brown,noah.brown1646@example.com,0415303441,Other,2025-01-01,Sydney,NSW,2025-11-14 10:06:02,2026-09-08 12:06:02
C01647,William Thomas,william.thomas1647@example.com,0480610268,M,2026-09-20,Perth,WA,2026-05-18 03:17:37,2026-09-30 12:00:00
C01648,Sophia Anderson,sophia.anderson1648@example.com,0479107561,M,2026-05-24,Geelong,VIC,2026-04-19 19:54:16,2026-07-09 15:54:16
C01649,Amelia White,amelia.white1649@example.com,0473439392,F,2026-01-03,Brisbane,QLD,2025-02-02 12:54:21,2026-01-08 17:54:21
C01650,Thomas Martin,thomas.martin1650@example.com,0499423281,F,2025-08-04,Brisbane,QLD,2026-02-15 13:51:59,2026-06-15 22:51:59
C01651,Mia Hall,mia.hall1651@example.com,0429821270,M,2026-04-05,Sydney,NSW,2025-06-08 01:05:03,2026-04-04 04:05:03
C01652,Liam Anderson,liam.anderson1652@example.com,0474638823,F,2026-02-24,Geelong,VIC,2025-10-17 10:44:20,2026-08-09 17:44:20
C01653,Emma King,emma.king1653@example.com,0414541408,F,2025-06-10,Hobart,TAS,2025-11-06 22:13:57,2026-07-07 18:13:57
C01654,Leo Jackson,leo.jackson1654@example.com,0435039993,F,2026-04-20,Gold Coast,QLD,2025-03-09 01:02:53,2025-07-16 13:02:53
C01655,Leo Thompson,leo.thompson1655@example.com,0452250180,Other,2025-07-08,Adelaide,SA,2025-05-17 10:47:45,2025-12-20 07:47:45
C01656,James Thomas,james.thomas1656@example.com,0415640563,M,2025-09-03,Brisbane,QLD,2026-03-02 02:31:56,2026-08-20 06:31:56
C01657,Thomas Scott,thomas.scott1657@example.com,0411238177,Other,2026-01-05,Adelaide,SA,2025-10-12 06:46:11,2026-05-13 07:46:11
C01658,Jack Scott,jack.scott1658@example.com,0437073491,M,2025-06-01,Gold Coast,QLD,2025-12-12 00:06:30,2026-09-30 12:00:00
C01659,Jack Young,jack.young1659@example.com,0492171382,M,2026-03-22,Brisbane,QLD,2026-06-28 12:56:33,2026-09-30 12:00:00
C01660,Olivia Hall,olivia.hall1660@example.com,0448183020,F,2025-01-19,Hobart,TAS,2026-07-15 09:34:48,2026-09-30 12:00:00
C01661,Grace Wright,grace.wright1661@example.com,0440996944,F,2026-08-29,Geelong,VIC,2026-05-01 13:59:29,2026-09-30 12:00:00
C01662,Mia Hall,mia.hall1662@example.com,0487787726,F,2026-02-09,Brisbane,QLD,2025-11-04 20:54:02,2026-03-02 17:54:02
C01663,Henry Smith,henry.smith1663@example.com,0463281778,M,2026-03-17,Canberra,ACT,2025-08-23 01:14:52,2026-04-10 08:14:52
C01664,Olivia Wilson,olivia.wilson1664@example.com,0495901983,F,2026-09-07,Brisbane,QLD,2026-07-03 17:26:01,2026-09-30 12:00:00
C01665,Olivia Allen,olivia.allen1665@example.com,0441518806,F,2026-07-29,Hobart,TAS,2025-08-07 17:42:35,2026-01-01 20:42:35
C01666,Jack Thomas,jack.thomas1666@example.com,0496817795,M,2026-05-07,Canberra,ACT,2025-07-25 00:43:27,2025-09-03 10:43:27
C01667,James Taylor,james.taylor1667@example.com,0465777619,M,2026-03-13,Sydney,NSW,2025-09-22 05:42:18,2026-08-31 13:42:18
C01668,William Thomas,william.thomas1668@example.com,0495768162,M,2025-03-20,Gold Coast,QLD,2025-04-10 09:19:34,2026-03-31 02:19:34
C01669,Liam Taylor,liam.taylor1669@example.com,0434021010,M,2026-04-08,Melbourne,VIC,2025-09-03 02:49:49,2026-09-26 10:49:49
C01670,Jack Taylor,jack.taylor1670@example.com,0492458809,F,2025-03-27,Canberra,ACT,2026-07-02 14:32:07,2026-09-30 12:00:00
C01671,Isla Wilson,isla.wilson1671@example.com,0412446459,Other,2025-03-30,Gold Coast,QLD,2025-06-30 12:51:12,2026-04-05 20:51:12
C01672,Noah Thomas,noah.thomas1672@example.com,0436061115,F,2025-12-26,Sydney,NSW,2025-12-17 05:33:52,2026-09-30 12:00:00
C01673,James Thompson,james.thompson1673@example.com,0438502474,M,2025-07-14,Perth,WA,2026-03-19 03:51:32,2026-09-30 12:00:00
C01674,Amelia Allen,amelia.allen1674@example.com,0484820714,F,2026-02-01,Hobart,TAS,2025-03-10 23:14:53,2026-02-10 14:14:53
C01675,Jack Moore,jack.moore1675@example.com,0457703861,M,2026-01-17,Parramatta,NSW,2025-02-12 01:28:12,2025-02-13 19:28:12
C01676,Jack Walker,jack.walker1676@example.com,0479862230,Other,2025-04-30,Melbourne,VIC,2025-11-19 14:05:08,2026-01-08 09:05:08
C01677,Lucas Anderson,lucas.anderson1677@example.com,0426072981,Other,2025-02-03,Adelaide,SA,2026-05-22 17:35:46,2026-09-30 12:00:00
C01678,Jack White,jack.white1678@example.com,0450292848,Other,2025-05-21,Brisbane,QLD,2026-07-04 13:18:02,2026-08-27 14:18:02
C01679,Henry Clark,henry.clark1679@example.com,0458826428,M,2026-05-26,Sydney,NSW,2025-10-15 10:54:26,2025-11-23 02:54:26
C01680,Sophia Martin,sophia.martin1680@example.com,0422492482,M,2026-06-22,Perth,WA,2025-01-24 00:18:20,2025-04-28 22:18:20
C01681,Amelia Scott,amelia.scott1681@example.com,0452723076,M,2025-07-07,Geelong,VIC,2026-01-07 03:06:16,2026-09-30 12:00:00
C01682,Lucas Jackson,lucas.jackson1682@example.com,0482652905,M,2026-07-17,Hobart,TAS,2025-03-22 07:03:17,2025-08-29 00:03:17
C01683,Lucas King,lucas.king1683@example.com,0451861461,F,2025-04-06,Brisbane,QLD,2026-07-20 21:19:06,2026-09-30 12:00:00
C01684,Jack Harris,jack.harris1684@example.com,0474018781,M,2026-04-26,Melbourne,VIC,2025-05-21 02:06:37,2025-05-23 05:06:37
C01685,Isla Clark,isla.clark1685@example.com,0421007045,F,2025-06-22,Canberra,ACT,2025-04-20 08:10:37,2026-02-01 15:10:37
C01686,Ava Wright,ava.wright1686@example.com,0432732400,Other,2026-06-06,Geelong,VIC,2025-01-18 15:13:46,2026-01-15 19:13:46
C01687,Mia Walker,mia.walker1687@example.com,0476122740,Other,2025-09-01,Melbourne,VIC,2026-06-20 08:36:50,2026-09-30 12:00:00
C01688,Olivia Walker,olivia.walker1688@example.com,0456206851,M,2026-02-19,Parramatta,NSW,2026-09-20 21:24:12,2026-09-30 12:00:00
C01689,Lucas Walker,lucas.walker1689@example.com,0466401535,F,2026-09-12,Hobart,TAS,2025-10-22 08:15:39,2025-12-25 06:15:39
C01690,Chloe Smith,chloe.smith1690@example.com,0427205509,Other,2025-07-08,Geelong,VIC,2026-02-20 18:12:47,2026-06-30 16:12:47
C01691,Lucas Taylor,lucas.taylor1691@example.com,0416249742,Other,2025-03-15,Parramatta,NSW,2025-05-16 22:02:14,2025-09-21 21:02:14
C01692,Leo Anderson,leo.anderson1692@example.com,0424867878,Other,2025-01-15,Parramatta,NSW,2025-10-11 03:36:00,2026-09-09 09:36:00
C01693,Grace Taylor,grace.taylor1693@example.com,0426541550,F,2025-11-29,Gold Coast,QLD,2025-07-31 14:09:09,2026-08-06 10:09:09
C01694,Grace Clark,grace.clark1694@example.com,0437753738,F,2025-12-28,Canberra,ACT,2025-10-09 14:42:12,2026-08-30 18:42:12
C01695,William White,william.white1695@example.com,0468155654,F,2025-06-12,Adelaide,SA,2026-05-16 08:27:03,2026-09-22 08:27:03
C01696,Olivia Brown,olivia.brown1696@example.com,0428884147,F,2025-10-14,Adelaide,SA,2026-06-21 09:13:26,2026-08-16 18:13:26
C01697,Ava Walker,ava.walker1697@example.com,0450694236,Other,2025-08-18,Melbourne,VIC,2026-04-30 16:04:37,2026-09-30 12:00:00
C01698,Charlie Jackson,charlie.jackson1698@example.com,0468804717,M,2025-01-18,Brisbane,QLD,2026-05-04 12:17:10,2026-09-30 12:00:00
C01699,Mia Allen,mia.allen1699@example.com,0445926836,Other,2026-01-15,Perth,WA,2025-08-13 17:32:41,2025-10-26 20:32:41
C01700,Thomas Harris,thomas.harris1700@example.com,0464185675,M,2025-03-06,Geelong,VIC,2025-10-06 21:33:51,2026-03-14 20:33:51
C01701,Lucas Taylor,lucas.taylor1701@example.com,0484619451,Other,2026-08-12,Parramatta,NSW,2025-10-17 08:51:15,2026-09-30 12:00:00
C01702,Thomas Thomas,thomas.thomas1702@example.com,0484339493,F,2026-08-05,Adelaide,SA,2026-06-26 00:09:01,2026-09-30 12:00:00
C01703,Jack Smith,jack.smith1703@example.com,0467022224,F,2025-10-06,Adelaide,SA,2025-07-18 05:06:46,2025-12-22 04:06:46
C01704,Lucas Jackson,lucas.jackson1704@example.com,0473331235,Other,2025-07-20,Perth,WA,2026-09-09 18:36:22,2026-09-30 12:00:00
C01705,Mia Thompson,mia.thompson1705@example.com,0454752107,F,2025-08-22,Melbourne,VIC,2025-12-11 11:30:48,2026-04-14 04:30:48
C01706,Grace King,grace.king1706@example.com,0465127958,M,2025-07-29,Melbourne,VIC,2025-03-20 03:36:57,2025-05-29 10:36:57
C01707,Charlie Walker,charlie.walker1707@example.com,0428216197,M,2025-08-08,Canberra,ACT,2025-03-16 03:43:35,2025-10-28 01:43:35
C01708,William Moore,william.moore1708@example.com,0426143367,F,2026-08-26,Geelong,VIC,2025-02-07 08:00:58,2025-12-04 21:00:58
C01709,Charlie Jackson,charlie.jackson1709@example.com,0490305616,Other,2025-09-04,Geelong,VIC,2025-12-15 07:39:07,2026-01-31 15:39:07
C01710,Olivia Allen,olivia.allen1710@example.com,0410853168,F,2025-08-10,Brisbane,QLD,2026-07-09 05:42:48,2026-09-30 12:00:00
C01711,Grace Thompson,grace.thompson1711@example.com,0410012470,F,2025-12-24,Geelong,VIC,2025-04-01 16:37:14,2026-01-21 00:37:14
C01712,Isla Hall,isla.hall1712@example.com,0412867078,Other,2025-10-09,Canberra,ACT,2025-06-18 00:47:06,2026-05-05 18:47:06
C01713,William Thomas,william.thomas1713@example.com,0438061024,M,2025-05-16,Sydney,NSW,2025-08-28 23:02:46,2025-11-28 05:02:46
C01714,Sophia Hall,sophia.hall1714@example.com,0437402375,F,2025-11-03,Melbourne,VIC,2026-04-06 07:39:08,2026-04-22 10:39:08
C01715,Grace Anderson,grace.anderson1715@example.com,0414715002,Other,2025-06-29,Geelong,VIC,2025-06-12 15:24:00,2025-09-08 02:24:00
C01716,Grace Taylor,grace.taylor1716@example.com,0468333502,M,2025-06-20,Geelong,VIC,2025-06-11 06:04:09,2026-01-09 09:04:09
C01717,Henry Young,henry.young1717@example.com,0470808034,M,2026-09-01,Canberra,ACT,2026-06-28 18:57:58,2026-09-30 12:00:00
C01718,Ella Wright,ella.wright1718@example.com,0452376590,F,2026-09-13,Parramatta,NSW,2026-04-05 13:11:39,2026-09-30 12:00:00
C01719,William Smith,william.smith1719@example.com,0422217134,Other,2025-04-29,Parramatta,NSW,2026-02-20 09:24:49,2026-09-30 12:00:00
C01720,Liam Brown,liam.brown1720@example.com,0487935179,Other,2025-05-19,Parramatta,NSW,2026-07-01 03:35:30,2026-09-30 12:00:00
C01721,Olivia Young,olivia.young1721@example.com,0478238437,Other,2026-07-11,Sydney,NSW,2026-07-06 07:51:08,2026-09-30 12:00:00
C01722,Noah White,noah.white1722@example.com,0444850736,F,2025-12-07,Canberra,ACT,2026-07-20 02:21:33,2026-09-30 12:00:00
C01723,Ella Anderson,ella.anderson1723@example.com,0439596058,Other,2025-04-02,Sydney,NSW,2025-02-15 13:31:54,2025-05-31 17:31:54
C01724,Thomas Anderson,thomas.anderson1724@example.com,0420758474,Other,2025-11-26,Hobart,TAS,2026-03-29 02:27:46,2026-09-30 12:00:00
C01725,Charlie Thomas,charlie.thomas1725@example.com,0499238969,Other,2025-01-25,Brisbane,QLD,2025-12-12 00:02:48,2025-12-17 00:02:48
C01726,James Wilson,james.wilson1726@example.com,0421090760,Other,2025-07-14,Gold Coast,QLD,2025-06-18 23:51:40,2026-04-14 01:51:40
C01727,Chloe Taylor,chloe.taylor1727@example.com,0491184381,M,2025-06-03,Adelaide,SA,2026-07-06 20:23:03,2026-09-30 12:00:00
C01728,Isla Thompson,isla.thompson1728@example.com,0445004529,M,2025-03-29,Perth,WA,2025-04-28 16:41:18,2026-05-19 01:41:18
C01729,Ella Anderson,ella.anderson1729@example.com,0420281598,M,2025-06-29,Hobart,TAS,2026-08-14 17:30:18,2026-09-30 12:00:00
C01730,Sophia Young,sophia.young1730@example.com,0468343093,F,2025-01-27,Hobart,TAS,2025-02-13 10:24:30,2025-03-06 02:24:30
C01731,Olivia Scott,olivia.scott1731@example.com,0456352382,Other,2025-12-16,Melbourne,VIC,2025-01-03 21:16:56,2025-05-09 09:16:56
C01732,Noah Moore,noah.moore1732@example.com,0426501040,M,2026-02-27,Canberra,ACT,2025-10-09 16:09:25,2026-04-21 10:09:25
C01733,Liam Harris,liam.harris1733@example.com,0451624456,M,2026-08-14,Canberra,ACT,2025-08-22 10:23:42,2025-09-16 21:23:42
C01734,Leo Brown,leo.brown1734@example.com,0442264580,F,2026-09-09,Canberra,ACT,2025-02-10 20:30:03,2025-09-07 02:30:03
C01735,Amelia King,amelia.king1735@example.com,0495395354,Other,2025-07-09,Adelaide,SA,2026-09-25 11:50:01,2026-09-30 12:00:00
C01736,Liam Wilson,liam.wilson1736@example.com,0480944243,M,2026-07-24,Melbourne,VIC,2025-10-02 01:59:07,2026-04-20 09:59:07
C01737,Thomas Smith,thomas.smith1737@example.com,0443422272,Other,2025-07-18,Brisbane,QLD,2025-09-22 20:11:35,2026-05-23 11:11:35
C01738,Leo Jackson,leo.jackson1738@example.com,0418795362,M,2026-02-14,Canberra,ACT,2025-03-07 12:17:15,2025-05-26 09:17:15
C01739,Amelia Martin,amelia.martin1739@example.com,0451271494,F,2025-11-01,Sydney,NSW,2026-06-19 18:41:42,2026-09-30 12:00:00
C01740,Ava Smith,ava.smith1740@example.com,0480910050,F,2025-08-08,Parramatta,NSW,2026-03-06 22:08:23,2026-09-30 12:00:00
C01741,Emma Martin,emma.martin1741@example.com,0494776255,F,2025-06-10,Brisbane,QLD,2025-03-26 14:55:02,2025-10-11 23:55:02
C01742,Isla Moore,isla.moore1742@example.com,0459532732,F,2026-07-11,Brisbane,QLD,2025-02-13 05:25:50,2025-06-11 04:25:50
C01743,Ava Martin,ava.martin1743@example.com,0465189205,F,2025-10-25,Parramatta,NSW,2025-01-24 21:05:30,2025-08-06 06:05:30
C01744,Thomas Wright,thomas.wright1744@example.com,0459442025,M,2026-07-24,Canberra,ACT,2026-06-02 00:49:14,2026-09-30 12:00:00
C01745,Thomas Young,thomas.young1745@example.com,0418258427,Other,2025-12-15,Sydney,NSW,2025-10-10 10:46:08,2026-06-06 05:46:08
C01746,Olivia Martin,olivia.martin1746@example.com,0457655811,M,2026-06-23,Melbourne,VIC,2025-10-26 07:13:58,2026-02-13 13:13:58
C01747,Henry Wright,henry.wright1747@example.com,0422087330,M,2026-09-07,Gold Coast,QLD,2025-05-06 12:46:14,2025-07-17 15:46:14
C01748,Charlie Young,charlie.young1748@example.com,0489633754,M,2025-07-22,Adelaide,SA,2025-05-07 17:03:38,2025-08-17 00:03:38
C01749,Chloe Jackson,chloe.jackson1749@example.com,0414665068,Other,2025-03-20,Sydney,NSW,2026-02-19 20:20:14,2026-03-12 09:20:14
C01750,Noah Scott,noah.scott1750@example.com,0464653122,Other,2026-06-22,Canberra,ACT,2026-05-24 10:24:06,2026-09-30 12:00:00
C01751,James Smith,james.smith1751@example.com,0454907705,F,2025-04-25,Sydney,NSW,2025-08-02 00:51:01,2026-05-29 03:51:01
C01752,Ella Anderson,ella.anderson1752@example.com,0473387410,Other,2026-05-25,Hobart,TAS,2026-06-21 00:15:44,2026-09-30 12:00:00
C01753,Henry Martin,henry.martin1753@example.com,0438682565,F,2026-01-12,Hobart,TAS,2025-05-03 23:58:26,2025-05-05 18:58:26
C01754,Amelia Moore,amelia.moore1754@example.com,0480593346,Other,2026-08-12,Sydney,NSW,2025-03-01 02:19:38,2025-04-06 05:19:38
C01755,Sophia Taylor,sophia.taylor1755@example.com,0456030008,M,2026-08-24,Canberra,ACT,2025-10-27 07:14:25,2026-07-25 22:14:25
C01756,Liam Walker,liam.walker1756@example.com,0477894385,M,2025-03-17,Parramatta,NSW,2025-06-24 23:10:13,2026-05-01 18:10:13
C01757,Mia Hall,mia.hall1757@example.com,0414896647,Other,2025-10-29,Brisbane,QLD,2025-12-10 10:26:04,2026-01-26 18:26:04
C01758,Liam Young,liam.young1758@example.com,0412852691,F,2025-09-01,Canberra,ACT,2026-02-22 23:02:53,2026-08-29 19:02:53
C01759,Chloe Clark,chloe.clark1759@example.com,0425638062,Other,2025-05-12,Perth,WA,2026-03-22 23:02:33,2026-09-30 12:00:00
C01760,Grace Smith,grace.smith1760@example.com,0462424067,F,2026-09-15,Melbourne,VIC,2025-07-17 01:33:56,2025-10-29 12:33:56
C01761,Noah Smith,noah.smith1761@example.com,0438568706,M,2025-06-29,Perth,WA,2025-06-07 21:29:04,2025-11-19 20:29:04
C01762,William Harris,william.harris1762@example.com,0434616054,F,2026-08-09,Gold Coast,QLD,2025-12-31 01:52:27,2026-09-17 18:52:27
C01763,Emma Allen,emma.allen1763@example.com,0438300963,Other,2025-09-28,Adelaide,SA,2026-03-11 17:41:57,2026-05-24 12:41:57
C01764,Sophia Brown,sophia.brown1764@example.com,0470053039,M,2025-12-17,Geelong,VIC,2025-09-05 09:57:35,2025-09-08 01:57:35
C01765,Sophia White,sophia.white1765@example.com,0416190199,M,2025-08-28,Adelaide,SA,2026-07-18 23:57:33,2026-09-26 12:57:33
C01766,Isla Scott,isla.scott1766@example.com,0412423190,Other,2025-02-18,Geelong,VIC,2025-02-24 03:42:23,2025-10-14 01:42:23
C01767,Thomas Moore,thomas.moore1767@example.com,0487052719,M,2025-01-17,Hobart,TAS,2026-08-18 22:04:51,2026-09-30 12:00:00
C01768,Charlie Harris,charlie.harris1768@example.com,0493721739,Other,2026-03-07,Hobart,TAS,2025-06-19 12:48:38,2026-06-16 06:48:38
C01769,Amelia Wright,amelia.wright1769@example.com,0471230430,M,2026-06-19,Perth,WA,2025-10-31 17:41:38,2026-09-30 12:00:00
C01770,Sophia Anderson,sophia.anderson1770@example.com,0429720859,F,2026-08-02,Canberra,ACT,2026-01-10 18:24:40,2026-09-30 12:00:00
C01771,Emma Martin,emma.martin1771@example.com,0435551798,M,2025-07-09,Melbourne,VIC,2026-05-28 09:36:39,2026-09-04 14:36:39
C01772,Mia Martin,mia.martin1772@example.com,0493512668,Other,2025-01-24,Sydney,NSW,2026-03-17 12:36:35,2026-04-15 01:36:35
C01773,Ella Allen,ella.allen1773@example.com,0414096369,Other,2026-03-29,Sydney,NSW,2026-02-12 20:07:29,2026-09-30 12:00:00
C01774,Ava Jackson,ava.jackson1774@example.com,0453725194,Other,2026-09-09,Brisbane,QLD,2026-07-30 23:14:33,2026-09-30 12:00:00
C01775,Isla White,isla.white1775@example.com,0448211978,M,2025-12-19,Canberra,ACT,2025-05-22 21:57:35,2026-06-13 21:57:35
C01776,Grace Taylor,grace.taylor1776@example.com,0429762536,F,2026-08-28,Sydney,NSW,2026-08-03 19:27:21,2026-08-19 12:27:21
C01777,Isla King,isla.king1777@example.com,0486895118,F,2025-12-19,Sydney,NSW,2026-03-21 21:17:05,2026-09-30 12:00:00
C01778,Grace Wilson,grace.wilson1778@example.com,0429557879,M,2026-06-26,Parramatta,NSW,2025-01-16 17:30:51,2025-08-22 20:30:51
C01779,Jack Wright,jack.wright1779@example.com,0463508647,Other,2025-06-02,Gold Coast,QLD,2025-05-04 08:53:12,2026-06-05 16:53:12
C01780,Mia Wright,mia.wright1780@example.com,0432044652,F,2025-08-18,Brisbane,QLD,2026-06-06 08:40:57,2026-06-26 08:40:57
C01781,James Smith,james.smith1781@example.com,0417402229,M,2026-02-01,Canberra,ACT,2026-03-21 19:25:58,2026-09-30 12:00:00
C01782,Thomas Jackson,thomas.jackson1782@example.com,0413420583,M,2025-03-09,Geelong,VIC,2025-03-25 21:12:52,2026-02-02 07:12:52
C01783,Leo Young,leo.young1783@example.com,0491407573,M,2025-11-26,Melbourne,VIC,2026-09-19 20:17:05,2026-09-30 12:00:00
C01784,Olivia Hall,olivia.hall1784@example.com,0496177608,F,2025-05-28,Perth,WA,2025-07-01 20:33:12,2026-04-26 10:33:12
C01785,Olivia Moore,olivia.moore1785@example.com,0469417509,Other,2025-10-16,Parramatta,NSW,2025-10-14 08:01:57,2026-06-24 22:01:57
C01786,Leo Thomas,leo.thomas1786@example.com,0427452167,Other,2025-05-21,Melbourne,VIC,2026-04-05 04:46:25,2026-09-30 12:00:00
C01787,Isla Smith,isla.smith1787@example.com,0473637906,F,2025-02-18,Canberra,ACT,2025-04-05 23:55:31,2026-04-12 19:55:31
C01788,Ava Wright,ava.wright1788@example.com,0481609993,F,2025-03-10,Hobart,TAS,2025-03-10 08:01:25,2025-12-04 05:01:25
C01789,William Jackson,william.jackson1789@example.com,0458033697,Other,2025-06-25,Parramatta,NSW,2026-04-10 07:05:59,2026-06-16 17:05:59
C01790,William Moore,william.moore1790@example.com,0411428262,M,2025-06-18,Perth,WA,2025-04-22 14:34:59,2025-06-02 04:34:59
C01791,Emma Wilson,emma.wilson1791@example.com,0441940192,Other,2025-11-22,Hobart,TAS,2025-06-17 00:24:07,2025-10-07 13:24:07
C01792,Liam Hall,liam.hall1792@example.com,0439293518,F,2025-03-18,Adelaide,SA,2026-07-14 18:22:24,2026-09-15 00:22:24
C01793,Ella Martin,ella.martin1793@example.com,0453355368,M,2025-05-25,Brisbane,QLD,2025-09-28 18:03:46,2025-12-24 12:03:46
C01794,Leo Martin,leo.martin1794@example.com,0441743500,F,2025-07-29,Canberra,ACT,2025-02-14 03:27:17,2025-07-09 04:27:17
C01795,Henry Taylor,henry.taylor1795@example.com,0477063002,Other,2026-06-10,Perth,WA,2026-04-27 17:06:59,2026-07-09 07:06:59
C01796,Ava Thomas,ava.thomas1796@example.com,0481973450,M,2025-04-15,Geelong,VIC,2025-01-15 05:40:05,2025-09-23 23:40:05
C01797,William Harris,william.harris1797@example.com,0475941954,Other,2026-09-14,Canberra,ACT,2026-03-06 05:36:34,2026-08-28 04:36:34
C01798,Charlie White,charlie.white1798@example.com,0433785610,Other,2025-11-23,Perth,WA,2025-08-26 17:15:56,2025-10-24 09:15:56
C01799,Grace Smith,grace.smith1799@example.com,0476145997,Other,2026-08-26,Gold Coast,QLD,2025-08-23 18:48:28,2026-09-05 18:48:28
C01800,Ella Walker,ella.walker1800@example.com,0476634324,M,2026-02-19,Perth,WA,2025-05-02 14:30:44,2025-06-03 02:30:44
C01801,Thomas Anderson,thomas.anderson1801@example.com,0498437475,M,2025-07-04,Melbourne,VIC,2026-01-09 00:24:34,2026-03-23 02:24:34
C01802,Mia Moore,mia.moore1802@example.com,0411990737,F,2026-07-07,Gold Coast,QLD,2025-06-13 02:25:43,2026-05-16 13:25:43
C01803,Charlie Taylor,charlie.taylor1803@example.com,0497416232,M,2025-03-16,Brisbane,QLD,2026-02-19 18:09:46,2026-03-29 10:09:46
C01804,Lucas Anderson,lucas.anderson1804@example.com,0484829928,Other,2026-07-02,Gold Coast,QLD,2026-08-05 12:29:48,2026-09-30 12:00:00
C01805,Henry White,henry.white1805@example.com,0431251627,M,2025-02-08,Perth,WA,2026-09-16 17:18:50,2026-09-30 12:00:00
C01806,Jack Brown,jack.brown1806@example.com,0490292116,Other,2025-09-14,Hobart,TAS,2025-08-24 21:53:34,2026-04-03 20:53:34
C01807,Thomas Martin,thomas.martin1807@example.com,0478747076,Other,2025-03-09,Sydney,NSW,2025-11-02 19:21:54,2026-09-30 12:00:00
C01808,Noah Martin,noah.martin1808@example.com,0497890180,F,2025-04-04,Gold Coast,QLD,2026-04-08 20:34:32,2026-09-30 12:00:00
C01809,Isla Thomas,isla.thomas1809@example.com,0482379607,Other,2025-07-11,Parramatta,NSW,2026-07-12 12:28:24,2026-09-30 12:00:00
C01810,James Scott,james.scott1810@example.com,0494264437,Other,2026-04-18,Adelaide,SA,2025-10-09 12:49:04,2026-08-19 14:49:04
C01811,Chloe Scott,chloe.scott1811@example.com,0468581283,Other,2026-05-25,Canberra,ACT,2026-05-20 12:34:09,2026-09-30 12:00:00
C01812,Liam Anderson,liam.anderson1812@example.com,0496343023,Other,2025-11-22,Gold Coast,QLD,2026-06-13 18:12:31,2026-09-30 12:00:00
C01813,Thomas Smith,thomas.smith1813@example.com,0416962144,Other,2025-10-03,Perth,WA,2025-07-10 21:40:50,2025-11-09 08:40:50
C01814,James Moore,james.moore1814@example.com,0486395856,M,2025-02-01,Perth,WA,2026-01-26 23:39:21,2026-09-30 12:00:00
C01815,Emma Thomas,emma.thomas1815@example.com,0446013628,F,2025-07-06,Brisbane,QLD,2026-07-09 05:49:47,2026-09-30 12:00:00
C01816,Thomas Clark,thomas.clark1816@example.com,0449482007,M,2025-09-10,Adelaide,SA,2026-08-31 12:12:08,2026-09-30 12:00:00
C01817,Liam King,liam.king1817@example.com,0483307318,Other,2025-04-16,Hobart,TAS,2025-10-03 12:53:55,2026-01-24 18:53:55
C01818,Jack Clark,jack.clark1818@example.com,0481543451,F,2026-05-10,Sydney,NSW,2025-09-24 02:43:43,2026-03-10 07:43:43
C01819,Ava Thompson,ava.thompson1819@example.com,0439832632,F,2026-06-27,Perth,WA,2025-06-21 18:10:25,2026-04-19 01:10:25
C01820,Amelia Moore,amelia.moore1820@example.com,0459557403,F,2025-01-27,Geelong,VIC,2025-08-17 16:06:35,2026-08-16 04:06:35
C01821,Chloe Young,chloe.young1821@example.com,0475467163,Other,2025-10-22,Brisbane,QLD,2026-01-31 17:20:01,2026-09-30 12:00:00
C01822,Henry White,henry.white1822@example.com,0478761110,Other,2025-03-18,Melbourne,VIC,2025-07-18 09:40:39,2025-09-18 06:40:39
C01823,Emma Allen,emma.allen1823@example.com,0454777065,Other,2025-08-30,Hobart,TAS,2026-05-11 05:03:12,2026-09-30 12:00:00
C01824,Henry Brown,henry.brown1824@example.com,0449413034,F,2025-04-21,Geelong,VIC,2026-01-08 06:25:19,2026-02-22 16:25:19
C01825,Jack Thompson,jack.thompson1825@example.com,0438785353,F,2026-05-03,Parramatta,NSW,2025-04-20 06:46:11,2025-10-25 01:46:11
C01826,Thomas Taylor,thomas.taylor1826@example.com,0493318446,F,2025-06-03,Parramatta,NSW,2026-03-13 14:54:20,2026-04-05 14:54:20
C01827,Emma Martin,emma.martin1827@example.com,0481029647,M,2026-08-29,Geelong,VIC,2025-02-06 11:11:29,2025-08-22 06:11:29
C01828,Thomas Allen,thomas.allen1828@example.com,0410902819,F,2026-01-05,Canberra,ACT,2025-03-03 19:46:53,2025-05-10 10:46:53
C01829,Liam White,liam.white1829@example.com,0431849239,M,2025-12-05,Canberra,ACT,2026-06-24 17:54:49,2026-09-30 12:00:00
C01830,Ella Walker,ella.walker1830@example.com,0465769166,F,2026-07-06,Perth,WA,2025-03-01 10:55:49,2025-12-25 02:55:49
C01831,Charlie Harris,charlie.harris1831@example.com,0455269670,Other,2025-10-14,Brisbane,QLD,2025-06-21 04:31:45,2025-12-10 20:31:45
C01832,Ella Thompson,ella.thompson1832@example.com,0492362416,F,2025-07-02,Hobart,TAS,2026-03-09 11:50:55,2026-08-19 09:50:55
C01833,Thomas Anderson,thomas.anderson1833@example.com,0454599850,M,2025-05-20,Brisbane,QLD,2026-09-22 03:05:51,2026-09-30 12:00:00
C01834,James Brown,james.brown1834@example.com,0496884510,M,2025-03-16,Melbourne,VIC,2025-06-09 09:23:40,2025-10-05 03:23:40
C01835,Mia Anderson,mia.anderson1835@example.com,0455624601,F,2025-02-04,Geelong,VIC,2025-11-30 10:04:13,2025-12-02 20:04:13
C01836,Thomas Jackson,thomas.jackson1836@example.com,0450703194,F,2026-06-17,Perth,WA,2026-07-23 23:11:43,2026-09-13 08:11:43
C01837,Thomas Scott,thomas.scott1837@example.com,0477053091,Other,2025-08-16,Perth,WA,2026-01-31 18:39:45,2026-09-30 12:00:00
C01838,Grace Hall,grace.hall1838@example.com,0427412946,F,2026-06-12,Adelaide,SA,2025-10-27 20:26:09,2026-09-30 12:00:00
C01839,Ava Moore,ava.moore1839@example.com,0482929177,M,2025-05-17,Brisbane,QLD,2025-08-03 02:33:13,2025-10-31 00:33:13
C01840,William Wilson,william.wilson1840@example.com,0494142699,F,2025-04-05,Sydney,NSW,2025-07-24 19:09:56,2026-06-19 19:09:56
C01841,Olivia Clark,olivia.clark1841@example.com,0431495076,M,2026-07-21,Melbourne,VIC,2025-04-03 16:15:26,2025-08-16 07:15:26
C01842,Charlie Moore,charlie.moore1842@example.com,0421689275,Other,2026-04-12,Melbourne,VIC,2026-06-30 05:49:30,2026-09-30 12:00:00
C01843,Ava Thomas,ava.thomas1843@example.com,0485435906,Other,2025-09-30,Gold Coast,QLD,2026-05-07 14:20:16,2026-09-30 12:00:00
C01844,Chloe Anderson,chloe.anderson1844@example.com,0422111010,Other,2026-04-10,Perth,WA,2025-06-08 18:02:20,2025-08-20 13:02:20
C01845,Leo King,leo.king1845@example.com,0468993592,M,2026-04-26,Parramatta,NSW,2025-04-15 12:03:35,2025-07-18 10:03:35
C01846,Ava Wilson,ava.wilson1846@example.com,0439161475,Other,2026-08-20,Adelaide,SA,2025-08-09 06:28:50,2026-08-12 05:28:50
C01847,Ava Smith,ava.smith1847@example.com,0438735813,Other,2026-02-26,Gold Coast,QLD,2025-07-06 05:09:36,2026-04-23 00:09:36
C01848,Ava Taylor,ava.taylor1848@example.com,0450694620,M,2026-07-21,Perth,WA,2025-12-01 21:54:37,2026-01-09 17:54:37
C01849,Ella Anderson,ella.anderson1849@example.com,0487524851,Other,2025-07-28,Parramatta,NSW,2025-06-20 10:41:23,2026-06-14 17:41:23
C01850,Jack King,jack.king1850@example.com,0472146491,Other,2026-05-20,Brisbane,QLD,2025-10-01 13:07:31,2026-09-30 12:00:00
C01851,Mia Thomas,mia.thomas1851@example.com,0444077377,Other,2026-05-26,Perth,WA,2025-10-24 07:01:36,2026-04-12 15:01:36
C01852,Amelia Taylor,amelia.taylor1852@example.com,0410360788,M,2026-08-08,Sydney,NSW,2026-04-03 19:52:54,2026-09-30 12:00:00
C01853,Ava Hall,ava.hall1853@example.com,0472882483,Other,2026-05-25,Geelong,VIC,2025-06-15 01:21:15,2026-05-22 20:21:15
C01854,Emma Jackson,emma.jackson1854@example.com,0427538006,M,2025-01-29,Adelaide,SA,2025-12-01 04:37:35,2026-08-23 11:37:35
C01855,Emma Anderson,emma.anderson1855@example.com,0435292050,M,2025-02-08,Gold Coast,QLD,2026-02-11 23:50:46,2026-03-11 16:50:46
C01856,Olivia Harris,olivia.harris1856@example.com,0477573352,Other,2026-08-06,Canberra,ACT,2026-05-16 19:51:43,2026-09-30 12:00:00
C01857,Charlie Moore,charlie.moore1857@example.com,0495554021,Other,2026-02-08,Parramatta,NSW,2026-01-17 21:32:22,2026-04-22 04:32:22
C01858,Olivia Brown,olivia.brown1858@example.com,0421007179,Other,2026-08-11,Parramatta,NSW,2025-01-18 08:19:15,2025-08-05 04:19:15
C01859,Jack Taylor,jack.taylor1859@example.com,0486573377,M,2025-01-24,Adelaide,SA,2025-03-10 11:53:55,2025-06-01 17:53:55
C01860,Liam Wright,liam.wright1860@example.com,0450639874,M,2026-05-05,Sydney,NSW,2026-08-24 23:22:42,2026-09-06 01:22:42
C01861,Henry Young,henry.young1861@example.com,0465778794,F,2025-03-26,Parramatta,NSW,2025-02-28 19:52:12,2025-03-03 13:52:12
C01862,William Wright,william.wright1862@example.com,0494998837,M,2025-06-05,Adelaide,SA,2025-04-06 19:07:09,2025-10-26 20:07:09
C01863,Emma Jackson,emma.jackson1863@example.com,0472619658,Other,2025-05-23,Sydney,NSW,2025-05-01 21:59:44,2025-12-23 10:59:44
C01864,Olivia Taylor,olivia.taylor1864@example.com,0427381528,M,2025-02-12,Hobart,TAS,2025-04-02 03:07:24,2025-10-25 06:07:24
C01865,Emma Scott,emma.scott1865@example.com,0481022010,F,2025-09-12,Melbourne,VIC,2026-04-03 04:46:21,2026-09-30 12:00:00
C01866,William Scott,william.scott1866@example.com,0455273409,M,2026-07-04,Parramatta,NSW,2025-02-07 09:36:12,2025-09-15 21:36:12
C01867,James Thomas,james.thomas1867@example.com,0433640730,M,2025-04-03,Adelaide,SA,2025-11-05 16:06:09,2026-09-30 12:00:00
C01868,Sophia Smith,sophia.smith1868@example.com,0487367064,Other,2025-12-01,Canberra,ACT,2026-02-09 20:33:08,2026-07-31 20:33:08
C01869,Liam Anderson,liam.anderson1869@example.com,0459221290,F,2026-01-25,Hobart,TAS,2025-10-21 12:08:01,2026-08-19 18:08:01
C01870,Noah Smith,noah.smith1870@example.com,0488310524,F,2025-01-18,Parramatta,NSW,2026-08-06 19:22:08,2026-09-30 12:00:00
C01871,Emma White,emma.white1871@example.com,0483778810,F,2026-07-07,Adelaide,SA,2025-05-02 04:17:12,2025-12-05 15:17:12
C01872,Isla Clark,isla.clark1872@example.com,0430960858,M,2025-05-25,Brisbane,QLD,2025-05-14 06:54:01,2025-09-23 08:54:01
C01873,Chloe Brown,chloe.brown1873@example.com,0484830195,F,2025-10-12,Perth,WA,2025-05-07 11:39:10,2026-01-07 18:39:10
C01874,Olivia Thomas,olivia.thomas1874@example.com,0467877622,F,2026-08-28,Hobart,TAS,2026-09-27 01:28:46,2026-09-30 12:00:00
C01875,James Walker,james.walker1875@example.com,0424366622,F,2025-11-24,Parramatta,NSW,2025-05-14 04:55:18,2026-02-10 00:55:18
C01876,Henry Thomas,henry.thomas1876@example.com,0443513823,M,2025-05-08,Melbourne,VIC,2025-08-16 22:45:55,2026-01-09 23:45:55
C01877,James Scott,james.scott1877@example.com,0470595763,F,2026-03-10,Gold Coast,QLD,2026-02-20 15:36:58,2026-09-30 12:00:00
C01878,Sophia Scott,sophia.scott1878@example.com,0459924941,F,2026-03-12,Geelong,VIC,2026-01-15 14:37:43,2026-09-30 12:00:00
C01879,Ava White,ava.white1879@example.com,0468275307,M,2025-04-24,Brisbane,QLD,2026-05-07 03:08:53,2026-09-12 17:08:53
C01880,Olivia King,olivia.king1880@example.com,0465374574,Other,2025-08-24,Melbourne,VIC,2025-05-02 16:07:02,2025-08-16 16:07:02
C01881,Emma Hall,emma.hall1881@example.com,0415720821,Other,2025-01-14,Perth,WA,2025-10-10 02:31:10,2026-05-14 18:31:10
C01882,Thomas Taylor,thomas.taylor1882@example.com,0424519890,F,2025-03-04,Gold Coast,QLD,2026-04-04 03:09:37,2026-04-20 02:09:37
C01883,Charlie Wilson,charlie.wilson1883@example.com,0417232064,F,2025-08-23,Parramatta,NSW,2026-06-05 01:26:28,2026-07-27 08:26:28
C01884,Jack Wilson,jack.wilson1884@example.com,0436775702,F,2025-06-29,Melbourne,VIC,2025-10-22 11:33:17,2026-06-30 20:33:17
C01885,Emma Jackson,emma.jackson1885@example.com,0480883378,Other,2025-12-30,Melbourne,VIC,2025-01-18 18:27:11,2025-07-16 11:27:11
C01886,Charlie Walker,charlie.walker1886@example.com,0485330755,M,2025-12-08,Perth,WA,2026-09-03 08:31:01,2026-09-30 12:00:00
C01887,William Jackson,william.jackson1887@example.com,0468716883,F,2026-03-24,Hobart,TAS,2026-02-17 05:52:51,2026-09-30 13:52:51
C01888,Liam Wilson,liam.wilson1888@example.com,0473753876,M,2025-02-02,Gold Coast,QLD,2026-08-23 02:33:15,2026-09-30 12:00:00
C01889,Olivia Harris,olivia.harris1889@example.com,0489096412,M,2025-03-11,Perth,WA,2026-03-01 13:06:19,2026-08-18 09:06:19
C01890,Emma Brown,emma.brown1890@example.com,0415013131,M,2025-09-26,Adelaide,SA,2026-08-26 15:42:29,2026-09-30 12:00:00
C01891,Lucas White,lucas.white1891@example.com,0494701395,Other,2025-10-04,Canberra,ACT,2026-07-20 02:52:45,2026-09-30 12:00:00
C01892,Lucas Smith,lucas.smith1892@example.com,0415676997,F,2026-09-18,Gold Coast,QLD,2025-09-13 21:45:04,2026-02-23 02:45:04
C01893,Amelia Young,amelia.young1893@example.com,0463016030,Other,2026-06-26,Melbourne,VIC,2026-08-27 09:41:53,2026-09-30 12:00:00
C01894,Chloe White,chloe.white1894@example.com,0465643484,F,2026-09-10,Geelong,VIC,2025-07-23 14:37:28,2026-07-08 17:37:28
C01895,Ella Martin,ella.martin1895@example.com,0448474186,M,2026-05-12,Geelong,VIC,2026-02-25 12:06:09,2026-06-16 03:06:09
C01896,Chloe Wright,chloe.wright1896@example.com,0468638880,M,2025-08-04,Brisbane,QLD,2025-09-12 07:53:11,2026-09-30 12:00:00
C01897,Thomas Wright,thomas.wright1897@example.com,0469870230,M,2025-03-10,Hobart,TAS,2025-10-24 18:36:58,2025-12-22 13:36:58
C01898,Henry Thomas,henry.thomas1898@example.com,0471839716,Other,2025-06-25,Perth,WA,2025-05-23 00:13:29,2025-06-18 16:13:29
C01899,Emma Wilson,emma.wilson1899@example.com,0494667848,Other,2025-09-23,Perth,WA,2025-02-26 05:42:42,2026-01-29 05:42:42
C01900,Emma King,emma.king1900@example.com,0486713815,Other,2026-09-02,Geelong,VIC,2025-08-29 11:43:44,2026-09-18 06:43:44
C01901,Thomas Wright,thomas.wright1901@example.com,0482142272,Other,2026-08-25,Adelaide,SA,2025-05-31 03:05:28,2025-06-12 02:05:28
C01902,Sophia Young,sophia.young1902@example.com,0481820436,M,2025-06-14,Melbourne,VIC,2025-03-14 17:59:25,2025-07-26 02:59:25
C01903,Emma Hall,emma.hall1903@example.com,0469103258,Other,2026-01-18,Gold Coast,QLD,2026-06-19 16:47:59,2026-09-30 12:00:00
C01904,Charlie Smith,charlie.smith1904@example.com,0416284386,F,2026-05-01,Canberra,ACT,2025-06-26 01:51:01,2025-11-05 18:51:01
C01905,Jack Allen,jack.allen1905@example.com,0489950868,F,2025-04-04,Geelong,VIC,2025-07-04 06:24:36,2025-08-16 15:24:36
C01906,Noah Thomas,noah.thomas1906@example.com,0490517444,Other,2026-03-10,Canberra,ACT,2026-05-27 21:52:37,2026-09-30 12:00:00
C01907,Ella Young,ella.young1907@example.com,0474040071,Other,2025-02-21,Sydney,NSW,2026-04-20 23:48:25,2026-09-30 12:00:00
C01908,Henry Brown,henry.brown1908@example.com,0487977109,F,2025-04-26,Hobart,TAS,2025-12-30 07:45:07,2026-05-11 09:45:07
C01909,Isla Walker,isla.walker1909@example.com,0448133600,Other,2026-07-21,Melbourne,VIC,2026-05-22 17:41:15,2026-08-21 08:41:15
C01910,Ella White,ella.white1910@example.com,0498399977,Other,2026-02-12,Gold Coast,QLD,2026-01-22 11:06:49,2026-09-15 05:06:49
C01911,Ava Martin,ava.martin1911@example.com,0460508091,F,2026-07-14,Melbourne,VIC,2026-09-12 13:44:40,2026-09-30 12:00:00
C01912,Mia Harris,mia.harris1912@example.com,0430359406,M,2026-03-31,Hobart,TAS,2026-03-16 00:17:28,2026-09-30 12:00:00
C01913,James Anderson,james.anderson1913@example.com,0487845932,M,2026-02-21,Canberra,ACT,2025-12-13 03:24:09,2026-03-04 14:24:09
C01914,Henry King,henry.king1914@example.com,0445690939,Other,2026-02-14,Canberra,ACT,2025-05-09 00:32:36,2026-06-11 07:32:36
C01915,Ella Young,ella.young1915@example.com,0463041305,F,2025-06-04,Parramatta,NSW,2026-09-21 01:56:27,2026-09-30 12:00:00
C01916,Thomas Hall,thomas.hall1916@example.com,0421969785,F,2025-03-17,Hobart,TAS,2026-08-13 02:27:01,2026-09-30 12:00:00
C01917,William Taylor,william.taylor1917@example.com,0431910386,M,2026-02-22,Hobart,TAS,2025-09-12 11:42:48,2026-07-17 07:42:48
C01918,Emma White,emma.white1918@example.com,0435042392,M,2025-02-14,Parramatta,NSW,2026-05-02 23:26:57,2026-05-03 09:26:57
C01919,Henry Thompson,henry.thompson1919@example.com,0412943511,M,2026-01-04,Canberra,ACT,2026-06-08 03:25:21,2026-09-30 12:00:00
C01920,Henry Martin,henry.martin1920@example.com,0452665624,Other,2025-02-02,Adelaide,SA,2025-05-29 08:07:39,2025-07-17 21:07:39
C01921,William Martin,william.martin1921@example.com,0474993537,Other,2025-03-08,Brisbane,QLD,2025-01-29 18:26:25,2025-03-03 09:26:25
C01922,Thomas Anderson,thomas.anderson1922@example.com,0415614448,Other,2026-07-09,Brisbane,QLD,2026-09-01 17:36:48,2026-09-30 12:00:00
C01923,James Clark,james.clark1923@example.com,0446355566,F,2026-06-14,Adelaide,SA,2026-07-19 04:06:17,2026-08-28 18:06:17
C01924,Emma White,emma.white1924@example.com,0445571248,Other,2026-03-09,Gold Coast,QLD,2026-09-30 05:58:25,2026-09-30 12:00:00
C01925,Amelia King,amelia.king1925@example.com,0483759636,F,2025-11-16,Hobart,TAS,2025-09-12 22:37:25,2026-09-04 17:37:25
C01926,Thomas Clark,thomas.clark1926@example.com,0455672278,Other,2025-09-25,Hobart,TAS,2025-11-16 22:57:55,2026-01-02 08:57:55
C01927,Jack Brown,jack.brown1927@example.com,0434237228,M,2026-05-05,Geelong,VIC,2025-05-08 19:08:46,2026-03-11 16:08:46
C01928,Isla White,isla.white1928@example.com,0466704595,Other,2025-03-05,Perth,WA,2025-02-15 11:07:04,2025-10-15 13:07:04
C01929,Mia Scott,mia.scott1929@example.com,0465135245,Other,2025-05-09,Canberra,ACT,2026-07-23 12:13:26,2026-09-30 12:00:00
C01930,Emma Young,emma.young1930@example.com,0475163798,M,2025-02-20,Hobart,TAS,2025-09-24 10:23:38,2025-10-22 22:23:38
C01931,James Scott,james.scott1931@example.com,0434015248,M,2025-10-28,Hobart,TAS,2025-11-05 04:19:33,2026-08-29 12:19:33
C01932,Leo Clark,leo.clark1932@example.com,0416711201,F,2026-03-23,Brisbane,QLD,2026-07-25 19:27:27,2026-09-30 12:00:00
C01933,Henry Thomas,henry.thomas1933@example.com,0469471346,F,2026-07-05,Melbourne,VIC,2025-11-15 10:27:55,2026-05-21 01:27:55
C01934,James Wright,james.wright1934@example.com,0491686348,M,2026-03-12,Adelaide,SA,2025-11-12 10:14:12,2026-09-30 12:00:00
C01935,Liam White,liam.white1935@example.com,0434739730,F,2025-12-11,Gold Coast,QLD,2025-09-22 12:56:24,2025-11-28 08:56:24
C01936,Sophia Brown,sophia.brown1936@example.com,0440722721,M,2025-01-10,Geelong,VIC,2026-02-11 20:21:38,2026-09-30 12:00:00
C01937,Grace Thomas,grace.thomas1937@example.com,0467469612,F,2026-05-01,Sydney,NSW,2025-05-02 05:09:18,2025-08-02 19:09:18
C01938,Sophia Clark,sophia.clark1938@example.com,0420611935,M,2025-10-15,Sydney,NSW,2025-11-20 19:04:24,2025-12-04 22:04:24
C01939,Emma Wilson,emma.wilson1939@example.com,0462109351,M,2025-01-07,Gold Coast,QLD,2026-05-31 08:34:51,2026-09-30 12:00:00
C01940,Ella Smith,ella.smith1940@example.com,0476375258,Other,2025-05-11,Geelong,VIC,2026-05-01 18:33:25,2026-09-30 12:00:00
C01941,William Wilson,william.wilson1941@example.com,0446667896,F,2025-05-19,Sydney,NSW,2026-08-15 19:56:22,2026-09-30 12:00:00
C01942,Grace Harris,grace.harris1942@example.com,0417176785,M,2026-06-26,Sydney,NSW,2026-03-12 02:09:46,2026-05-07 07:09:46
C01943,Henry White,henry.white1943@example.com,0461790520,Other,2025-02-19,Adelaide,SA,2025-12-17 07:27:22,2026-09-30 12:00:00
C01944,Charlie King,charlie.king1944@example.com,0427168689,M,2026-07-25,Gold Coast,QLD,2025-06-22 11:16:32,2025-09-19 20:16:32
C01945,Mia Young,mia.young1945@example.com,0414219205,Other,2026-03-16,Gold Coast,QLD,2025-09-17 11:51:48,2026-02-01 12:51:48
C01946,Henry Martin,henry.martin1946@example.com,0436415300,M,2025-04-25,Gold Coast,QLD,2025-10-20 20:29:21,2026-09-30 12:00:00
C01947,Liam Jackson,liam.jackson1947@example.com,0475934922,Other,2026-09-28,Sydney,NSW,2026-04-04 09:49:34,2026-09-30 12:00:00
C01948,Noah Hall,noah.hall1948@example.com,0496102774,Other,2025-06-20,Adelaide,SA,2026-02-12 06:15:42,2026-07-13 02:15:42
C01949,Chloe Thomas,chloe.thomas1949@example.com,0419767824,F,2025-12-29,Melbourne,VIC,2025-07-16 17:34:24,2026-07-01 22:34:24
C01950,James King,james.king1950@example.com,0444216114,F,2025-07-19,Melbourne,VIC,2025-03-10 19:50:24,2025-07-14 20:50:24
C01951,Olivia Clark,olivia.clark1951@example.com,0445804636,Other,2025-08-23,Hobart,TAS,2025-08-24 10:46:34,2026-05-08 14:46:34
C01952,Jack White,jack.white1952@example.com,0423936761,Other,2025-03-12,Brisbane,QLD,2025-01-13 01:54:58,2026-01-06 21:54:58
C01953,Leo Hall,leo.hall1953@example.com,0456350800,M,2025-10-13,Adelaide,SA,2026-06-02 09:32:57,2026-07-06 22:32:57
C01954,Henry Harris,henry.harris1954@example.com,0481817250,F,2025-03-09,Gold Coast,QLD,2025-09-25 08:27:03,2026-06-24 14:27:03
C01955,Chloe Scott,chloe.scott1955@example.com,0412089715,Other,2025-11-25,Hobart,TAS,2025-08-11 14:45:50,2026-05-20 17:45:50
C01956,Mia Scott,mia.scott1956@example.com,0444286827,Other,2026-01-31,Geelong,VIC,2025-05-31 17:29:32,2026-02-18 14:29:32
C01957,Amelia Wright,amelia.wright1957@example.com,0490376344,M,2025-11-10,Hobart,TAS,2026-03-12 18:33:32,2026-09-30 12:00:00
C01958,Jack Allen,jack.allen1958@example.com,0428459003,F,2026-01-21,Hobart,TAS,2025-05-17 15:06:17,2026-01-03 12:06:17
C01959,Mia Brown,mia.brown1959@example.com,0433492068,F,2025-05-16,Geelong,VIC,2026-09-05 17:47:24,2026-09-30 12:00:00
C01960,William King,william.king1960@example.com,0486237437,M,2025-06-04,Parramatta,NSW,2026-08-30 14:10:33,2026-09-30 12:00:00
C01961,Emma King,emma.king1961@example.com,0438197836,M,2026-06-14,Adelaide,SA,2025-01-31 12:58:52,2025-04-22 06:58:52
C01962,Thomas Brown,thomas.brown1962@example.com,0425699847,M,2025-07-09,Hobart,TAS,2026-07-25 06:10:09,2026-09-25 07:10:09
C01963,Mia Thomas,mia.thomas1963@example.com,0468246537,F,2025-04-28,Melbourne,VIC,2025-01-17 02:44:33,2025-08-02 16:44:33
C01964,Olivia Smith,olivia.smith1964@example.com,0461839427,M,2025-01-12,Canberra,ACT,2026-09-04 21:55:35,2026-09-30 12:00:00
C01965,Ella Wilson,ella.wilson1965@example.com,0418282820,Other,2025-08-29,Brisbane,QLD,2025-07-13 11:24:50,2025-08-29 20:24:50
C01966,Ella Martin,ella.martin1966@example.com,0474771844,F,2026-03-08,Gold Coast,QLD,2025-09-07 20:05:37,2026-05-26 21:05:37
C01967,Ella Anderson,ella.anderson1967@example.com,0423107454,M,2025-01-04,Parramatta,NSW,2025-11-19 09:26:55,2026-09-16 19:26:55
C01968,William Smith,william.smith1968@example.com,0488963818,F,2026-03-25,Adelaide,SA,2026-02-18 05:00:23,2026-07-10 15:00:23
C01969,Noah Thompson,noah.thompson1969@example.com,0466650860,F,2025-04-05,Melbourne,VIC,2025-02-17 13:27:57,2026-01-26 01:27:57
C01970,Noah Smith,noah.smith1970@example.com,0440171534,F,2025-01-02,Perth,WA,2026-01-15 09:55:05,2026-09-30 12:00:00
C01971,Charlie King,charlie.king1971@example.com,0493028933,F,2025-02-12,Gold Coast,QLD,2025-04-13 12:39:52,2026-02-09 20:39:52
C01972,Thomas Scott,thomas.scott1972@example.com,0483582824,M,2025-10-29,Melbourne,VIC,2026-01-12 17:48:12,2026-08-21 06:48:12
C01973,Ella Anderson,ella.anderson1973@example.com,0431381637,F,2026-09-14,Perth,WA,2026-07-02 23:36:36,2026-09-30 12:00:00
C01974,Charlie Smith,charlie.smith1974@example.com,0495265713,Other,2025-05-02,Canberra,ACT,2025-08-28 17:27:35,2026-06-09 09:27:35
C01975,Chloe Young,chloe.young1975@example.com,0467546430,M,2026-01-07,Adelaide,SA,2026-09-22 02:23:01,2026-09-30 12:00:00
C01976,Charlie Wilson,charlie.wilson1976@example.com,0426979106,M,2025-03-31,Hobart,TAS,2026-04-11 12:01:44,2026-09-30 12:00:00
C01977,Liam Walker,liam.walker1977@example.com,0461021584,M,2025-11-06,Gold Coast,QLD,2026-04-11 20:33:36,2026-09-30 12:00:00
C01978,Noah King,noah.king1978@example.com,0458480371,F,2026-06-07,Melbourne,VIC,2026-08-09 11:59:08,2026-09-16 01:59:08
C01979,Jack Taylor,jack.taylor1979@example.com,0428517985,F,2025-10-31,Adelaide,SA,2026-05-14 14:18:45,2026-06-30 11:18:45
C01980,Leo Scott,leo.scott1980@example.com,0429415054,F,2025-04-05,Sydney,NSW,2025-03-18 03:34:43,2026-02-11 20:34:43
C01981,Amelia Wright,amelia.wright1981@example.com,0490954568,F,2025-12-09,Perth,WA,2025-05-22 13:17:11,2025-08-13 17:17:11
C01982,Thomas Wright,thomas.wright1982@example.com,0459182925,F,2025-05-16,Geelong,VIC,2026-04-06 01:51:45,2026-08-20 00:51:45
C01983,Emma King,emma.king1983@example.com,0468400503,Other,2025-05-10,Gold Coast,QLD,2025-10-28 11:31:53,2025-11-20 21:31:53
C01984,James Wright,james.wright1984@example.com,0487111120,M,2025-02-20,Sydney,NSW,2025-05-10 11:31:53,2025-05-11 09:31:53
C01985,Noah Clark,noah.clark1985@example.com,0438356463,M,2025-10-13,Parramatta,NSW,2025-12-17 13:17:03,2026-08-09 18:17:03
C01986,Chloe Thomas,chloe.thomas1986@example.com,0410678721,M,2025-04-02,Canberra,ACT,2025-06-16 17:39:20,2026-06-21 01:39:20
C01987,Chloe Young,chloe.young1987@example.com,0442261979,M,2025-05-20,Canberra,ACT,2025-07-07 05:44:16,2026-07-09 19:44:16
C01988,Grace Wilson,grace.wilson1988@example.com,0457168440,Other,2025-03-02,Perth,WA,2026-07-10 11:00:30,2026-08-12 12:00:30
C01989,Noah Taylor,noah.taylor1989@example.com,0498172626,M,2025-11-19,Hobart,TAS,2026-01-16 00:39:11,2026-09-10 03:39:11
C01990,Ava Walker,ava.walker1990@example.com,0486438590,M,2025-07-24,Geelong,VIC,2025-02-14 23:23:14,2025-09-28 00:23:14
C01991,Olivia Brown,olivia.brown1991@example.com,0410617870,F,2025-09-20,Adelaide,SA,2025-03-14 13:37:20,2026-02-25 13:37:20
C01992,Noah Young,noah.young1992@example.com,0440467872,Other,2025-05-25,Hobart,TAS,2025-11-16 17:45:20,2026-09-30 12:00:00
C01993,Lucas Young,lucas.young1993@example.com,0456253278,M,2026-09-02,Adelaide,SA,2026-02-28 18:35:36,2026-06-18 07:35:36
C01994,Henry Harris,henry.harris1994@example.com,0479077891,M,2026-05-01,Adelaide,SA,2025-04-29 13:53:46,2025-06-14 08:53:46
C01995,William Martin,william.martin1995@example.com,0414767638,F,2025-12-07,Canberra,ACT,2025-03-26 06:57:49,2026-04-01 08:57:49
C01996,Olivia Anderson,olivia.anderson1996@example.com,0434585451,M,2026-04-25,Gold Coast,QLD,2026-07-29 21:39:25,2026-09-30 12:00:00
C01997,Sophia Jackson,sophia.jackson1997@example.com,0430318407,F,2026-06-27,Gold Coast,QLD,2026-03-25 08:33:48,2026-07-26 18:33:48
C01998,Olivia Clark,olivia.clark1998@example.com,0436005508,Other,2026-07-16,Brisbane,QLD,2026-07-13 13:02:47,2026-09-30 12:00:00
C01999,Mia Harris,mia.harris1999@example.com,0452670431,M,2026-01-27,Brisbane,QLD,2026-07-09 16:12:35,2026-09-30 12:00:00
C02000,Sophia Clark,sophia.clark2000@example.com,0469637432,F,2025-02-21,Sydney,NSW,2026-07-08 01:21:21,2026-08-04 15:21:21
C02001,Leo Moore,leo.moore2001@example.com,0431401790,M,2026-08-02,Adelaide,SA,2026-09-27 10:22:05,2026-09-30 12:00:00
C02002,Ava Smith,ava.smith2002@example.com,0424380105,M,2026-05-21,Hobart,TAS,2025-02-04 17:59:21,2026-03-04 03:59:21
C02003,Sophia Smith,sophia.smith2003@example.com,0478116890,F,2025-04-08,Hobart,TAS,2025-04-15 07:06:05,2025-06-05 21:06:05
C02004,Amelia Smith,amelia.smith2004@example.com,0417245530,Other,2025-07-01,Sydney,NSW,2025-12-03 09:45:28,2026-09-30 12:00:00
C02005,Ava Smith,ava.smith2005@example.com,0421161254,Other,2025-07-01,Perth,WA,2026-09-28 11:58:14,2026-09-30 12:00:00
C02006,James Wilson,james.wilson2006@example.com,0417988778,M,2025-06-11,Sydney,NSW,2025-07-06 14:57:20,2026-04-22 01:57:20
C02007,Grace Brown,grace.brown2007@example.com,0456576842,Other,2026-08-26,Geelong,VIC,2025-11-24 03:21:13,2026-09-30 12:00:00
C02008,Henry Hall,henry.hall2008@example.com,0423407419,F,2025-07-15,Hobart,TAS,2025-12-14 01:28:18,2026-01-05 16:28:18
C02009,Liam Hall,liam.hall2009@example.com,0489173318,Other,2026-01-10,Hobart,TAS,2026-07-18 01:59:22,2026-09-30 12:00:00
C02010,James White,james.white2010@example.com,0439022140,F,2025-01-13,Geelong,VIC,2025-02-19 00:25:18,2026-01-31 19:25:18
C02011,William Wright,william.wright2011@example.com,0467499981,M,2026-06-03,Geelong,VIC,2025-01-04 08:22:08,2025-01-20 14:22:08
C02012,Amelia Martin,amelia.martin2012@example.com,0439713306,Other,2025-12-11,Geelong,VIC,2025-03-15 17:19:40,2026-01-23 20:19:40
C02013,Amelia Scott,amelia.scott2013@example.com,0460170562,Other,2026-08-04,Sydney,NSW,2026-07-13 11:22:48,2026-09-30 12:00:00
C02014,Jack Anderson,jack.anderson2014@example.com,0475349641,Other,2026-08-15,Melbourne,VIC,2026-01-06 12:04:02,2026-02-06 01:04:02
C02015,James Smith,james.smith2015@example.com,0419890201,Other,2026-02-01,Perth,WA,2026-08-08 13:58:58,2026-09-30 12:00:00
C02016,Charlie Allen,charlie.allen2016@example.com,0445843633,Other,2025-05-09,Brisbane,QLD,2025-02-15 22:57:15,2025-10-19 14:57:15
C02017,William Jackson,william.jackson2017@example.com,0412752966,M,2026-02-07,Hobart,TAS,2025-10-23 09:37:44,2026-05-02 16:37:44
C02018,Chloe Hall,chloe.hall2018@example.com,0494944132,F,2025-01-12,Perth,WA,2025-06-10 10:20:00,2025-09-29 15:20:00
C02019,Noah Allen,noah.allen2019@example.com,0448368696,M,2026-04-16,Parramatta,NSW,2026-01-24 10:16:08,2026-08-12 15:16:08
C02020,Ella Harris,ella.harris2020@example.com,0430059058,M,2025-08-15,Sydney,NSW,2026-08-20 01:40:11,2026-09-30 12:00:00
C02021,Sophia Thompson,sophia.thompson2021@example.com,0415346404,Other,2026-03-08,Geelong,VIC,2025-03-13 00:47:50,2025-03-29 18:47:50
C02022,Olivia Moore,olivia.moore2022@example.com,0478509660,F,2025-09-06,Parramatta,NSW,2025-01-06 20:48:34,2025-10-18 09:48:34
C02023,James Anderson,james.anderson2023@example.com,0492713862,M,2025-10-16,Geelong,VIC,2025-04-01 12:25:28,2025-07-22 16:25:28
C02024,Jack Hall,jack.hall2024@example.com,0485912695,M,2025-03-31,Gold Coast,QLD,2026-07-31 17:50:34,2026-09-30 12:00:00
C02025,Ava Wright,ava.wright2025@example.com,0442248411,F,2025-07-03,Hobart,TAS,2026-03-10 09:10:25,2026-04-02 16:10:25
C02026,James Anderson,james.anderson2026@example.com,0472001039,F,2025-01-26,Adelaide,SA,2026-01-14 11:33:11,2026-02-22 19:33:11
C02027,Amelia Anderson,amelia.anderson2027@example.com,0440286199,Other,2026-07-18,Melbourne,VIC,2026-04-01 03:05:51,2026-09-24 08:05:51
C02028,James Thomas,,0498617690,M,2025-03-11,Parramatta,NSW,2026-03-18 22:10:06,2026-09-30 12:00:00
C02029,Isla Young,isla.young2029@example.com,0459129335,Other,2025-04-07,Geelong,VIC,2026-06-19 18:58:31,2026-09-30 12:00:00
C02030,Grace Taylor,grace.taylor2030@example.com,0483851704,Other,2025-03-25,Geelong,VIC,2026-05-31 13:13:34,2026-09-30 12:00:00
C02031,Lucas Thompson,lucas.thompson2031@example.com,0422642823,F,2026-07-24,Hobart,TAS,2026-04-20 22:30:10,2026-09-30 12:00:00
C02032,Thomas Brown,thomas.brown2032@example.com,0491050580,M,2025-03-10,Melbourne,VIC,2025-12-14 07:30:34,2026-09-30 12:00:00
C02033,Ella Clark,ella.clark2033@example.com,0478325483,F,2025-12-06,Hobart,TAS,2025-06-08 16:58:37,2026-02-08 21:58:37
C02034,Sophia Brown,sophia.brown2034@example.com,0431812203,M,2025-02-25,Geelong,VIC,2026-06-11 04:10:46,2026-09-30 12:00:00
C02035,Ava King,ava.king2035@example.com,0428155669,Other,2025-06-09,Parramatta,NSW,2026-09-22 09:34:08,2026-09-30 12:00:00
C02036,Olivia Harris,olivia.harris2036@example.com,0427673668,Other,2026-06-22,Geelong,VIC,2025-10-12 08:31:17,2026-09-12 14:31:17
C02037,Emma Wilson,emma.wilson2037@example.com,0411370078,Other,2025-05-10,Perth,WA,2026-01-04 18:38:45,2026-04-15 16:38:45
C02038,James Anderson,james.anderson2038@example.com,0430034371,M,2025-05-15,Melbourne,VIC,2025-08-01 01:17:59,2026-08-01 23:17:59
C02039,Liam Hall,liam.hall2039@example.com,0460053912,Other,2025-07-18,Adelaide,SA,2026-01-03 04:44:56,2026-02-24 11:44:56
C02040,Olivia Anderson,olivia.anderson2040@example.com,0444019584,F,2025-07-21,Canberra,ACT,2025-04-06 13:21:56,2025-05-01 02:21:56
C02041,James Brown,james.brown2041@example.com,0471686315,F,2026-02-12,Gold Coast,QLD,2026-09-02 07:59:53,2026-09-30 12:00:00
C02042,Lucas Taylor,lucas.taylor2042@example.com,0413075969,Other,2025-06-15,Hobart,TAS,2026-07-05 07:08:49,2026-08-11 04:08:49
C02043,Amelia Wilson,amelia.wilson2043@example.com,0431356906,Other,2026-06-28,Perth,WA,2025-03-17 15:19:24,2026-01-22 16:19:24
C02044,William Taylor,william.taylor2044@example.com,0418976593,Other,2026-02-01,Melbourne,VIC,2025-09-27 07:53:47,2026-07-01 15:53:47
C02045,Leo Thomas,leo.thomas2045@example.com,0466344543,F,2025-01-15,Sydney,NSW,2026-08-05 02:51:55,2026-09-30 12:00:00
C02046,Thomas Brown,thomas.brown2046@example.com,0471807877,M,2026-01-28,Gold Coast,QLD,2026-02-20 17:56:23,2026-09-22 05:56:23
C02047,Mia Clark,mia.clark2047@example.com,0458542593,M,2025-11-07,Sydney,NSW,2025-03-28 18:32:51,2025-10-16 05:32:51
C02048,Lucas Martin,lucas.martin2048@example.com,0436353271,Other,2025-11-10,Brisbane,QLD,2025-11-04 20:02:28,2026-06-13 08:02:28
C02049,Amelia Jackson,amelia.jackson2049@example.com,0491137087,F,2025-06-21,Parramatta,NSW,2026-08-05 13:22:00,2026-09-30 12:00:00
C02050,Charlie Jackson,charlie.jackson2050@example.com,0449663715,M,2025-09-19,Sydney,NSW,2025-06-22 12:08:27,2025-08-21 14:08:27
C02051,William Walker,william.walker2051@example.com,0430307891,M,2026-06-12,Sydney,NSW,2025-12-18 20:35:44,2026-06-01 04:35:44
C02052,Thomas Brown,thomas.brown2052@example.com,0493587401,F,2025-06-01,Canberra,ACT,2026-05-20 19:43:39,2026-07-10 18:43:39
C02053,Mia Martin,mia.martin2053@example.com,0436979534,Other,2025-12-13,Geelong,VIC,2026-09-08 18:43:24,2026-09-30 12:00:00
C02054,Mia Anderson,mia.anderson2054@example.com,0458945246,Other,2025-08-30,Brisbane,QLD,2026-04-17 05:56:23,2026-09-30 12:00:00
C02055,Mia White,mia.white2055@example.com,0420560999,Other,2026-01-10,Brisbane,QLD,2025-07-27 01:51:44,2025-11-27 03:51:44
C02056,Thomas Allen,thomas.allen2056@example.com,0462399178,Other,2026-08-01,Perth,WA,2025-01-29 11:46:17,2025-08-07 01:46:17
C02057,Henry Allen,henry.allen2057@example.com,0495325945,F,2025-07-24,Gold Coast,QLD,2026-04-10 12:37:45,2026-09-30 12:00:00
C02058,Isla White,isla.white2058@example.com,0461896522,Other,2026-09-01,Perth,WA,2026-01-15 18:30:54,2026-06-03 06:30:54
C02059,Thomas Clark,thomas.clark2059@example.com,0433767704,F,2025-10-20,Geelong,VIC,2026-03-18 06:57:17,2026-05-21 08:57:17
C02060,Isla Smith,isla.smith2060@example.com,0478188722,M,2025-12-16,Canberra,ACT,2025-01-09 18:21:59,2025-11-22 03:21:59
C02061,Ava Clark,ava.clark2061@example.com,0463294489,F,2026-04-03,Hobart,TAS,2025-05-27 10:50:23,2026-03-17 22:50:23
C02062,Ava Taylor,ava.taylor2062@example.com,0459384436,Other,2026-08-26,Parramatta,NSW,2025-01-14 14:55:17,2025-03-24 21:55:17
C02063,Emma Harris,emma.harris2063@example.com,0499616888,F,2026-07-12,Sydney,NSW,2026-01-30 03:59:52,2026-06-25 04:59:52
C02064,Lucas Jackson,lucas.jackson2064@example.com,0451466066,M,2025-02-27,Parramatta,NSW,2025-06-11 13:52:07,2025-11-12 23:52:07
C02065,Charlie Wright,charlie.wright2065@example.com,0412425579,M,2026-07-01,Perth,WA,2025-08-14 21:49:29,2025-12-08 00:49:29
C02066,Emma Allen,emma.allen2066@example.com,0459440487,Other,2026-07-17,Canberra,ACT,2025-12-31 05:09:59,2026-03-02 07:09:59
C02067,Charlie Wilson,charlie.wilson2067@example.com,0447495084,Other,2025-06-30,Canberra,ACT,2025-10-15 10:10:13,2026-04-19 07:10:13
C02068,Grace Young,grace.young2068@example.com,0476847853,M,2025-04-26,Adelaide,SA,2025-09-23 08:54:43,2026-08-23 05:54:43
C02069,Chloe Jackson,chloe.jackson2069@example.com,0429808913,M,2026-04-01,Sydney,NSW,2025-01-26 22:33:26,2025-07-20 21:33:26
C02070,Charlie Hall,charlie.hall2070@example.com,0435273235,M,2026-04-25,Sydney,NSW,2026-08-15 13:25:43,2026-09-30 12:00:00
C02071,James Taylor,james.taylor2071@example.com,0457930481,M,2026-03-26,Brisbane,QLD,2025-03-05 20:52:02,2026-03-31 16:52:02
C02072,Ella Wilson,ella.wilson2072@example.com,0414881035,M,2025-06-05,Melbourne,VIC,2026-01-12 10:41:33,2026-09-30 12:00:00
C02073,Chloe Thomas,chloe.thomas2073@example.com,0436154680,M,2026-03-12,Sydney,NSW,2025-03-09 09:11:20,2025-11-02 06:11:20
C02074,James Scott,james.scott2074@example.com,0463418120,Other,2025-03-30,Brisbane,QLD,2025-08-21 18:44:50,2025-10-24 00:44:50
C02075,Chloe Thomas,chloe.thomas2075@example.com,0457119069,Other,2025-06-07,Melbourne,VIC,2025-07-23 03:12:24,2026-06-06 14:12:24
C02076,Thomas Clark,thomas.clark2076@example.com,0494713882,F,2025-09-10,Sydney,NSW,2025-01-28 19:41:11,2025-11-19 18:41:11
C02077,Isla Anderson,isla.anderson2077@example.com,0438616380,M,2025-06-01,Gold Coast,QLD,2026-09-23 11:52:57,2026-09-30 12:00:00
C02078,Ava Anderson,ava.anderson2078@example.com,0491594140,M,2025-01-02,Adelaide,SA,2025-08-21 22:39:12,2026-05-16 17:39:12
C02079,Sophia Moore,sophia.moore2079@example.com,0467287009,M,2026-06-04,Adelaide,SA,2025-08-16 11:14:08,2025-12-11 00:14:08
C02080,Isla Brown,isla.brown2080@example.com,0416115184,Other,2025-07-11,Adelaide,SA,2026-02-11 02:58:03,2026-09-30 12:00:00
C02081,Leo Scott,leo.scott2081@example.com,0415177367,M,2025-01-15,Adelaide,SA,2025-05-04 16:51:10,2025-08-15 04:51:10
C02082,Chloe Taylor,chloe.taylor2082@example.com,0484930512,Other,2026-07-28,Sydney,NSW,2026-02-10 03:22:41,2026-09-30 12:00:00
C02083,Ava Wilson,ava.wilson2083@example.com,0464027629,F,2025-07-25,Adelaide,SA,2026-03-22 22:48:16,2026-09-30 12:00:00
C02084,Jack Hall,jack.hall2084@example.com,0429009846,M,2026-06-05,Brisbane,QLD,2025-05-15 04:13:13,2026-05-03 08:13:13
C02085,James Taylor,james.taylor2085@example.com,0485977102,M,2025-07-08,Hobart,TAS,2025-10-27 08:09:22,2026-08-10 05:09:22
C02086,Ava Moore,ava.moore2086@example.com,0438328468,F,2025-02-20,Perth,WA,2025-02-28 12:11:52,2026-01-10 22:11:52
C02087,Leo White,leo.white2087@example.com,0417438597,F,2026-02-11,Adelaide,SA,2025-09-08 02:54:41,2025-11-05 19:54:41
C02088,Chloe Harris,chloe.harris2088@example.com,0485013013,F,2025-05-05,Geelong,VIC,2025-08-30 00:31:42,2026-02-07 07:31:42
C02089,Ella Thompson,ella.thompson2089@example.com,0433422977,F,2025-02-28,Sydney,NSW,2025-01-14 21:04:14,2026-02-15 09:04:14
C02090,Thomas Martin,thomas.martin2090@example.com,0459039804,F,2025-03-06,Perth,WA,2025-08-23 18:53:46,2026-04-23 15:53:46
C02091,Jack Harris,jack.harris2091@example.com,0433391451,Other,2025-03-10,Adelaide,SA,2025-02-16 11:20:16,2025-12-04 13:20:16
C02092,Isla Wilson,isla.wilson2092@example.com,0455932113,F,2026-03-15,Perth,WA,2025-10-02 02:04:36,2026-09-30 12:00:00
C02093,Henry Smith,henry.smith2093@example.com,0489313901,F,2026-04-07,Hobart,TAS,2025-04-04 18:46:24,2026-02-02 00:46:24
C02094,Ella Allen,ella.allen2094@example.com,0412437415,F,2025-06-22,Gold Coast,QLD,2025-07-09 01:30:51,2025-07-09 05:30:51
C02095,Grace Thomas,grace.thomas2095@example.com,0428247605,Other,2025-04-02,Melbourne,VIC,2025-03-14 19:55:41,2025-11-23 22:55:41
C02096,Liam Martin,liam.martin2096@example.com,0493255820,F,2026-04-19,Geelong,VIC,2025-07-26 18:15:48,2026-07-28 07:15:48
C02097,Ella Wright,ella.wright2097@example.com,0419958063,M,2026-03-13,Adelaide,SA,2026-02-20 01:36:33,2026-09-30 12:00:00
C02098,Chloe Allen,chloe.allen2098@example.com,0497514564,F,2025-01-29,Parramatta,NSW,2025-03-23 19:49:11,2025-05-30 09:49:11
C02099,Charlie Thompson,charlie.thompson2099@example.com,0466419307,F,2025-08-31,Hobart,TAS,2026-06-28 17:39:30,2026-09-30 12:00:00
C02100,William Wright,william.wright2100@example.com,0454132892,F,2025-07-12,Brisbane,QLD,2025-07-27 03:38:05,2026-06-14 15:38:05
C02101,James Young,james.young2101@example.com,0431278817,M,2026-08-24,Hobart,TAS,2025-12-09 05:14:07,2026-02-21 06:14:07
C02102,Noah Moore,noah.moore2102@example.com,0485569997,Other,2026-04-13,Melbourne,VIC,2025-12-24 15:51:24,2026-05-13 00:51:24
C02103,Sophia Allen,sophia.allen2103@example.com,0463102334,F,2025-11-13,Melbourne,VIC,2025-02-21 00:08:26,2025-12-05 14:08:26
C02104,Ella Walker,ella.walker2104@example.com,0451541660,M,2026-03-06,Adelaide,SA,2026-02-15 09:36:28,2026-09-30 12:00:00
C02105,William Clark,william.clark2105@example.com,0413094200,F,2025-09-08,Gold Coast,QLD,2026-03-13 22:02:16,2026-08-29 23:02:16
C02106,Isla Thompson,isla.thompson2106@example.com,0446560856,Other,2026-03-13,Parramatta,NSW,2026-04-27 06:02:37,2026-09-30 12:00:00
C02107,Amelia Thomas,amelia.thomas2107@example.com,0497251436,F,2025-05-21,Adelaide,SA,2026-03-28 02:07:56,2026-09-30 12:00:00
C02108,Lucas Clark,lucas.clark2108@example.com,0472538971,Other,2025-01-09,Parramatta,NSW,2025-11-25 06:03:44,2026-06-03 00:03:44
C02109,Ava Moore,ava.moore2109@example.com,0437698521,F,2025-11-03,Gold Coast,QLD,2025-04-23 05:33:10,2025-12-15 18:33:10
C02110,Mia Wilson,mia.wilson2110@example.com,0486492934,F,2026-09-19,Gold Coast,QLD,2026-09-21 09:58:33,2026-09-30 12:00:00
C02111,Leo Moore,leo.moore2111@example.com,0445128164,F,2025-08-15,Brisbane,QLD,2026-02-28 21:27:15,2026-07-31 07:27:15
C02112,Sophia Harris,sophia.harris2112@example.com,0489066088,M,2026-09-15,Geelong,VIC,2025-11-09 19:07:25,2026-08-28 14:07:25
C02113,Mia Harris,mia.harris2113@example.com,0465018243,F,2025-01-18,Brisbane,QLD,2026-08-16 14:18:14,2026-09-30 12:00:00
C02114,Thomas King,thomas.king2114@example.com,0466388658,M,2026-09-12,Sydney,NSW,2025-05-30 07:03:37,2025-11-14 23:03:37
C02115,Chloe Jackson,chloe.jackson2115@example.com,0446186270,M,2025-09-13,Hobart,TAS,2026-06-30 20:49:56,2026-09-30 12:00:00
C02116,Ava Taylor,ava.taylor2116@example.com,0425454302,F,2025-02-14,Melbourne,VIC,2026-08-08 14:08:03,2026-09-30 12:00:00
C02117,Chloe Thompson,chloe.thompson2117@example.com,0465404883,F,2025-12-11,Brisbane,QLD,2026-06-16 11:12:18,2026-09-30 12:00:00
C02118,Chloe Wright,chloe.wright2118@example.com,0447331005,Other,2026-03-20,Sydney,NSW,2025-05-09 01:15:00,2025-05-30 10:15:00
C02119,Sophia Clark,sophia.clark2119@example.com,0413675662,M,2025-12-31,Geelong,VIC,2025-06-01 23:39:14,2026-03-19 00:39:14
C02120,Emma Anderson,emma.anderson2120@example.com,0457813594,Other,2026-09-02,Geelong,VIC,2025-07-28 23:55:29,2026-01-15 11:55:29
C02121,Leo Jackson,leo.jackson2121@example.com,0484541470,F,2025-03-22,Gold Coast,QLD,2026-08-20 10:40:43,2026-09-30 12:00:00
C02122,Lucas Scott,lucas.scott2122@example.com,0435387628,F,2025-12-02,Parramatta,NSW,2025-03-12 08:45:23,2025-12-19 17:45:23
C02123,Leo Clark,leo.clark2123@example.com,0459792980,M,2025-07-29,Parramatta,NSW,2025-03-28 02:14:59,2025-12-30 19:14:59
C02124,Sophia Thomas,sophia.thomas2124@example.com,0414494343,M,2025-07-19,Parramatta,NSW,2026-02-22 05:59:42,2026-09-30 12:00:00
C02125,Sophia Hall,sophia.hall2125@example.com,0412512095,F,2025-08-26,Brisbane,QLD,2025-07-07 08:26:13,2026-06-07 11:26:13
C02126,Charlie Wright,charlie.wright2126@example.com,0482514117,M,2025-02-03,Perth,WA,2026-06-01 23:44:43,2026-09-30 12:00:00
C02127,Ella Thompson,ella.thompson2127@example.com,0430534055,Other,2025-04-02,Sydney,NSW,2026-08-06 08:24:48,2026-09-30 12:00:00
C02128,Chloe Hall,chloe.hall2128@example.com,0437895721,F,2025-03-01,Brisbane,QLD,2025-03-07 14:16:12,2025-03-26 23:16:12
C02129,,liam.white2129@example.com,0447625379,F,2026-02-05,Canberra,ACT,2026-01-11 01:10:10,2026-09-30 12:00:00
C02130,Jack Thomas,jack.thomas2130@example.com,0436705345,M,2025-05-17,Adelaide,SA,2025-12-11 23:55:48,2026-09-30 12:00:00
C02131,Thomas Anderson,thomas.anderson2131@example.com,0463857905,Other,2025-04-21,Hobart,TAS,2025-08-28 00:08:01,2025-11-04 10:08:01
C02132,William Jackson,william.jackson2132@example.com,0472873761,F,2025-03-11,Melbourne,VIC,2025-08-24 00:14:12,2025-12-31 13:14:12
C02133,Emma Walker,emma.walker2133@example.com,0474208166,Other,2026-09-17,Adelaide,SA,2026-01-09 00:28:54,2026-08-15 04:28:54
C02134,Isla Thompson,isla.thompson2134@example.com,0417522909,M,2025-06-27,Parramatta,NSW,2025-02-28 05:17:41,2025-09-05 11:17:41
C02135,Mia Wright,invalid-email,0446353305,Other,2025-05-15,Canberra,ACT,2025-09-22 15:10:15,2025-10-06 21:10:15
C02136,Olivia Anderson,olivia.anderson2136@example.com,0412199227,M,2026-04-11,Canberra,ACT,2025-10-31 14:04:51,2026-08-25 13:04:51
C02137,Ava Thomas,ava.thomas2137@example.com,0465510726,F,2026-07-14,Sydney,NSW,2025-10-27 01:56:23,2025-11-25 15:56:23
C02138,Charlie Taylor,charlie.taylor2138@example.com,0493523502,Other,2025-07-07,Adelaide,SA,2026-05-23 10:52:16,2026-09-30 12:00:00
C02139,Henry Brown,henry.brown2139@example.com,0430681094,Other,2026-04-26,Perth,WA,2026-01-04 20:34:14,2026-09-30 12:00:00
C02140,Liam Thompson,liam.thompson2140@example.com,0488508415,Other,2025-12-18,Canberra,ACT,2025-03-07 05:09:20,2026-01-07 06:09:20
C02141,Leo Clark,leo.clark2141@example.com,0429788104,M,2026-05-13,Canberra,ACT,2025-10-16 22:16:58,2026-07-03 21:16:58
C02142,Mia Jackson,mia.jackson2142@example.com,0421346274,M,2025-02-18,Adelaide,SA,2026-08-11 02:50:11,2026-09-30 12:00:00
C02143,Emma Young,emma.young2143@example.com,0484195414,F,2026-09-21,Adelaide,SA,2026-06-10 01:15:44,2026-09-30 12:00:00
C02144,Olivia Wilson,olivia.wilson2144@example.com,0440270833,Other,2025-06-04,Adelaide,SA,2025-02-20 15:18:44,2025-03-11 11:18:44
C02145,Isla Taylor,isla.taylor2145@example.com,0490286041,F,2025-04-23,Hobart,TAS,2026-09-27 19:16:44,2026-09-30 12:00:00
C02146,Chloe Taylor,chloe.taylor2146@example.com,0444162057,M,2025-08-14,Sydney,NSW,2025-06-29 04:57:31,2026-01-14 03:57:31
C02147,Ella Hall,ella.hall2147@example.com,0429373250,M,2026-01-20,Sydney,NSW,2025-06-17 00:23:54,2025-11-12 04:23:54
C02148,Ava Clark,ava.clark2148@example.com,0436212551,Other,2025-01-02,Gold Coast,QLD,2025-09-24 18:56:41,2026-04-08 00:56:41
C02149,Ella Jackson,ella.jackson2149@example.com,0477404592,Other,2026-05-27,Parramatta,NSW,2025-10-24 09:19:28,2025-11-02 18:19:28
C02150,Thomas Scott,thomas.scott2150@example.com,0411385716,F,2026-09-21,Hobart,TAS,2025-12-05 00:17:29,2025-12-15 05:17:29
C02151,Leo Young,leo.young2151@example.com,0470155720,F,2025-09-21,Gold Coast,QLD,2025-03-15 19:49:55,2025-08-23 01:49:55
C02152,Amelia Thomas,amelia.thomas2152@example.com,0452484260,F,2025-08-27,Perth,WA,2026-03-14 20:42:13,2026-06-04 15:42:13
C02153,Henry Thomas,henry.thomas2153@example.com,0458142922,Other,2025-06-07,Adelaide,SA,2026-05-25 15:20:50,2026-08-20 20:20:50
C02154,James Walker,james.walker2154@example.com,0427961181,M,2026-01-13,Geelong,VIC,2026-02-13 11:34:05,2026-04-27 06:34:05
C02155,Lucas Thomas,lucas.thomas2155@example.com,0439308629,M,2025-06-05,Sydney,NSW,2026-08-30 09:07:04,2026-09-30 12:00:00
C02156,Lucas Thompson,lucas.thompson2156@example.com,0499707782,Other,2025-06-07,Gold Coast,QLD,2026-08-19 12:14:27,2026-09-30 12:00:00
C02157,Grace Thomas,grace.thomas2157@example.com,0460597830,M,2025-12-10,Hobart,TAS,2025-10-31 21:48:11,2025-11-22 10:48:11
C02158,Henry Scott,henry.scott2158@example.com,0436109610,M,2025-04-20,Canberra,ACT,2025-01-28 20:42:35,2025-07-20 23:42:35
C02159,Mia King,mia.king2159@example.com,0431076736,M,2025-03-27,Melbourne,VIC,2025-02-14 08:36:34,2025-06-09 06:36:34
C02160,Ava Anderson,ava.anderson2160@example.com,0498952299,M,2026-01-17,Geelong,VIC,2025-06-27 02:23:47,2025-11-25 18:23:47
C02161,Ella Anderson,ella.anderson2161@example.com,0411132274,M,2026-08-20,Perth,WA,2026-07-11 13:34:31,2026-09-30 12:00:00
C02162,Emma Young,emma.young2162@example.com,0451016226,M,2025-01-01,Gold Coast,QLD,2025-09-26 17:34:03,2026-04-14 02:34:03
C02163,Olivia Clark,olivia.clark2163@example.com,0495668618,Other,2026-05-07,Sydney,NSW,2026-08-07 16:58:59,2026-09-30 12:00:00
C02164,Mia Thompson,mia.thompson2164@example.com,0463592573,Other,2025-11-15,Canberra,ACT,2025-12-02 23:24:40,2026-06-26 08:24:40
C02165,Emma Scott,emma.scott2165@example.com,0491941937,M,2026-03-23,Perth,WA,2025-05-13 06:18:42,2025-08-13 09:18:42
C02166,Liam Thomas,liam.thomas2166@example.com,0416103166,F,2025-06-17,Geelong,VIC,2025-07-17 05:01:19,2026-07-05 07:01:19
C02167,Amelia Harris,amelia.harris2167@example.com,0486282908,Other,2025-04-25,Canberra,ACT,2025-08-11 03:18:46,2026-04-16 19:18:46
C02168,Noah Allen,noah.allen2168@example.com,0491793674,Other,2026-09-20,Hobart,TAS,2026-04-03 04:52:48,2026-09-30 12:00:00
C02169,Henry Wright,henry.wright2169@example.com,0424883895,Other,2026-07-17,Canberra,ACT,2025-04-09 20:10:32,2026-04-02 02:10:32
C02170,James Brown,james.brown2170@example.com,0432560859,Other,2025-01-03,Parramatta,NSW,2026-03-19 13:26:01,2026-09-30 12:00:00
C02171,Olivia Smith,olivia.smith2171@example.com,0483010662,F,2025-07-13,Gold Coast,QLD,2025-07-21 23:10:34,2026-01-10 05:10:34
C02172,Emma Smith,emma.smith2172@example.com,0481062939,M,2026-07-18,Gold Coast,QLD,2025-02-17 10:51:11,2025-07-05 17:51:11
C02173,James Moore,james.moore2173@example.com,0498581654,Other,2026-09-19,Canberra,ACT,2025-06-15 13:53:51,2026-04-26 18:53:51
C02174,Olivia Brown,olivia.brown2174@example.com,0468538757,M,2025-08-21,Adelaide,SA,2026-02-12 17:44:27,2026-05-07 07:44:27
C02175,Ava King,ava.king2175@example.com,0438788381,F,2026-02-22,Parramatta,NSW,2026-05-29 19:57:24,2026-09-30 12:00:00
C02176,Noah Young,noah.young2176@example.com,0433760984,F,2026-04-11,Gold Coast,QLD,2025-04-27 20:34:58,2026-05-17 08:34:58
C02177,Emma White,emma.white2177@example.com,0435484177,M,2026-06-02,Perth,WA,2026-07-20 09:49:06,2026-07-20 11:49:06
C02178,Ava Jackson,ava.jackson2178@example.com,0440038699,F,2025-07-11,Parramatta,NSW,2026-09-16 04:06:43,2026-09-30 12:00:00
C02179,Charlie Scott,charlie.scott2179@example.com,0412655477,F,2026-05-09,Geelong,VIC,2026-06-26 15:20:45,2026-09-30 12:00:00
C02180,Chloe Clark,chloe.clark2180@example.com,0488114875,M,2025-01-07,Geelong,VIC,2025-02-14 13:48:40,2026-02-20 00:48:40
C02181,Ella Young,ella.young2181@example.com,0472691608,Other,2026-04-01,Geelong,VIC,2025-09-30 07:49:04,2026-08-14 11:49:04
C02182,Grace Taylor,grace.taylor2182@example.com,0487786608,Other,2025-09-10,Adelaide,SA,2026-05-31 22:07:22,2026-09-30 12:00:00
C02183,Ella Martin,ella.martin2183@example.com,0430223295,Other,2026-02-05,Gold Coast,QLD,2026-05-25 05:47:43,2026-06-03 03:47:43
C02184,Leo Moore,leo.moore2184@example.com,0487141121,M,2025-05-22,Perth,WA,2026-07-01 12:48:10,2026-09-30 12:00:00
C02185,Jack Hall,jack.hall2185@example.com,0456094205,F,2025-08-17,Parramatta,NSW,2025-11-12 19:32:37,2026-08-29 00:32:37
C02186,Amelia Harris,amelia.harris2186@example.com,0491581531,M,2026-04-01,Perth,WA,2025-01-10 14:47:19,2025-03-21 08:47:19
C02187,Henry Allen,henry.allen2187@example.com,0468770286,Other,2026-09-26,Sydney,NSW,2026-09-25 13:27:37,2026-09-30 12:00:00
C02188,Leo Allen,leo.allen2188@example.com,0451203973,Other,2026-05-25,Melbourne,VIC,2026-07-30 00:35:50,2026-09-30 12:00:00
C02189,Henry King,henry.king2189@example.com,0478324734,M,2026-09-15,Gold Coast,QLD,2026-09-25 18:18:25,2026-09-30 12:00:00
C02190,Thomas Martin,thomas.martin2190@example.com,0494545592,F,2025-07-31,Geelong,VIC,2026-02-25 14:15:18,2026-09-30 12:00:00
C02191,Leo Wright,leo.wright2191@example.com,0481632564,M,2025-09-29,Canberra,ACT,2026-07-01 03:24:18,2026-09-30 12:00:00
C02192,Sophia Thompson,sophia.thompson2192@example.com,0411330468,F,2025-06-25,Melbourne,VIC,2026-09-12 05:42:40,2026-09-30 12:00:00
C02193,Emma Brown,emma.brown2193@example.com,0448906764,Other,2026-09-09,Sydney,NSW,2026-02-13 04:29:02,2026-09-04 16:29:02
C02194,Olivia Smith,olivia.smith2194@example.com,0479804420,M,2025-08-15,Canberra,ACT,2025-07-03 08:34:53,2025-11-09 19:34:53
C02195,James King,james.king2195@example.com,0454275746,F,2025-11-09,Canberra,ACT,2026-08-10 17:12:55,2026-09-30 12:00:00
C02196,Ella King,ella.king2196@example.com,0424225241,Other,2025-12-22,Parramatta,NSW,2026-09-26 19:47:30,2026-09-30 12:00:00
C02197,Grace White,grace.white2197@example.com,0410084808,M,2025-02-17,Melbourne,VIC,2025-06-02 14:50:23,2025-06-08 15:50:23
C02198,Isla Clark,isla.clark2198@example.com,0457766876,Other,2025-07-28,Perth,WA,2025-04-15 18:56:55,2026-05-19 13:56:55
C02199,James Moore,james.moore2199@example.com,0435713686,F,2026-07-09,Perth,WA,2025-10-27 03:35:16,2026-09-30 12:00:00
C02200,Sophia Walker,sophia.walker2200@example.com,0412618007,Other,2025-05-02,Adelaide,SA,2026-08-07 01:32:48,2026-09-30 12:00:00
C02201,Thomas Allen,thomas.allen2201@example.com,0494694525,M,2026-03-14,Sydney,NSW,2026-03-01 20:51:02,2026-03-16 23:51:02
C02202,Isla Taylor,isla.taylor2202@example.com,0427653215,Other,2026-09-02,Melbourne,VIC,2025-08-25 08:58:18,2026-01-27 16:58:18
C02203,Olivia Clark,olivia.clark2203@example.com,0460227662,M,2025-11-05,Adelaide,SA,2025-10-08 21:21:27,2026-07-22 09:21:27
C02204,Olivia Clark,olivia.clark2204@example.com,0490175835,F,2026-05-05,Sydney,NSW,2025-05-10 03:20:58,2025-11-02 22:20:58
C02205,Liam Thompson,liam.thompson2205@example.com,0411062252,F,2025-08-30,Perth,WA,2025-07-02 05:54:11,2025-09-04 00:54:11
C02206,William Martin,william.martin2206@example.com,0450745011,Other,2025-10-23,Adelaide,SA,2025-01-31 08:31:19,2025-10-03 20:31:19
C02207,Jack Moore,jack.moore2207@example.com,0441106335,Other,2025-08-19,Hobart,TAS,2025-08-17 19:27:20,2025-11-12 22:27:20
C02208,Jack Smith,jack.smith2208@example.com,0439281122,M,2025-06-20,Adelaide,SA,2025-03-25 04:18:21,2026-04-02 15:18:21
C02209,Amelia Brown,amelia.brown2209@example.com,0419125390,Other,2026-04-29,Melbourne,VIC,2025-09-13 12:08:42,2025-12-16 14:08:42
C02210,Mia Anderson,mia.anderson2210@example.com,0496239997,Other,2025-09-10,Adelaide,SA,2026-05-22 05:27:49,2026-09-30 12:00:00
C02211,Amelia Moore,amelia.moore2211@example.com,0432947096,M,2026-08-22,Canberra,ACT,2025-11-25 22:43:20,2026-09-05 08:43:20
C02212,Sophia Thomas,sophia.thomas2212@example.com,0425523106,Other,2025-12-02,Gold Coast,QLD,2025-05-24 22:54:20,2025-07-15 10:54:20
C02213,Chloe Moore,chloe.moore2213@example.com,0481013661,Other,2025-02-18,Hobart,TAS,2025-03-28 14:04:03,2025-09-16 15:04:03
C02214,Isla Martin,isla.martin2214@example.com,0473299218,M,2026-01-10,Hobart,TAS,2025-04-05 08:28:29,2025-09-09 16:28:29
C02215,William Moore,william.moore2215@example.com,0449701147,M,2026-04-18,Sydney,NSW,2025-11-01 14:55:33,2026-09-30 12:00:00
C02216,Emma Moore,emma.moore2216@example.com,0444890901,F,2026-09-10,Hobart,TAS,2025-11-04 22:51:36,2026-06-28 04:51:36
C02217,William Brown,william.brown2217@example.com,0436204095,M,2026-06-27,Gold Coast,QLD,2025-08-25 15:32:34,2025-09-09 22:32:34
C02218,William Walker,william.walker2218@example.com,0490648127,M,2026-03-14,Geelong,VIC,2025-03-12 22:12:15,2026-02-05 14:12:15
C02219,Olivia Young,olivia.young2219@example.com,0457328710,M,2026-05-07,Adelaide,SA,2026-06-03 17:56:11,2026-09-30 12:00:00
C02220,Ella Allen,ella.allen2220@example.com,0452408734,Other,2025-03-06,Parramatta,NSW,2025-01-10 09:52:35,2025-08-20 14:52:35
C02221,Jack Thomas,jack.thomas2221@example.com,0438549035,F,2025-08-20,Geelong,VIC,2026-04-01 22:19:26,2026-09-16 19:19:26
C02222,Chloe Young,chloe.young2222@example.com,0467023177,Other,2026-05-05,Melbourne,VIC,2025-04-14 16:36:55,2025-06-08 03:36:55
C02223,William Martin,william.martin2223@example.com,0460855083,M,2026-08-30,Brisbane,QLD,2026-01-26 15:05:47,2026-09-29 05:05:47
C02224,Leo Wright,leo.wright2224@example.com,0488874493,Other,2026-08-13,Geelong,VIC,2025-11-14 07:13:52,2026-06-04 11:13:52
C02225,Henry Clark,henry.clark2225@example.com,0488629743,M,2025-02-07,Perth,WA,2025-09-26 10:03:39,2026-07-24 04:03:39
C02226,Emma Brown,emma.brown2226@example.com,0412276587,Other,2025-08-28,Canberra,ACT,2026-09-02 17:21:30,2026-09-30 12:00:00
C02227,Jack Thomas,jack.thomas2227@example.com,0448991508,F,2025-06-24,Geelong,VIC,2025-03-29 17:38:26,2026-03-04 09:38:26
C02228,Sophia Clark,sophia.clark2228@example.com,0492553587,Other,2026-04-14,Brisbane,QLD,2026-06-11 16:19:39,2026-09-30 12:00:00
C02229,Lucas Moore,lucas.moore2229@example.com,0454103061,Other,2026-08-08,Adelaide,SA,2025-06-24 17:58:56,2025-12-31 08:58:56
C02230,Isla Young,isla.young2230@example.com,0434045121,M,2025-03-15,Sydney,NSW,2026-06-15 23:07:53,2026-09-30 12:00:00
C02231,Charlie Wright,charlie.wright2231@example.com,0419929251,M,2025-11-03,Adelaide,SA,2026-07-06 19:42:57,2026-09-30 12:00:00
C02232,Thomas King,thomas.king2232@example.com,0454045721,Other,2026-06-26,Parramatta,NSW,2026-09-16 14:57:05,2026-09-30 12:00:00
C02233,Sophia Harris,sophia.harris2233@example.com,0476617592,M,2026-06-20,Gold Coast,QLD,2025-04-12 08:50:59,2025-07-26 21:50:59
C02234,Leo Young,leo.young2234@example.com,0438174991,Other,2026-05-30,Geelong,VIC,2025-03-26 05:46:13,2026-02-15 05:46:13
C02235,Jack Walker,jack.walker2235@example.com,0482312564,M,2025-10-09,Canberra,ACT,2025-04-27 02:36:15,2026-03-05 17:36:15
C02236,Jack Wright,jack.wright2236@example.com,0486887786,Other,2025-06-20,Melbourne,VIC,2025-01-24 23:50:39,2025-12-27 22:50:39
C02237,Emma Hall,emma.hall2237@example.com,0467072792,F,2026-08-23,Adelaide,SA,2026-08-14 01:23:20,2026-09-30 12:00:00
C02238,William White,william.white2238@example.com,0477725267,Other,2025-01-22,Gold Coast,QLD,2025-04-02 20:53:42,2025-09-10 19:53:42
C02239,Charlie Smith,charlie.smith2239@example.com,0426312537,M,2026-08-13,Gold Coast,QLD,2025-07-19 04:43:25,2025-07-30 03:43:25
C02240,Mia Wright,mia.wright2240@example.com,0473660887,F,2025-05-18,Geelong,VIC,2025-01-11 07:54:34,2025-03-17 01:54:34
C02241,Jack Moore,jack.moore2241@example.com,0481285557,F,2026-07-02,Geelong,VIC,2025-09-07 23:27:02,2026-06-28 00:27:02
C02242,Emma Young,emma.young2242@example.com,0438477970,Other,2026-04-18,Geelong,VIC,2025-02-13 09:20:03,2025-04-23 18:20:03
C02243,William Clark,william.clark2243@example.com,0437600745,F,2026-02-16,Geelong,VIC,2025-12-18 22:50:50,2026-09-16 13:50:50
C02244,Liam Hall,liam.hall2244@example.com,0463813689,Other,2025-09-09,Geelong,VIC,2025-08-11 22:22:32,2026-08-15 17:22:32
C02245,William Moore,william.moore2245@example.com,0483088622,F,2026-03-17,Parramatta,NSW,2026-09-26 01:45:00,2026-09-30 12:00:00
C02246,Noah Moore,noah.moore2246@example.com,0461785761,F,2025-09-03,Brisbane,QLD,2026-04-07 21:15:05,2026-09-30 12:00:00
C02247,Lucas Allen,lucas.allen2247@example.com,0460980034,F,2025-09-10,Hobart,TAS,2025-07-10 11:22:50,2025-09-07 14:22:50
C02248,Leo Scott,leo.scott2248@example.com,0434388806,F,2025-01-29,Melbourne,VIC,2025-05-18 16:58:15,2026-01-15 07:58:15
C02249,Ava King,ava.king2249@example.com,0443470412,F,2025-07-01,Hobart,TAS,2026-03-08 20:24:26,2026-03-11 06:24:26
C02250,Thomas Wilson,thomas.wilson2250@example.com,0465325710,M,2025-02-05,Perth,WA,2025-09-19 08:04:52,2026-09-15 05:04:52
C02251,Emma Scott,emma.scott2251@example.com,0495203223,F,2026-02-24,Adelaide,SA,2025-11-28 20:57:13,2026-05-19 13:57:13
C02252,Henry Brown,henry.brown2252@example.com,0410164070,M,2026-05-18,Gold Coast,QLD,2025-05-08 01:12:42,2026-02-18 18:12:42
C02253,William Smith,william.smith2253@example.com,0478331604,M,2025-09-27,Brisbane,QLD,2025-05-27 15:26:13,2025-12-29 19:26:13
C02254,Henry Harris,henry.harris2254@example.com,0452545479,M,2025-01-23,Adelaide,SA,2025-04-29 16:48:37,2025-08-25 10:48:37
C02255,Lucas Walker,lucas.walker2255@example.com,0498486477,Other,2025-01-04,Hobart,TAS,2025-02-15 13:31:25,2025-06-29 11:31:25
C02256,Lucas Thomas,lucas.thomas2256@example.com,0478336622,F,2025-10-04,Sydney,NSW,2026-06-02 17:48:54,2026-09-30 12:00:00
C02257,Jack Moore,jack.moore2257@example.com,0475895533,M,2026-04-10,Geelong,VIC,2025-08-31 10:34:47,2026-04-20 14:34:47
C02258,Henry Jackson,henry.jackson2258@example.com,0446371543,Other,2025-02-05,Melbourne,VIC,2026-03-12 17:35:07,2026-05-06 05:35:07
C02259,William Martin,william.martin2259@example.com,0476225398,M,2026-07-16,Parramatta,NSW,2026-08-28 16:48:33,2026-09-30 12:00:00
C02260,Chloe Hall,chloe.hall2260@example.com,0448113094,F,2026-04-06,Gold Coast,QLD,2026-06-09 07:46:14,2026-09-26 19:46:14
C02261,James Harris,james.harris2261@example.com,0425128630,F,2025-07-17,Geelong,VIC,2025-08-27 22:00:38,2025-09-03 17:00:38
C02262,Thomas Walker,thomas.walker2262@example.com,0445501578,M,2025-02-10,Melbourne,VIC,2025-07-10 17:08:25,2025-09-17 04:08:25
C02263,Henry Wilson,henry.wilson2263@example.com,0457794863,F,2026-04-18,Sydney,NSW,2025-08-27 02:39:02,2026-09-01 22:39:02
C02264,Liam Smith,liam.smith2264@example.com,0476403941,Other,2026-08-29,Brisbane,QLD,2025-10-14 02:01:03,2026-09-30 12:00:00
C02265,Henry Taylor,henry.taylor2265@example.com,0483932265,Other,2025-03-19,Hobart,TAS,2025-08-09 05:17:23,2026-09-12 12:17:23
C02266,Olivia Scott,olivia.scott2266@example.com,0447184732,Other,2026-04-22,Adelaide,SA,2026-09-23 09:06:40,2026-09-30 12:00:00
C02267,James Wright,james.wright2267@example.com,0464609682,M,2025-07-07,Canberra,ACT,2026-05-02 04:47:24,2026-09-09 22:47:24
C02268,Ava Moore,ava.moore2268@example.com,0411877542,F,2025-08-08,Geelong,VIC,2026-05-23 09:50:09,2026-08-25 18:50:09
C02269,Ava Walker,ava.walker2269@example.com,0435826028,F,2026-01-27,Geelong,VIC,2025-04-21 17:53:39,2025-05-17 18:53:39
C02270,Thomas Walker,thomas.walker2270@example.com,0483303729,F,2026-04-05,Geelong,VIC,2026-01-26 06:03:30,2026-02-01 10:03:30
C02271,Ava Brown,ava.brown2271@example.com,0462468894,F,2025-05-19,Sydney,NSW,2025-02-05 01:38:21,2026-03-11 08:38:21
C02272,Noah Wright,noah.wright2272@example.com,0455494998,F,2026-05-03,Gold Coast,QLD,2025-07-21 13:34:37,2025-08-05 13:34:37
C02273,Amelia Thompson,amelia.thompson2273@example.com,0485576096,M,2025-01-27,Melbourne,VIC,2025-03-03 03:31:15,2025-05-11 13:31:15
C02274,Charlie Jackson,charlie.jackson2274@example.com,0497825168,F,2025-06-25,Hobart,TAS,2026-04-18 02:12:48,2026-09-30 12:00:00
C02275,Ava Wilson,ava.wilson2275@example.com,0478359248,F,2025-03-19,Geelong,VIC,2025-07-29 17:52:24,2026-05-14 18:52:24
C02276,Leo Allen,leo.allen2276@example.com,0447490735,Other,2026-02-22,Sydney,NSW,2025-07-10 03:01:51,2025-11-16 13:01:51
C02277,Emma Allen,emma.allen2277@example.com,0410844050,F,2025-09-20,Geelong,VIC,2026-08-07 05:35:51,2026-09-11 20:35:51
C02278,Sophia White,sophia.white2278@example.com,0449344015,M,2025-07-08,Perth,WA,2025-02-25 04:52:14,2026-03-20 13:52:14
C02279,Isla Anderson,isla.anderson2279@example.com,0488881524,F,2025-03-26,Geelong,VIC,2026-02-11 00:09:21,2026-05-14 06:09:21
C02280,Liam Smith,liam.smith2280@example.com,0434198721,F,2026-09-24,Hobart,TAS,2025-10-06 09:47:52,2026-05-23 00:47:52
C02281,James Jackson,james.jackson2281@example.com,0440151918,M,2026-04-27,Sydney,NSW,2026-03-07 20:40:22,2026-08-15 23:40:22
C02282,Grace Wilson,grace.wilson2282@example.com,0427976656,F,2025-12-20,Adelaide,SA,2026-09-10 09:46:35,2026-09-23 06:46:35
C02283,Isla Wright,isla.wright2283@example.com,0424267429,Other,2025-04-24,Canberra,ACT,2025-12-26 03:24:02,2026-03-03 06:24:02
C02284,Jack King,jack.king2284@example.com,0448323962,Other,2026-09-14,Hobart,TAS,2025-04-04 05:51:27,2026-01-05 17:51:27
C02285,Ella Walker,ella.walker2285@example.com,0466546065,M,2025-08-08,Brisbane,QLD,2026-05-06 17:27:50,2026-09-30 12:00:00
C02286,Charlie Clark,charlie.clark2286@example.com,0444737951,M,2026-06-08,Melbourne,VIC,2025-01-10 16:33:17,2025-06-19 06:33:17
C02287,Mia Hall,mia.hall2287@example.com,0449134657,Other,2026-08-04,Canberra,ACT,2025-04-01 18:07:36,2025-04-18 09:07:36
C02288,Liam Wilson,liam.wilson2288@example.com,0481012790,M,2026-02-07,Perth,WA,2025-11-04 01:03:25,2026-08-24 00:03:25
C02289,Amelia Anderson,amelia.anderson2289@example.com,0468659357,F,2026-04-05,Parramatta,NSW,2025-11-30 07:17:34,2026-04-16 23:17:34
C02290,Olivia Young,olivia.young2290@example.com,0446818748,F,2025-07-11,Sydney,NSW,2025-05-01 07:36:33,2025-11-27 17:36:33
C02291,Liam Smith,liam.smith2291@example.com,0429915816,M,2026-01-03,Sydney,NSW,2025-03-09 05:12:47,2026-03-16 20:12:47
C02292,Jack Smith,jack.smith2292@example.com,0479658618,F,2025-09-12,Parramatta,NSW,2025-08-12 00:03:01,2025-08-21 17:03:01
C02293,Sophia Clark,sophia.clark2293@example.com,0479277550,Other,2026-08-09,Adelaide,SA,2025-09-03 18:07:39,2025-09-05 18:07:39
C02294,Lucas Wilson,lucas.wilson2294@example.com,0487798642,M,2026-01-29,Geelong,VIC,2025-09-16 03:25:51,2025-09-17 03:25:51
C02295,Lucas Anderson,lucas.anderson2295@example.com,0488110995,Other,2026-06-29,Parramatta,NSW,2025-05-23 21:31:12,2026-01-12 20:31:12
C02296,Lucas Hall,lucas.hall2296@example.com,0450292372,Other,2025-03-26,Hobart,TAS,2025-02-15 12:00:34,2026-02-25 22:00:34
C02297,Ella Walker,ella.walker2297@example.com,0490091105,Other,2026-06-12,Adelaide,SA,2025-09-22 12:15:02,2025-10-17 12:15:02
C02298,Henry White,henry.white2298@example.com,0469816708,M,2025-04-09,Parramatta,NSW,2026-03-21 03:56:06,2026-09-30 12:00:00
C02299,Thomas Wilson,thomas.wilson2299@example.com,0444780900,F,2026-05-29,Gold Coast,QLD,2025-04-05 21:38:35,2026-03-02 08:38:35
C02300,Liam Wright,liam.wright2300@example.com,0411615752,M,2026-01-07,Brisbane,QLD,2025-06-03 00:12:40,2025-10-14 21:12:40
C02301,William Thompson,william.thompson2301@example.com,0460339944,Other,2026-09-14,Parramatta,NSW,2025-10-12 13:26:01,2026-05-28 23:26:01
C02302,Amelia Harris,amelia.harris2302@example.com,0469272797,M,2025-02-24,Brisbane,QLD,2026-08-19 22:17:55,2026-09-30 12:00:00
C02303,Emma Brown,emma.brown2303@example.com,0428693730,Other,2026-07-07,Canberra,ACT,2025-05-22 08:56:41,2026-05-26 08:56:41
C02304,Noah Young,noah.young2304@example.com,0448787039,M,2025-06-02,Sydney,NSW,2025-05-22 20:14:32,2026-01-06 15:14:32
C02305,Leo Anderson,leo.anderson2305@example.com,0445175775,Other,2025-11-29,Melbourne,VIC,2026-06-28 11:32:56,2026-08-03 02:32:56
C02306,Liam Hall,liam.hall2306@example.com,0439832464,F,2026-04-11,Parramatta,NSW,2026-01-03 20:12:26,2026-06-12 01:12:26
C02307,James Smith,james.smith2307@example.com,0428721927,Other,2025-12-06,Brisbane,QLD,2025-03-31 05:39:06,2026-04-30 22:39:06
C02308,Emma King,emma.king2308@example.com,0456432833,Other,2025-01-19,Geelong,VIC,2026-03-05 02:40:11,2026-09-30 12:00:00
C02309,Sophia Clark,sophia.clark2309@example.com,0417433165,F,2026-03-13,Geelong,VIC,2025-02-02 01:29:38,2025-05-01 08:29:38
C02310,Grace Smith,grace.smith2310@example.com,0471509466,M,2025-01-31,Melbourne,VIC,2025-03-29 04:35:15,2025-12-21 08:35:15
C02311,Noah Thomas,noah.thomas2311@example.com,0419213212,F,2025-04-02,Parramatta,NSW,2025-05-11 18:47:59,2026-03-29 07:47:59
C02312,Liam Smith,liam.smith2312@example.com,0467630840,F,2025-11-29,Brisbane,QLD,2026-06-30 22:23:00,2026-09-30 12:00:00
C02313,Mia Harris,mia.harris2313@example.com,0433851074,M,2026-03-27,Brisbane,QLD,2026-01-26 23:02:56,2026-07-02 19:02:56
C02314,Grace White,grace.white2314@example.com,0441755622,M,2026-01-10,Brisbane,QLD,2026-01-28 00:06:39,2026-03-14 10:06:39
C02315,Chloe Jackson,chloe.jackson2315@example.com,0466620520,M,2026-05-18,Brisbane,QLD,2026-05-19 04:16:15,2026-09-30 12:00:00
C02316,Grace King,grace.king2316@example.com,0426940639,F,2025-07-07,Sydney,NSW,2025-06-17 10:48:06,2026-07-06 07:48:06
C02317,Leo Hall,leo.hall2317@example.com,0457121480,Other,2026-02-14,Melbourne,VIC,2026-06-06 12:54:26,2026-09-30 12:00:00
C02318,Liam Anderson,liam.anderson2318@example.com,0469323945,Other,2025-10-04,Brisbane,QLD,2025-03-20 19:56:28,2025-10-16 12:56:28
C02319,Amelia Martin,amelia.martin2319@example.com,0495780153,M,2026-01-06,Adelaide,SA,2026-04-24 02:42:10,2026-09-30 12:00:00
C02320,James Brown,james.brown2320@example.com,0450444791,M,2025-05-09,Perth,WA,2025-04-22 16:19:32,2026-02-06 07:19:32
C02321,Mia Thompson,mia.thompson2321@example.com,0460788484,Other,2025-06-06,Brisbane,QLD,2025-08-03 09:03:19,2026-08-09 22:03:19
C02322,Emma Anderson,emma.anderson2322@example.com,0457819136,M,2026-01-01,Geelong,VIC,2025-12-11 20:27:53,2026-04-20 15:27:53
C02323,Henry Wright,henry.wright2323@example.com,0496277583,M,2025-05-07,Sydney,NSW,2025-01-18 12:42:44,2025-06-08 21:42:44
C02324,Emma Scott,emma.scott2324@example.com,0472223246,M,2025-01-03,Adelaide,SA,2025-07-20 17:35:05,2026-04-17 21:35:05
C02325,Grace White,grace.white2325@example.com,0477469937,M,2025-03-08,Brisbane,QLD,2025-08-19 10:43:37,2026-01-14 02:43:37
C02326,Thomas Young,thomas.young2326@example.com,0444852366,M,2025-12-22,Brisbane,QLD,2026-08-24 13:34:01,2026-09-30 12:00:00
C02327,Emma Taylor,emma.taylor2327@example.com,0436316515,Other,2025-10-13,Melbourne,VIC,2025-07-06 02:10:52,2026-01-11 11:10:52
C02328,Noah Thomas,noah.thomas2328@example.com,0492047400,Other,2026-06-25,Parramatta,NSW,2025-01-31 03:45:25,2025-02-26 12:45:25
C02329,Grace Smith,grace.smith2329@example.com,0477811681,F,2025-02-24,Parramatta,NSW,2026-05-24 04:06:45,2026-09-30 12:00:00
C02330,Olivia Jackson,olivia.jackson2330@example.com,0483921592,Other,2026-09-30,Sydney,NSW,2025-03-05 22:12:06,2026-01-04 12:12:06
C02331,Amelia Brown,amelia.brown2331@example.com,0473732465,M,2025-09-04,Geelong,VIC,2025-04-02 08:02:00,2025-07-18 17:02:00
C02332,Emma Allen,emma.allen2332@example.com,0416118607,Other,2025-04-18,Geelong,VIC,2026-08-27 14:48:41,2026-09-30 12:00:00
C02333,Leo Anderson,leo.anderson2333@example.com,0488092493,Other,2025-10-19,Gold Coast,QLD,2026-09-24 01:46:32,2026-09-30 12:00:00
C02334,Charlie Young,charlie.young2334@example.com,0468726901,F,2025-08-17,Gold Coast,QLD,2026-01-09 00:40:07,2026-02-17 06:40:07
C02335,Jack Young,jack.young2335@example.com,0480931992,Other,2026-03-31,Sydney,NSW,2025-05-03 00:30:59,2025-07-27 17:30:59
C02336,Thomas Smith,thomas.smith2336@example.com,0440426837,F,2025-04-25,Adelaide,SA,2025-05-21 14:38:48,2025-06-19 12:38:48
C02337,Grace Taylor,grace.taylor2337@example.com,0473079869,M,2025-05-13,Perth,WA,2025-01-29 17:44:32,2025-03-27 12:44:32
C02338,William Scott,william.scott2338@example.com,0481870081,M,2026-05-12,Hobart,TAS,2026-01-29 08:30:31,2026-09-30 12:00:00
C02339,Jack White,jack.white2339@example.com,0434435837,F,2026-07-15,Melbourne,VIC,2026-04-04 13:35:55,2026-05-28 13:35:55
C02340,James King,james.king2340@example.com,0432778954,Other,2025-09-21,Gold Coast,QLD,2025-12-27 14:55:32,2026-01-12 14:55:32
C02341,Sophia Jackson,sophia.jackson2341@example.com,0488528134,M,2026-01-29,Sydney,NSW,2025-08-07 12:11:10,2025-10-09 00:11:10
C02342,Amelia Clark,amelia.clark2342@example.com,0412674033,F,2026-03-30,Canberra,ACT,2025-12-27 14:16:25,2026-09-30 12:00:00
C02343,Isla Wilson,isla.wilson2343@example.com,0429063958,M,2025-11-26,Perth,WA,2026-09-27 22:07:15,2026-09-30 12:00:00
C02344,Olivia Taylor,olivia.taylor2344@example.com,0411294689,M,2025-07-22,Perth,WA,2025-11-02 04:24:04,2025-11-04 19:24:04
C02345,Isla Brown,isla.brown2345@example.com,0425100330,Other,2026-07-06,Canberra,ACT,2025-09-22 05:18:54,2026-01-09 03:18:54
C02346,Mia Wright,mia.wright2346@example.com,0439580332,M,2025-01-11,Sydney,NSW,2025-10-23 17:54:18,2026-07-07 19:54:18
C02347,Sophia Taylor,sophia.taylor2347@example.com,0416288197,M,2025-04-14,Perth,WA,2026-09-08 02:52:00,2026-09-30 12:00:00
C02348,Isla Wilson,isla.wilson2348@example.com,0462094564,Other,2025-10-25,Perth,WA,2026-05-03 23:23:48,2026-09-30 12:00:00
C02349,Leo White,leo.white2349@example.com,0422545653,M,2025-11-30,Parramatta,NSW,2026-09-22 10:14:19,2026-09-30 12:00:00
C02350,James Taylor,james.taylor2350@example.com,0477855697,Other,2026-03-11,Brisbane,QLD,2026-05-26 13:16:49,2026-08-14 04:16:49
C02351,Emma Thompson,emma.thompson2351@example.com,0428363097,Other,2025-03-20,Adelaide,SA,2025-09-10 17:21:20,2026-09-26 20:21:20
C02352,Charlie Allen,charlie.allen2352@example.com,0476806946,Other,2025-04-11,Gold Coast,QLD,2025-04-11 04:14:37,2025-10-18 22:14:37
C02353,Jack Moore,jack.moore2353@example.com,0490337084,F,2025-06-14,Brisbane,QLD,2025-06-08 12:54:40,2025-07-02 09:54:40
C02354,Mia Clark,mia.clark2354@example.com,0459635288,F,2026-03-09,Melbourne,VIC,2025-06-07 09:50:18,2026-01-16 08:50:18
C02355,Charlie Hall,charlie.hall2355@example.com,0471833109,M,2025-03-04,Sydney,NSW,2025-02-07 11:04:28,2025-03-31 11:04:28
C02356,Thomas Hall,thomas.hall2356@example.com,0474516360,Other,2025-08-24,Geelong,VIC,2026-01-06 12:51:16,2026-09-30 12:00:00
C02357,Chloe Brown,chloe.brown2357@example.com,0412140201,M,2026-03-29,Parramatta,NSW,2025-04-11 15:20:19,2025-08-06 07:20:19
C02358,Sophia Wilson,sophia.wilson2358@example.com,0461448694,M,2025-06-15,Brisbane,QLD,2026-05-31 10:45:29,2026-09-30 12:00:00
C02359,Lucas Thomas,lucas.thomas2359@example.com,0470514512,M,2026-07-23,Gold Coast,QLD,2025-09-23 12:43:33,2026-04-17 16:43:33
C02360,Thomas Martin,thomas.martin2360@example.com,0469769778,Other,2026-01-22,Melbourne,VIC,2026-04-05 13:27:16,2026-06-13 13:27:16
C02361,William Anderson,william.anderson2361@example.com,0483617061,F,2026-05-03,Adelaide,SA,2025-03-11 22:13:21,2025-06-26 21:13:21
C02362,Grace Anderson,grace.anderson2362@example.com,0477638983,F,2026-09-14,Gold Coast,QLD,2026-09-11 04:13:57,2026-09-30 12:00:00
C02363,Olivia Walker,olivia.walker2363@example.com,0489365865,Other,2025-08-28,Melbourne,VIC,2025-09-27 16:58:59,2026-06-22 04:58:59
C02364,Ava Brown,ava.brown2364@example.com,0480440993,Other,2025-05-29,Gold Coast,QLD,2026-01-15 07:16:00,2026-07-11 07:16:00
C02365,Chloe Jackson,chloe.jackson2365@example.com,0470313693,F,2025-09-21,Hobart,TAS,2026-03-05 23:05:57,2026-08-20 18:05:57
C02366,James Thompson,james.thompson2366@example.com,0477134583,Other,2026-04-20,Parramatta,NSW,2025-11-26 13:28:03,2026-09-30 12:00:00
C02367,Chloe Thompson,chloe.thompson2367@example.com,0413707261,M,2026-06-24,Gold Coast,QLD,2025-09-18 05:27:54,2025-10-27 23:27:54
C02368,Henry Anderson,henry.anderson2368@example.com,0471128345,Other,2025-07-31,Sydney,NSW,2026-05-04 06:55:25,2026-09-30 12:00:00
C02369,Ava Brown,ava.brown2369@example.com,0420067840,F,2026-01-15,Sydney,NSW,2025-06-29 20:09:30,2025-08-20 23:09:30
C02370,Chloe Walker,chloe.walker2370@example.com,0449530879,M,2026-09-24,Hobart,TAS,2025-05-04 15:06:27,2025-07-27 16:06:27
C02371,Ella Moore,ella.moore2371@example.com,0484284004,M,2025-02-03,Geelong,VIC,2025-10-23 08:53:35,2026-05-18 02:53:35
C02372,Isla Thomas,isla.thomas2372@example.com,0435122935,M,2025-07-04,Geelong,VIC,2026-03-12 18:00:13,2026-09-30 12:00:00
C02373,Grace Wright,grace.wright2373@example.com,0463354321,F,2026-05-23,Canberra,ACT,2025-01-15 03:56:17,2025-04-20 00:56:17
C02374,Noah Brown,noah.brown2374@example.com,0412593999,M,2025-03-24,Perth,WA,2026-07-14 00:55:04,2026-09-30 12:00:00
C02375,Leo Jackson,leo.jackson2375@example.com,0488289539,M,2025-08-02,Adelaide,SA,2025-02-10 10:43:00,2025-02-26 19:43:00
C02376,Ava Walker,ava.walker2376@example.com,0440048229,M,2026-03-28,Adelaide,SA,2025-07-07 08:58:17,2026-01-16 02:58:17
C02377,Ava Wright,ava.wright2377@example.com,0482468344,M,2026-07-31,Brisbane,QLD,2026-03-31 13:15:58,2026-09-30 12:00:00
C02378,Olivia Clark,olivia.clark2378@example.com,0492241666,Other,2025-11-29,Gold Coast,QLD,2025-09-24 01:10:56,2026-03-22 20:10:56
C02379,Emma Scott,emma.scott2379@example.com,0476203738,M,2026-07-08,Parramatta,NSW,2026-09-12 07:08:29,2026-09-30 12:00:00
C02380,Noah Thomas,noah.thomas2380@example.com,0450059312,Other,2026-03-16,Hobart,TAS,2025-05-01 12:14:22,2026-03-30 13:14:22
C02381,Olivia Anderson,olivia.anderson2381@example.com,0470883480,M,2026-07-21,Perth,WA,2026-03-06 14:25:41,2026-08-22 19:25:41
C02382,Sophia Moore,sophia.moore2382@example.com,0488703145,F,2025-01-24,Parramatta,NSW,2026-08-26 15:16:39,2026-09-30 12:00:00
C02383,Charlie Smith,charlie.smith2383@example.com,0476459478,F,2026-02-27,Canberra,ACT,2026-07-14 13:19:52,2026-07-16 02:19:52
C02384,James Thomas,james.thomas2384@example.com,0433052880,Other,2025-02-17,Melbourne,VIC,2026-07-13 00:42:45,2026-09-03 18:42:45
C02385,Ava Thomas,ava.thomas2385@example.com,0414372066,F,2025-09-23,Geelong,VIC,2026-01-16 09:56:52,2026-05-18 04:56:52
C02386,Ella Wright,ella.wright2386@example.com,0435827317,M,2025-07-31,Melbourne,VIC,2026-08-22 07:11:57,2026-09-30 12:00:00
C02387,Ava Smith,ava.smith2387@example.com,0497506740,F,2025-12-19,Sydney,NSW,2025-09-08 11:04:02,2025-11-25 22:04:02
C02388,Olivia Taylor,olivia.taylor2388@example.com,0414481563,M,2026-02-19,Hobart,TAS,2025-08-20 10:18:21,2026-08-23 07:18:21
C02389,Lucas Young,lucas.young2389@example.com,0435990060,M,2025-07-17,Canberra,ACT,2026-07-28 09:44:50,2026-09-30 12:00:00
C02390,Ava Martin,ava.martin2390@example.com,0482129095,M,2025-12-22,Parramatta,NSW,2026-02-08 05:37:27,2026-04-16 05:37:27
C02391,Lucas King,lucas.king2391@example.com,0422142123,M,2026-08-17,Parramatta,NSW,2025-05-06 04:53:50,2025-09-20 12:53:50
C02392,Olivia Hall,olivia.hall2392@example.com,0492515458,M,2025-02-27,Gold Coast,QLD,2026-09-05 12:20:58,2026-09-30 12:00:00
C02393,Emma Anderson,emma.anderson2393@example.com,0451471936,Other,2026-01-16,Parramatta,NSW,2026-05-24 12:12:04,2026-09-30 12:00:00
C02394,Henry Thomas,henry.thomas2394@example.com,0496022455,M,2026-08-03,Geelong,VIC,2025-01-16 12:11:38,2026-02-16 20:11:38
C02395,William Hall,william.hall2395@example.com,0469906546,M,2025-08-23,Gold Coast,QLD,2026-09-30 03:37:08,2026-09-30 12:00:00
C02396,Emma Allen,emma.allen2396@example.com,0473545725,F,2025-06-04,Gold Coast,QLD,2025-08-26 23:25:08,2026-03-31 07:25:08
C02397,Thomas Clark,thomas.clark2397@example.com,0413409779,Other,2026-03-12,Brisbane,QLD,2026-01-28 03:57:57,2026-04-11 01:57:57
C02398,Emma Hall,emma.hall2398@example.com,0481544236,F,2025-11-19,Parramatta,NSW,2025-01-28 00:36:37,2025-04-19 21:36:37
C02399,Liam Harris,liam.harris2399@example.com,0440906544,F,2025-12-30,Melbourne,VIC,2025-07-15 05:45:06,2025-08-16 16:45:06
C02400,James Thompson,james.thompson2400@example.com,0488099509,Other,2025-04-18,Geelong,VIC,2025-10-05 06:46:49,2025-12-15 09:46:49
C02401,Sophia White,sophia.white2401@example.com,0495592155,M,2025-09-25,Melbourne,VIC,2026-06-14 14:31:58,2026-09-30 12:00:00
C02402,Charlie Scott,charlie.scott2402@example.com,0422539199,Other,2026-07-13,Sydney,NSW,2026-01-19 22:47:16,2026-03-28 02:47:16
C02403,Mia Harris,mia.harris2403@example.com,0450602354,Other,2026-05-10,Gold Coast,QLD,2026-07-07 03:37:11,2026-09-30 12:00:00
C02404,Chloe Brown,chloe.brown2404@example.com,0438047424,M,2025-06-24,Perth,WA,2026-05-20 20:24:53,2026-09-30 12:00:00
C02405,Lucas Wright,lucas.wright2405@example.com,0432270634,F,2026-04-24,Canberra,ACT,2026-03-17 11:06:22,2026-09-30 12:00:00
C02406,Ella Martin,ella.martin2406@example.com,0477572744,F,2026-06-24,Perth,WA,2025-10-09 01:56:33,2026-03-28 21:56:33
C02407,Thomas Jackson,thomas.jackson2407@example.com,0428116129,F,2025-06-26,Canberra,ACT,2025-06-25 10:44:27,2026-06-24 01:44:27
C02408,James Young,james.young2408@example.com,0458642195,F,2025-08-10,Brisbane,QLD,2026-02-12 15:08:42,2026-09-30 12:00:00
C02409,Jack Moore,jack.moore2409@example.com,0434637932,F,2025-01-09,Geelong,VIC,2026-08-23 12:10:35,2026-09-30 12:00:00
C02410,Emma King,emma.king2410@example.com,0432548933,F,2026-04-03,Sydney,NSW,2025-12-28 23:50:42,2026-09-30 12:00:00
C02411,Ava King,ava.king2411@example.com,0411706226,M,2025-06-23,Perth,WA,2025-07-13 18:48:16,2025-10-14 14:48:16
C02412,Ava White,ava.white2412@example.com,0411536077,M,2026-09-13,Brisbane,QLD,2025-03-31 09:36:36,2025-06-29 04:36:36
C02413,Grace Clark,grace.clark2413@example.com,0445202115,F,2025-02-23,Sydney,NSW,2026-03-31 01:08:26,2026-09-30 12:00:00
C02414,Lucas Moore,lucas.moore2414@example.com,0415279873,M,2025-08-26,Perth,WA,2025-07-18 05:04:30,2025-12-11 01:04:30
C02415,Amelia Wilson,amelia.wilson2415@example.com,0482308903,Other,2025-07-01,Melbourne,VIC,2025-03-28 18:14:15,2025-10-04 00:14:15
C02416,Liam Thomas,liam.thomas2416@example.com,0410776989,Other,2025-02-17,Brisbane,QLD,2026-04-20 02:05:37,2026-08-11 14:05:37
C02417,Grace Smith,grace.smith2417@example.com,0463683635,F,2026-02-14,Canberra,ACT,2025-05-28 14:31:42,2025-06-17 00:31:42
C02418,Emma Walker,emma.walker2418@example.com,0439311626,Other,2026-06-23,Melbourne,VIC,2026-05-01 13:55:08,2026-09-30 12:00:00
C02419,Isla Smith,isla.smith2419@example.com,0446423591,F,2025-04-03,Melbourne,VIC,2026-08-10 10:14:29,2026-09-30 12:00:00
C02420,Charlie Walker,charlie.walker2420@example.com,0425390236,M,2026-09-25,Sydney,NSW,2025-08-17 21:07:13,2025-11-27 10:07:13
C02421,Henry Martin,henry.martin2421@example.com,0462222696,F,2025-10-10,Geelong,VIC,2026-03-22 09:08:12,2026-09-30 12:00:00
C02422,Sophia Taylor,sophia.taylor2422@example.com,0480244042,F,2026-05-04,Parramatta,NSW,2026-04-16 05:29:30,2026-09-30 12:00:00
C02423,Grace Brown,grace.brown2423@example.com,0416040186,F,2026-03-15,Perth,WA,2025-08-02 08:38:18,2025-11-03 03:38:18
C02424,Noah Allen,noah.allen2424@example.com,0421615559,F,2026-09-27,Gold Coast,QLD,2025-12-15 03:32:35,2026-07-28 03:32:35
C02425,Amelia Wright,amelia.wright2425@example.com,0448524666,Other,2025-08-13,Parramatta,NSW,2025-06-26 09:44:11,2025-07-17 14:44:11
C02426,Charlie Martin,charlie.martin2426@example.com,0446060040,F,2026-03-15,Brisbane,QLD,2025-10-01 02:49:31,2025-12-26 09:49:31
C02427,Jack Jackson,jack.jackson2427@example.com,0432214080,F,2025-10-28,Canberra,ACT,2026-02-03 18:16:28,2026-09-30 12:00:00
C02428,Ella Moore,ella.moore2428@example.com,0447698267,Other,2026-04-24,Parramatta,NSW,2026-01-23 04:26:35,2026-09-30 12:00:00
C02429,Ava Jackson,ava.jackson2429@example.com,0411622415,M,2026-09-02,Canberra,ACT,2026-03-21 23:45:17,2026-04-23 19:45:17
C02430,Jack White,jack.white2430@example.com,0445959196,M,2025-04-04,Canberra,ACT,2025-12-12 20:56:20,2026-08-16 19:56:20
C02431,Leo Harris,leo.harris2431@example.com,0439578165,F,2026-07-01,Parramatta,NSW,2025-11-25 18:38:01,2025-12-12 12:38:01
C02432,Noah Harris,noah.harris2432@example.com,0465105128,Other,2025-04-07,Perth,WA,2025-02-21 09:31:54,2026-01-19 05:31:54
C02433,Sophia White,sophia.white2433@example.com,0416875885,F,2026-01-20,Adelaide,SA,2026-06-02 16:16:17,2026-09-19 06:16:17
C02434,Noah King,invalid-email,0427632666,Other,2026-02-02,Adelaide,SA,2025-12-26 13:16:57,2026-07-27 03:16:57
C02435,Mia Clark,mia.clark2435@example.com,0479721709,F,2026-06-14,Canberra,ACT,2025-03-10 11:42:19,2026-02-28 13:42:19
C02436,Amelia Wright,amelia.wright2436@example.com,0487425465,M,2025-01-12,Melbourne,VIC,2025-03-03 04:28:30,2026-02-22 09:28:30
C02437,Thomas Martin,thomas.martin2437@example.com,0412742587,F,2025-08-30,Gold Coast,QLD,2025-02-11 22:29:41,2025-11-26 10:29:41
C02438,Isla Walker,isla.walker2438@example.com,0443283131,F,2025-10-01,Perth,WA,2025-02-04 10:57:02,2025-06-01 08:57:02
C02439,Grace Wright,grace.wright2439@example.com,0469060043,Other,2025-08-05,Canberra,ACT,2025-09-09 06:01:25,2026-05-15 02:01:25
C02440,James Clark,james.clark2440@example.com,0434616876,F,2026-02-25,Adelaide,SA,2025-05-04 17:59:08,2025-08-06 16:59:08
C02441,Chloe Wright,chloe.wright2441@example.com,0478194047,Other,2026-06-04,Brisbane,QLD,2025-03-25 19:01:49,2025-12-13 09:01:49
C02442,Grace Thompson,grace.thompson2442@example.com,0473180068,M,2026-08-10,Parramatta,NSW,2026-05-30 10:43:38,2026-06-22 22:43:38
C02443,Grace Jackson,grace.jackson2443@example.com,0474636286,F,2025-01-25,Brisbane,QLD,2025-06-23 22:32:44,2026-05-06 14:32:44
C02444,Jack Thompson,jack.thompson2444@example.com,0471124266,M,2025-09-26,Melbourne,VIC,2025-11-06 18:08:08,2026-01-06 16:08:08
C02445,Ella Walker,ella.walker2445@example.com,0464644729,F,2025-07-30,Geelong,VIC,2026-07-13 12:43:46,2026-09-30 12:00:00
C02446,Ava Brown,ava.brown2446@example.com,0473695246,M,2026-08-18,Geelong,VIC,2026-02-16 05:36:59,2026-09-30 12:00:00
C02447,Lucas Thomas,lucas.thomas2447@example.com,0475838904,M,2026-07-30,Canberra,ACT,2026-09-23 02:43:36,2026-09-30 12:00:00
C02448,Liam Walker,liam.walker2448@example.com,0410815480,Other,2026-03-10,Gold Coast,QLD,2025-07-28 07:29:05,2026-03-20 06:29:05
C02449,Sophia Scott,sophia.scott2449@example.com,0437681981,Other,2026-08-29,Brisbane,QLD,2025-06-25 12:37:18,2025-09-13 12:37:18
C02450,Ella White,ella.white2450@example.com,0412587407,M,2025-10-17,Geelong,VIC,2025-09-01 10:19:43,2026-07-26 05:19:43
C02451,Isla Wright,isla.wright2451@example.com,0418524087,Other,2025-12-15,Hobart,TAS,2026-03-05 14:01:24,2026-09-30 12:00:00
C02452,Ella Hall,ella.hall2452@example.com,0446447411,M,2026-07-29,Parramatta,NSW,2025-01-03 11:16:38,2025-10-01 16:16:38
C02453,Thomas Harris,thomas.harris2453@example.com,0420112592,F,2026-07-06,Parramatta,NSW,2025-02-25 22:09:50,2026-02-16 19:09:50
C02454,Emma Walker,emma.walker2454@example.com,0446383648,Other,2025-08-16,Adelaide,SA,2026-05-30 00:24:40,2026-09-30 12:00:00
C02455,Emma Thompson,emma.thompson2455@example.com,0487969595,Other,2025-05-26,Canberra,ACT,2026-08-17 01:06:24,2026-09-30 12:00:00
C02456,Thomas Wilson,thomas.wilson2456@example.com,0473881463,M,2026-09-06,Gold Coast,QLD,2025-01-02 06:28:49,2025-01-25 09:28:49
C02457,Liam Walker,liam.walker2457@example.com,0478877515,Other,2026-07-07,Brisbane,QLD,2025-02-13 14:56:03,2025-05-28 14:56:03
C02458,Olivia Young,olivia.young2458@example.com,0490616304,F,2026-07-18,Geelong,VIC,2026-04-11 05:25:09,2026-09-30 12:00:00
C02459,Ava Martin,ava.martin2459@example.com,0471423841,M,2026-06-13,Brisbane,QLD,2026-06-24 10:48:01,2026-09-30 12:00:00
C02460,Thomas Wright,thomas.wright2460@example.com,0446991759,M,2025-03-19,Gold Coast,QLD,2026-08-02 05:41:41,2026-09-30 12:00:00
C02461,Grace King,grace.king2461@example.com,0461657510,M,2025-06-25,Melbourne,VIC,2026-03-10 18:43:07,2026-09-30 12:00:00
C02462,Chloe Clark,chloe.clark2462@example.com,0412247218,M,2025-05-03,Perth,WA,2025-05-16 00:35:02,2026-02-11 04:35:02
C02463,Charlie Brown,charlie.brown2463@example.com,0446147988,M,2025-11-30,Sydney,NSW,2026-03-08 06:43:57,2026-07-21 14:43:57
C02464,Amelia Clark,amelia.clark2464@example.com,0420901565,M,2025-01-12,Sydney,NSW,2025-09-17 10:33:43,2026-05-23 10:33:43
C02465,Sophia Anderson,sophia.anderson2465@example.com,0490083793,M,2026-08-23,Brisbane,QLD,2025-06-16 21:56:23,2025-10-05 10:56:23
C02466,Noah Anderson,noah.anderson2466@example.com,0445736829,Other,2026-04-08,Parramatta,NSW,2026-04-15 11:15:00,2026-07-18 04:15:00
C02467,Leo Brown,leo.brown2467@example.com,0427697837,F,2025-09-06,Parramatta,NSW,2026-09-17 12:41:48,2026-09-30 12:00:00
C02468,Leo Thompson,leo.thompson2468@example.com,0467031028,F,2026-05-29,Sydney,NSW,2025-11-12 01:22:22,2026-03-05 23:22:22
C02469,Noah King,noah.king2469@example.com,0446504170,Other,2026-07-14,Adelaide,SA,2026-01-12 08:43:01,2026-05-16 20:43:01
C02470,Liam Taylor,liam.taylor2470@example.com,0447103850,Other,2026-02-14,Gold Coast,QLD,2026-08-07 14:31:15,2026-09-30 12:00:00
C02471,Grace Anderson,grace.anderson2471@example.com,0472222360,Other,2026-06-26,Parramatta,NSW,2025-05-11 07:27:02,2025-11-22 19:27:02
C02472,Grace Martin,grace.martin2472@example.com,0475042161,Other,2025-06-28,Hobart,TAS,2025-03-17 04:23:37,2025-08-22 22:23:37
C02473,Liam Brown,liam.brown2473@example.com,0465127108,Other,2026-09-27,Brisbane,QLD,2025-07-10 19:33:24,2025-10-13 00:33:24
C02474,Liam Smith,liam.smith2474@example.com,0464785183,M,2025-07-13,Perth,WA,2026-03-03 12:04:29,2026-09-30 12:00:00
C02475,Isla Clark,isla.clark2475@example.com,0490960465,Other,2026-07-16,Hobart,TAS,2026-08-28 19:42:52,2026-09-30 12:00:00
C02476,Mia Jackson,mia.jackson2476@example.com,0479090975,F,2026-05-23,Gold Coast,QLD,2026-07-21 23:30:55,2026-09-30 12:00:00
C02477,Charlie Scott,charlie.scott2477@example.com,0444199609,Other,2025-06-26,Sydney,NSW,2026-01-17 13:00:19,2026-03-20 20:00:19
C02478,Olivia Young,olivia.young2478@example.com,0480850880,Other,2025-07-14,Brisbane,QLD,2026-09-15 07:06:20,2026-09-30 12:00:00
C02479,Amelia Wilson,amelia.wilson2479@example.com,0448868496,F,2025-02-20,Sydney,NSW,2025-05-10 12:00:01,2025-05-12 14:00:01
C02480,Charlie Clark,charlie.clark2480@example.com,0497518448,Other,2025-08-21,Sydney,NSW,2026-09-24 23:47:04,2026-09-30 12:00:00
C02481,Olivia Martin,olivia.martin2481@example.com,0479335025,Other,2026-05-23,Hobart,TAS,2025-03-14 06:19:07,2025-03-22 12:19:07
C02482,Jack Anderson,jack.anderson2482@example.com,0468355014,Other,2025-12-02,Canberra,ACT,2026-04-27 04:02:37,2026-09-30 12:00:00
C02483,Leo Martin,leo.martin2483@example.com,0497102543,M,2025-02-26,Sydney,NSW,2025-05-19 09:58:00,2025-11-04 04:58:00
C02484,Thomas Thomas,thomas.thomas2484@example.com,0467459568,Other,2025-04-15,Parramatta,NSW,2025-12-11 07:01:36,2026-08-16 20:01:36
C02485,Amelia Harris,amelia.harris2485@example.com,0414557393,Other,2026-01-14,Canberra,ACT,2026-09-28 12:08:58,2026-09-30 12:00:00
C02486,Leo King,leo.king2486@example.com,0494281692,M,2026-04-05,Sydney,NSW,2025-01-05 02:30:42,2025-07-10 09:30:42
C02487,Amelia Walker,amelia.walker2487@example.com,0430526614,Other,2025-10-25,Perth,WA,2025-04-13 16:27:36,2025-10-01 07:27:36
C02488,James Martin,james.martin2488@example.com,0452679582,M,2025-03-16,Parramatta,NSW,2025-11-11 15:16:07,2026-09-30 12:00:00
C02489,William Allen,william.allen2489@example.com,0475792454,F,2025-07-21,Hobart,TAS,2025-11-20 12:06:00,2025-12-17 03:06:00
C02490,Ava Wilson,ava.wilson2490@example.com,0499018687,M,2025-02-16,Adelaide,SA,2025-12-25 01:14:26,2026-02-07 19:14:26
C02491,Liam Thompson,liam.thompson2491@example.com,0479207547,F,2025-07-18,Hobart,TAS,2026-08-21 19:46:04,2026-09-30 12:00:00
C02492,William Hall,william.hall2492@example.com,0446918152,F,2025-10-21,Melbourne,VIC,2025-07-14 09:46:11,2025-12-11 18:46:11
C02493,Ella Scott,ella.scott2493@example.com,0481745429,F,2025-05-12,Melbourne,VIC,2025-10-05 15:27:01,2026-05-21 14:27:01
C02494,Mia Thompson,mia.thompson2494@example.com,0420229583,Other,2025-03-15,Geelong,VIC,2025-01-06 22:53:30,2025-08-06 08:53:30
C02495,Chloe Brown,chloe.brown2495@example.com,0432341708,Other,2026-08-31,Canberra,ACT,2026-01-01 02:30:44,2026-05-03 23:30:44
C02496,Isla Wilson,isla.wilson2496@example.com,0419848166,Other,2025-12-29,Brisbane,QLD,2025-12-27 12:12:16,2026-01-15 07:12:16
C02497,Thomas Smith,thomas.smith2497@example.com,0422809228,F,2026-04-08,Gold Coast,QLD,2025-12-21 17:47:05,2026-09-30 12:00:00
C02498,Henry Harris,henry.harris2498@example.com,0425699871,F,2025-02-18,Hobart,TAS,2026-02-06 21:23:15,2026-09-30 12:00:00
C02499,Chloe Allen,chloe.allen2499@example.com,0451806457,F,2025-11-16,Melbourne,VIC,2025-02-21 09:00:37,2025-06-26 09:00:37
C02500,Emma King,emma.king2500@example.com,0430080491,M,2025-03-25,Brisbane,QLD,2025-01-19 07:38:59,2026-01-19 00:38:59
C02501,Ella Smith,ella.smith2501@example.com,0415356036,M,2026-06-11,Parramatta,NSW,2026-08-26 12:25:49,2026-09-30 12:00:00
C02502,Isla King,isla.king2502@example.com,0412824176,Other,2026-04-01,Canberra,ACT,2026-02-13 21:17:40,2026-09-30 12:00:00
C02503,Ella King,ella.king2503@example.com,0455358363,M,2026-01-27,Melbourne,VIC,2025-06-05 12:20:10,2026-04-13 10:20:10
C02504,Sophia Walker,sophia.walker2504@example.com,0466039079,M,2025-07-24,Hobart,TAS,2025-07-31 06:46:15,2026-01-23 05:46:15
C02505,Olivia Jackson,olivia.jackson2505@example.com,0478079093,M,2026-03-19,Hobart,TAS,2026-04-25 09:16:54,2026-05-06 01:16:54
C02506,Chloe Brown,chloe.brown2506@example.com,0415506452,Other,2025-05-01,Canberra,ACT,2026-09-12 17:30:02,2026-09-30 12:00:00
C02507,Amelia Scott,amelia.scott2507@example.com,0439844366,M,2025-04-05,Geelong,VIC,2026-07-08 23:52:44,2026-09-30 12:00:00
C02508,William Anderson,william.anderson2508@example.com,0484295529,F,2026-07-29,Perth,WA,2026-01-23 03:06:21,2026-09-30 12:00:00
C02509,Olivia Thompson,olivia.thompson2509@example.com,0489725276,Other,2026-02-17,Sydney,NSW,2026-02-13 07:11:42,2026-04-15 10:11:42
C02510,Olivia Martin,olivia.martin2510@example.com,0473133836,Other,2025-01-08,Adelaide,SA,2025-06-12 04:01:20,2025-10-05 23:01:20
C02511,Chloe Allen,chloe.allen2511@example.com,0417610836,Other,2025-05-21,Brisbane,QLD,2026-01-08 22:17:18,2026-09-11 21:17:18
C02512,William Wilson,william.wilson2512@example.com,0486812126,F,2025-09-07,Adelaide,SA,2025-03-07 09:24:47,2025-04-14 04:24:47
C02513,Lucas Harris,lucas.harris2513@example.com,0443312461,F,2026-08-14,Perth,WA,2026-05-13 12:26:08,2026-09-30 12:00:00
C02514,Leo Smith,leo.smith2514@example.com,0481755558,F,2025-01-17,Gold Coast,QLD,2025-08-26 00:08:47,2026-03-10 02:08:47
C02515,Liam Moore,liam.moore2515@example.com,0463859530,M,2025-12-05,Adelaide,SA,2026-07-23 14:00:13,2026-09-30 12:00:00
C02516,Olivia Clark,olivia.clark2516@example.com,0459790022,M,2025-05-13,Parramatta,NSW,2025-02-12 12:25:15,2025-09-22 12:25:15
C02517,Thomas Wilson,thomas.wilson2517@example.com,0411469548,M,2026-08-24,Perth,WA,2025-09-30 00:39:34,2026-07-27 03:39:34
C02518,Olivia Wright,olivia.wright2518@example.com,0413867147,M,2026-01-09,Geelong,VIC,2025-06-18 01:51:47,2025-10-17 21:51:47
C02519,Liam Smith,liam.smith2519@example.com,0459798459,Other,2026-04-24,Hobart,TAS,2025-09-26 10:10:44,2026-01-07 00:10:44
C02520,Amelia Moore,amelia.moore2520@example.com,0415591514,M,2026-07-01,Parramatta,NSW,2025-04-25 18:41:52,2025-07-30 06:41:52
C02521,Grace Brown,grace.brown2521@example.com,0498796599,F,2025-09-21,Sydney,NSW,2026-04-20 11:58:52,2026-09-30 12:00:00
C02522,Henry Wright,henry.wright2522@example.com,0447784422,Other,2025-10-20,Sydney,NSW,2025-02-14 10:18:47,2025-11-27 05:18:47
C02523,Jack White,jack.white2523@example.com,0426210228,Other,2026-07-16,Canberra,ACT,2025-04-03 03:35:01,2026-02-19 20:35:01
C02524,Amelia Clark,amelia.clark2524@example.com,0463437031,F,2025-06-10,Gold Coast,QLD,2025-12-25 16:13:18,2026-05-19 02:13:18
C02525,Ava Scott,ava.scott2525@example.com,0452264803,Other,2026-02-22,Gold Coast,QLD,2025-06-02 03:31:39,2026-02-10 04:31:39
C02526,Leo Smith,leo.smith2526@example.com,0482713899,F,2025-02-01,Parramatta,NSW,2026-02-23 03:51:26,2026-05-05 12:51:26
C02527,Charlie Smith,charlie.smith2527@example.com,0412152239,M,2025-07-21,Brisbane,QLD,2026-04-05 20:09:48,2026-09-30 12:00:00
C02528,Isla Wilson,isla.wilson2528@example.com,0410586267,M,2026-03-28,Gold Coast,QLD,2026-06-01 11:01:04,2026-09-30 12:00:00
C02529,Mia Wilson,mia.wilson2529@example.com,0480673593,F,2026-08-09,Perth,WA,2026-05-24 03:20:27,2026-06-20 14:20:27
C02530,Olivia Moore,olivia.moore2530@example.com,0489286521,F,2025-11-11,Sydney,NSW,2025-07-03 08:19:04,2025-10-18 15:19:04
C02531,Charlie Wright,charlie.wright2531@example.com,0459038710,M,2025-04-10,Brisbane,QLD,2025-02-27 22:24:16,2026-03-09 21:24:16
C02532,Jack Hall,jack.hall2532@example.com,0420730964,Other,2026-06-22,Hobart,TAS,2025-02-25 10:46:29,2025-04-30 04:46:29
C02533,Lucas King,lucas.king2533@example.com,0487945127,M,2026-03-16,Perth,WA,2026-03-22 23:59:19,2026-09-30 12:00:00
C02534,Jack Clark,jack.clark2534@example.com,0491506831,F,2025-09-28,Geelong,VIC,2026-07-22 07:12:56,2026-09-30 12:00:00
C02535,Ella Hall,ella.hall2535@example.com,0434928985,M,2026-05-05,Perth,WA,2026-07-15 00:23:43,2026-09-30 12:00:00
C02536,Chloe Wilson,chloe.wilson2536@example.com,0485653426,M,2025-06-17,Canberra,ACT,2025-09-29 07:54:00,2026-08-23 10:54:00
C02537,James Scott,james.scott2537@example.com,0491027831,Other,2026-05-06,Gold Coast,QLD,2026-03-19 15:15:13,2026-06-24 19:15:13
C02538,William Anderson,william.anderson2538@example.com,0485251989,M,2025-11-26,Parramatta,NSW,2026-08-03 12:18:16,2026-08-23 17:18:16
C02539,Mia Thomas,mia.thomas2539@example.com,0435076121,F,2025-06-19,Perth,WA,2026-04-17 12:39:55,2026-09-30 12:00:00
C02540,Charlie Allen,charlie.allen2540@example.com,0455385422,Other,2025-05-25,Parramatta,NSW,2026-09-29 22:10:14,2026-09-30 12:00:00
C02541,Olivia Anderson,olivia.anderson2541@example.com,0410017850,M,2026-03-10,Parramatta,NSW,2025-07-06 00:36:06,2025-11-11 22:36:06
C02542,Amelia Jackson,amelia.jackson2542@example.com,0449852254,F,2025-03-14,Parramatta,NSW,2025-06-29 16:17:18,2025-09-07 22:17:18
C02543,Amelia Wright,amelia.wright2543@example.com,0454479677,F,2025-03-28,Canberra,ACT,2025-06-02 19:00:51,2026-05-13 10:00:51
C02544,Jack Harris,jack.harris2544@example.com,0468574966,Other,2026-09-16,Gold Coast,QLD,2025-05-10 12:03:58,2025-12-22 22:03:58
C02545,Amelia Wilson,amelia.wilson2545@example.com,0462794229,F,2025-09-09,Parramatta,NSW,2026-07-19 07:07:01,2026-07-21 05:07:01
C02546,William Anderson,william.anderson2546@example.com,0476137548,F,2026-04-24,Sydney,NSW,2026-03-19 20:46:49,2026-06-05 00:46:49
C02547,Charlie Jackson,charlie.jackson2547@example.com,0414532520,F,2026-02-16,Parramatta,NSW,2025-03-19 13:56:46,2025-12-04 11:56:46
C02548,Sophia Allen,sophia.allen2548@example.com,0441949215,F,2025-02-05,Melbourne,VIC,2026-03-30 00:13:35,2026-09-30 12:00:00
C02549,Jack Scott,jack.scott2549@example.com,0494580589,F,2025-03-28,Gold Coast,QLD,2025-06-23 19:32:50,2025-11-25 23:32:50
C02550,Olivia Allen,olivia.allen2550@example.com,0496973592,F,2026-04-30,Brisbane,QLD,2025-02-24 04:57:31,2025-07-12 04:57:31
C02551,Isla Young,isla.young2551@example.com,0410324854,F,2025-06-13,Sydney,NSW,2026-03-15 14:26:08,2026-09-22 08:26:08
C02552,James Brown,james.brown2552@example.com,0495133330,F,2025-09-26,Parramatta,NSW,2026-02-19 06:51:32,2026-09-30 12:00:00
C02553,Grace Wilson,grace.wilson2553@example.com,0496662893,Other,2025-08-02,Brisbane,QLD,2026-08-11 14:17:20,2026-09-30 12:00:00
C02554,Emma Young,emma.young2554@example.com,0487083309,Other,2025-10-12,Parramatta,NSW,2026-08-25 22:49:36,2026-09-30 12:00:00
C02555,Amelia Wilson,amelia.wilson2555@example.com,0493244633,F,2025-11-18,Brisbane,QLD,2026-09-06 22:32:27,2026-09-24 16:32:27
C02556,James Martin,james.martin2556@example.com,0449808824,M,2025-05-11,Hobart,TAS,2025-08-01 04:52:26,2026-09-01 17:52:26
C02557,Liam White,liam.white2557@example.com,0483558381,Other,2026-07-01,Hobart,TAS,2025-09-21 12:06:08,2025-11-11 17:06:08
C02558,Noah Taylor,noah.taylor2558@example.com,0443752783,M,2025-01-05,Gold Coast,QLD,2026-09-23 09:35:59,2026-09-30 12:00:00
C02559,Noah Thomas,noah.thomas2559@example.com,0435918591,Other,2026-06-28,Adelaide,SA,2026-03-24 23:44:58,2026-06-16 03:44:58
C02560,,sophia.allen2560@example.com,0471887143,Other,2026-06-01,Brisbane,QLD,2025-06-26 20:10:21,2026-01-16 18:10:21
C02561,Chloe Wilson,chloe.wilson2561@example.com,0470431696,Other,2026-07-14,Canberra,ACT,2026-05-29 16:09:58,2026-08-02 22:09:58
C02562,Chloe Brown,chloe.brown2562@example.com,0461595935,Other,2025-03-20,Gold Coast,QLD,2026-07-14 09:04:24,2026-09-30 12:00:00
C02563,William Harris,william.harris2563@example.com,0490457943,Other,2025-10-05,Hobart,TAS,2026-01-14 12:19:29,2026-09-30 12:00:00
C02564,Leo Smith,leo.smith2564@example.com,0486150979,F,2025-07-17,Gold Coast,QLD,2026-06-12 13:43:28,2026-09-30 12:00:00
C02565,Ella White,ella.white2565@example.com,0416804206,Other,2025-03-02,Melbourne,VIC,2026-09-28 14:09:12,2026-09-30 12:00:00
C02566,Lucas Anderson,lucas.anderson2566@example.com,0466196246,F,2025-12-31,Perth,WA,2025-03-27 12:25:08,2025-03-30 15:25:08
C02567,Jack Hall,jack.hall2567@example.com,0463498812,F,2025-12-02,Canberra,ACT,2026-02-21 08:21:31,2026-09-30 12:00:00
C02568,Isla Allen,isla.allen2568@example.com,0410767842,M,2025-02-23,Gold Coast,QLD,2025-04-13 05:16:30,2025-11-19 13:16:30
C02569,Leo Young,leo.young2569@example.com,0427823096,F,2025-02-28,Adelaide,SA,2025-12-12 16:50:51,2026-07-13 08:50:51
C02570,Isla Wilson,isla.wilson2570@example.com,0433504891,F,2025-11-06,Perth,WA,2026-01-27 11:16:20,2026-03-22 15:16:20
C02571,Henry Wilson,henry.wilson2571@example.com,0429289811,M,2025-07-26,Canberra,ACT,2026-08-26 19:30:59,2026-09-30 12:00:00
C02572,Thomas Walker,thomas.walker2572@example.com,0473075887,M,2025-03-07,Canberra,ACT,2026-03-13 00:32:49,2026-07-10 10:32:49
C02573,Charlie Smith,charlie.smith2573@example.com,0445940979,M,2025-08-06,Parramatta,NSW,2026-02-23 06:02:56,2026-09-30 12:00:00
C02574,Thomas Walker,thomas.walker2574@example.com,0416511082,Other,2026-09-19,Melbourne,VIC,2025-06-27 01:51:44,2025-12-15 00:51:44
C02575,Ella White,ella.white2575@example.com,0499653875,Other,2025-01-13,Melbourne,VIC,2026-09-16 08:47:04,2026-09-30 12:00:00
C02576,Lucas Walker,lucas.walker2576@example.com,0428109926,F,2025-12-11,Geelong,VIC,2026-09-14 15:38:31,2026-09-30 12:00:00
C02577,Liam King,liam.king2577@example.com,0480682648,M,2025-11-02,Brisbane,QLD,2025-04-23 06:23:24,2026-03-01 14:23:24
C02578,Jack Brown,jack.brown2578@example.com,0476054312,F,2026-06-06,Adelaide,SA,2025-07-29 11:48:49,2026-02-08 09:48:49
C02579,James Wright,james.wright2579@example.com,0412528463,F,2026-08-22,Gold Coast,QLD,2026-05-26 20:40:14,2026-09-30 12:00:00
C02580,Ella Brown,ella.brown2580@example.com,0446274334,M,2025-02-15,Sydney,NSW,2026-03-19 00:10:45,2026-09-30 12:00:00
C02581,Mia Wilson,mia.wilson2581@example.com,0447630177,Other,2025-01-18,Gold Coast,QLD,2026-06-28 19:48:08,2026-09-30 12:00:00
C02582,Charlie Jackson,charlie.jackson2582@example.com,0469058283,Other,2026-04-16,Brisbane,QLD,2025-06-07 01:14:06,2026-03-23 00:14:06
C02583,Chloe Martin,chloe.martin2583@example.com,0498087903,F,2025-03-10,Canberra,ACT,2026-03-24 14:23:39,2026-09-27 17:23:39
C02584,Thomas Walker,thomas.walker2584@example.com,0480059269,Other,2025-05-13,Brisbane,QLD,2026-06-20 23:10:12,2026-06-22 15:10:12
C02585,Amelia Thompson,amelia.thompson2585@example.com,0486578131,F,2025-06-12,Canberra,ACT,2026-02-10 22:32:51,2026-07-02 01:32:51
C02586,Mia White,mia.white2586@example.com,0483636703,F,2026-09-30,Sydney,NSW,2026-03-16 00:47:41,2026-09-16 23:47:41
C02587,Henry Thomas,henry.thomas2587@example.com,0423241515,F,2025-07-17,Adelaide,SA,2026-03-07 15:18:59,2026-09-30 12:00:00
C02588,James Clark,james.clark2588@example.com,0421603359,F,2025-04-05,Perth,WA,2025-07-06 18:13:42,2026-05-31 15:13:42
C02589,Thomas Wilson,thomas.wilson2589@example.com,0461202023,F,2025-12-15,Adelaide,SA,2026-07-08 16:09:18,2026-09-30 12:00:00
C02590,Lucas Martin,lucas.martin2590@example.com,0430503442,M,2025-05-17,Perth,WA,2026-09-30 17:37:53,2026-09-30 12:00:00
C02591,Charlie Anderson,charlie.anderson2591@example.com,0413620505,M,2025-06-25,Parramatta,NSW,2026-05-01 03:28:39,2026-09-30 12:00:00
C02592,Mia Allen,mia.allen2592@example.com,0452460906,F,2026-07-10,Hobart,TAS,2025-02-27 01:45:52,2026-03-24 14:45:52
C02593,Charlie Brown,charlie.brown2593@example.com,0444828170,M,2026-04-01,Canberra,ACT,2025-10-15 14:28:37,2026-03-30 12:28:37
C02594,Grace Allen,grace.allen2594@example.com,0482583190,Other,2025-02-10,Gold Coast,QLD,2025-11-18 06:37:33,2025-12-27 23:37:33
C02595,Charlie Jackson,charlie.jackson2595@example.com,0476318657,Other,2025-03-01,Adelaide,SA,2026-06-11 02:22:37,2026-07-14 12:22:37
C02596,Ella Wright,ella.wright2596@example.com,0462426325,M,2026-02-19,Brisbane,QLD,2026-01-14 16:38:48,2026-09-30 12:00:00
C02597,Ella Jackson,ella.jackson2597@example.com,0480480900,M,2025-06-09,Canberra,ACT,2025-09-27 17:32:28,2026-04-25 23:32:28
C02598,James Allen,james.allen2598@example.com,0424599424,M,2025-04-28,Perth,WA,2025-03-23 04:15:37,2025-10-14 01:15:37
C02599,Amelia Smith,amelia.smith2599@example.com,0430761643,Other,2026-07-07,Gold Coast,QLD,2025-04-01 17:56:51,2026-01-05 20:56:51
C02600,Thomas Clark,thomas.clark2600@example.com,0475559230,M,2026-02-16,Geelong,VIC,2026-06-08 04:52:51,2026-06-22 00:52:51
C02601,Leo Scott,leo.scott2601@example.com,0474565120,M,2026-08-27,Melbourne,VIC,2025-05-02 01:29:37,2025-07-08 08:29:37
C02602,Ella Anderson,ella.anderson2602@example.com,0478636380,Other,2026-03-24,Perth,WA,2026-07-21 19:57:14,2026-09-30 12:00:00
C02603,Sophia Scott,sophia.scott2603@example.com,0475878060,F,2026-04-17,Adelaide,SA,2025-02-17 07:45:20,2025-03-11 20:45:20
C02604,Thomas Scott,thomas.scott2604@example.com,0457555117,Other,2026-04-02,Perth,WA,2026-06-16 23:55:14,2026-09-22 09:55:14
C02605,James Allen,james.allen2605@example.com,0439262205,M,2025-11-27,Adelaide,SA,2025-08-30 23:06:49,2025-11-26 20:06:49
C02606,Jack Thompson,jack.thompson2606@example.com,0427042748,Other,2025-04-06,Melbourne,VIC,2025-11-22 14:43:57,2025-12-09 01:43:57
C02607,Thomas Allen,thomas.allen2607@example.com,0446755317,Other,2025-10-14,Hobart,TAS,2026-09-10 21:56:47,2026-09-30 12:00:00
C02608,Henry Brown,henry.brown2608@example.com,0451790477,M,2025-11-12,Brisbane,QLD,2026-01-12 16:34:13,2026-03-06 18:34:13
C02609,Chloe Brown,chloe.brown2609@example.com,0436635790,F,2026-07-03,Geelong,VIC,2025-06-06 07:41:50,2025-11-18 08:41:50
C02610,Charlie Taylor,charlie.taylor2610@example.com,0488219316,Other,2026-03-25,Gold Coast,QLD,2026-02-07 17:38:04,2026-09-30 12:00:00
C02611,Charlie Scott,charlie.scott2611@example.com,0495739567,F,2025-10-01,Adelaide,SA,2026-07-05 01:55:56,2026-09-15 08:55:56
C02612,Isla Walker,isla.walker2612@example.com,0413320509,M,2026-03-10,Canberra,ACT,2025-10-26 08:26:30,2026-08-16 17:26:30
C02613,Grace Martin,grace.martin2613@example.com,0474393080,M,2026-05-26,Melbourne,VIC,2025-03-09 13:13:08,2026-01-16 23:13:08
C02614,Thomas Jackson,thomas.jackson2614@example.com,0431497245,Other,2025-05-31,Geelong,VIC,2025-12-30 18:31:23,2026-08-19 16:31:23
C02615,Charlie White,charlie.white2615@example.com,0415066164,M,2026-08-02,Geelong,VIC,2026-06-06 12:35:49,2026-09-30 12:00:00
C02616,Noah Thompson,noah.thompson2616@example.com,0440436373,M,2025-06-29,Canberra,ACT,2026-01-13 22:42:19,2026-09-30 12:00:00
C02617,Sophia Wilson,sophia.wilson2617@example.com,0444130157,Other,2025-09-11,Perth,WA,2026-01-17 02:35:22,2026-09-30 12:00:00
C02618,Lucas Walker,lucas.walker2618@example.com,0461579960,F,2025-09-18,Perth,WA,2025-01-25 14:58:13,2025-06-27 23:58:13
C02619,Leo Thomas,leo.thomas2619@example.com,0448042061,Other,2025-03-26,Geelong,VIC,2025-12-20 23:40:36,2026-06-21 16:40:36
C02620,Chloe Harris,chloe.harris2620@example.com,0411762000,M,2025-06-19,Hobart,TAS,2025-04-28 13:04:28,2025-04-29 23:04:28
C02621,Noah Young,noah.young2621@example.com,0423271700,M,2025-11-04,Geelong,VIC,2026-02-19 18:35:04,2026-09-30 12:00:00
C02622,Henry Allen,henry.allen2622@example.com,0475344357,F,2025-10-22,Perth,WA,2025-03-01 22:37:16,2025-12-14 04:37:16
C02623,James Anderson,james.anderson2623@example.com,0442395331,M,2025-01-30,Hobart,TAS,2025-05-09 17:25:18,2026-04-15 13:25:18
C02624,Liam Walker,liam.walker2624@example.com,0435120806,M,2026-07-26,Gold Coast,QLD,2025-01-31 18:46:41,2025-11-27 06:46:41
C02625,William Walker,william.walker2625@example.com,0465765838,F,2026-03-22,Perth,WA,2026-04-09 14:07:38,2026-09-30 12:00:00
C02626,Noah Smith,noah.smith2626@example.com,0433339936,M,2025-05-18,Sydney,NSW,2025-11-17 23:25:58,2026-03-21 07:25:58
C02627,Liam Anderson,liam.anderson2627@example.com,0438018859,Other,2026-03-25,Parramatta,NSW,2025-10-03 19:37:34,2025-10-23 21:37:34
C02628,Grace King,grace.king2628@example.com,0422587924,F,2026-04-09,Parramatta,NSW,2026-03-08 15:22:39,2026-09-30 12:00:00
C02629,Amelia Wilson,amelia.wilson2629@example.com,0446822340,F,2025-01-28,Gold Coast,QLD,2025-06-03 20:19:17,2025-12-26 23:19:17
C02630,Amelia Thomas,amelia.thomas2630@example.com,0458385021,F,2025-11-11,Parramatta,NSW,2025-09-09 11:04:29,2026-02-11 23:04:29
C02631,Liam Clark,liam.clark2631@example.com,0460950398,M,2025-03-10,Melbourne,VIC,2025-04-23 17:24:15,2025-12-29 21:24:15
C02632,Lucas Wright,lucas.wright2632@example.com,0431199787,Other,2025-07-07,Gold Coast,QLD,2026-01-26 19:40:21,2026-07-28 13:40:21
C02633,Chloe Hall,chloe.hall2633@example.com,0439035574,Other,2025-11-28,Perth,WA,2025-09-27 02:19:38,2025-10-20 02:19:38
C02634,James Thomas,james.thomas2634@example.com,0448728311,Other,2025-09-19,Gold Coast,QLD,2025-12-18 02:46:46,2026-04-03 10:46:46
C02635,Ella Clark,ella.clark2635@example.com,0486861515,M,2025-11-04,Adelaide,SA,2025-05-25 05:34:58,2026-02-23 12:34:58
C02636,Chloe White,chloe.white2636@example.com,0421232956,F,2026-05-09,Parramatta,NSW,2025-03-09 08:59:23,2025-07-28 20:59:23
C02637,Sophia Wright,sophia.wright2637@example.com,0488968371,F,2026-06-23,Parramatta,NSW,2025-06-02 11:05:07,2025-10-14 09:05:07
C02638,Thomas Hall,thomas.hall2638@example.com,0448857808,M,2026-08-21,Hobart,TAS,2025-11-21 06:04:08,2026-09-30 12:00:00
C02639,Jack Martin,jack.martin2639@example.com,0478965468,M,2025-02-23,Parramatta,NSW,2026-03-28 15:41:27,2026-09-30 12:00:00
C02640,Thomas Moore,thomas.moore2640@example.com,0474481318,M,2025-03-29,Canberra,ACT,2025-02-22 01:06:46,2026-02-13 18:06:46
C02641,Sophia Jackson,sophia.jackson2641@example.com,0468134282,F,2026-07-02,Hobart,TAS,2025-03-28 10:05:04,2025-08-03 17:05:04
C02642,Grace Thomas,grace.thomas2642@example.com,0471217726,M,2025-02-16,Geelong,VIC,2025-01-16 15:51:35,2025-02-25 08:51:35
C02643,Amelia Clark,amelia.clark2643@example.com,0417097304,F,2026-07-16,Canberra,ACT,2025-11-24 13:19:08,2026-05-13 03:19:08
C02644,James Anderson,james.anderson2644@example.com,0459967612,F,2025-07-03,Perth,WA,2026-08-16 21:12:15,2026-09-30 12:00:00
C02645,William Smith,william.smith2645@example.com,0477404479,F,2025-12-10,Perth,WA,2025-02-04 01:11:12,2025-03-03 06:11:12
C02646,Jack Smith,jack.smith2646@example.com,0448825980,M,2025-01-28,Gold Coast,QLD,2025-05-22 05:18:47,2025-07-09 08:18:47
C02647,Leo Walker,leo.walker2647@example.com,0489030540,Other,2025-05-26,Adelaide,SA,2025-02-07 03:20:04,2025-06-18 13:20:04
C02648,James Taylor,james.taylor2648@example.com,0428877659,M,2025-05-19,Perth,WA,2026-03-11 07:13:54,2026-09-30 12:00:00
C02649,Liam Harris,liam.harris2649@example.com,0434721459,Other,2025-06-30,Melbourne,VIC,2025-02-02 10:14:55,2025-11-29 14:14:55
C02650,Olivia Moore,olivia.moore2650@example.com,0492402869,M,2025-03-19,Perth,WA,2025-05-24 20:01:06,2026-04-29 19:01:06
C02651,Emma Jackson,emma.jackson2651@example.com,0435829274,M,2025-06-28,Brisbane,QLD,2026-07-02 09:13:14,2026-09-30 12:00:00
C02652,Isla Thomas,isla.thomas2652@example.com,0490222589,F,2025-12-10,Canberra,ACT,2026-01-23 03:50:13,2026-04-14 10:50:13
C02653,Grace Martin,grace.martin2653@example.com,0450050708,F,2026-09-17,Gold Coast,QLD,2025-05-10 06:19:11,2026-01-21 18:19:11
C02654,Charlie Walker,charlie.walker2654@example.com,0435947867,F,2025-06-28,Melbourne,VIC,2025-06-27 08:37:32,2026-02-02 21:37:32
C02655,Olivia Wright,olivia.wright2655@example.com,0473559266,Other,2025-09-06,Gold Coast,QLD,2025-09-11 13:48:29,2026-08-03 10:48:29
C02656,Henry Wright,henry.wright2656@example.com,0464326753,M,2025-12-09,Canberra,ACT,2026-01-05 05:39:30,2026-05-03 16:39:30
C02657,Ava Clark,ava.clark2657@example.com,0475488223,F,2025-06-11,Perth,WA,2026-01-15 10:36:54,2026-02-17 18:36:54
C02658,Isla White,isla.white2658@example.com,0424123246,F,2026-04-30,Canberra,ACT,2025-03-04 19:58:26,2025-10-04 04:58:26
C02659,Isla White,isla.white2659@example.com,0469261347,F,2026-02-08,Parramatta,NSW,2026-02-19 18:44:23,2026-05-12 03:44:23
C02660,Grace Thompson,grace.thompson2660@example.com,0464723538,M,2026-08-14,Parramatta,NSW,2025-12-13 06:35:37,2026-09-30 12:00:00
C02661,Ella Thompson,ella.thompson2661@example.com,0476283981,Other,2025-06-04,Parramatta,NSW,2025-06-07 09:12:56,2026-06-04 21:12:56
C02662,Sophia Taylor,sophia.taylor2662@example.com,0466149681,M,2026-07-15,Gold Coast,QLD,2026-05-02 02:10:41,2026-09-30 12:00:00
C02663,Mia Thompson,mia.thompson2663@example.com,0477137222,Other,2026-03-16,Brisbane,QLD,2025-08-06 21:18:26,2026-05-14 07:18:26
C02664,Mia Wright,mia.wright2664@example.com,0449733158,Other,2026-04-27,Melbourne,VIC,2026-02-27 03:25:46,2026-09-30 12:00:00
C02665,Lucas White,lucas.white2665@example.com,0422909263,F,2025-08-18,Hobart,TAS,2026-09-16 17:50:42,2026-09-30 12:00:00
C02666,Thomas Wilson,thomas.wilson2666@example.com,0421862766,M,2025-09-08,Geelong,VIC,2026-02-08 16:41:12,2026-09-30 12:00:00
C02667,James Allen,james.allen2667@example.com,0432286339,M,2025-04-08,Parramatta,NSW,2026-05-01 04:24:03,2026-09-30 12:00:00
C02668,Henry King,henry.king2668@example.com,0484615922,M,2026-01-31,Hobart,TAS,2026-03-10 15:35:57,2026-09-30 12:00:00
C02669,Henry Wright,henry.wright2669@example.com,0489477464,F,2026-03-29,Parramatta,NSW,2025-05-01 04:07:18,2025-11-20 10:07:18
C02670,Leo Thomas,leo.thomas2670@example.com,0462157064,Other,2025-10-31,Gold Coast,QLD,2025-10-12 04:47:37,2026-09-01 09:47:37
C02671,Isla Clark,isla.clark2671@example.com,0488528019,Other,2025-11-04,Parramatta,NSW,2025-07-15 19:06:29,2025-09-25 18:06:29
C02672,James Jackson,james.jackson2672@example.com,0499626514,M,2025-07-05,Perth,WA,2026-08-10 08:32:54,2026-09-30 12:00:00
C02673,Grace Clark,grace.clark2673@example.com,0413432593,F,2026-07-18,Brisbane,QLD,2026-08-04 14:05:39,2026-09-30 12:00:00
C02674,Mia Jackson,mia.jackson2674@example.com,0424419839,M,2025-12-25,Gold Coast,QLD,2025-08-14 19:07:02,2025-10-07 07:07:02
C02675,Lucas Smith,lucas.smith2675@example.com,0488530951,M,2025-03-25,Geelong,VIC,2026-02-15 22:15:36,2026-09-30 12:00:00
C02676,William White,william.white2676@example.com,0474697129,Other,2025-07-30,Parramatta,NSW,2025-10-06 08:13:30,2026-09-11 21:13:30
C02677,Henry King,henry.king2677@example.com,0445608258,M,2025-03-05,Geelong,VIC,2025-10-16 01:52:36,2026-07-22 23:52:36
C02678,Noah Walker,noah.walker2678@example.com,0422232724,M,2026-02-15,Adelaide,SA,2026-09-07 06:02:04,2026-09-30 12:00:00
C02679,James Martin,james.martin2679@example.com,0416383481,F,2025-06-15,Hobart,TAS,2026-08-28 21:42:05,2026-09-30 12:00:00
C02680,Olivia Anderson,invalid-email,0483053533,M,2025-03-16,Canberra,ACT,2026-07-30 13:54:26,2026-09-29 01:54:26
C02681,Amelia Scott,amelia.scott2681@example.com,0444603606,Other,2025-12-04,Melbourne,VIC,2025-09-10 09:09:07,2026-09-30 12:00:00
C02682,Sophia King,sophia.king2682@example.com,0467105228,M,2026-05-05,Brisbane,QLD,2025-06-09 01:13:20,2025-09-18 03:13:20
C02683,Lucas Taylor,lucas.taylor2683@example.com,0417886725,M,2025-11-28,Adelaide,SA,2026-08-29 03:13:58,2026-09-30 12:00:00
C02684,Chloe Taylor,chloe.taylor2684@example.com,0423121267,Other,2025-11-13,Geelong,VIC,2026-05-23 03:13:56,2026-08-01 01:13:56
C02685,James Anderson,invalid-email,0484577463,Other,2025-04-01,Brisbane,QLD,2026-04-21 21:55:00,2026-07-13 13:55:00
C02686,Sophia Wilson,sophia.wilson2686@example.com,0452562292,M,2026-05-12,Geelong,VIC,2025-05-16 17:29:54,2026-04-05 02:29:54
C02687,Noah Scott,noah.scott2687@example.com,0461078488,F,2026-03-15,Parramatta,NSW,2026-03-23 15:54:32,2026-09-28 06:54:32
C02688,William Scott,william.scott2688@example.com,0477017197,F,2026-09-22,Geelong,VIC,2025-09-02 17:50:05,2025-09-22 13:50:05
C02689,Emma Clark,emma.clark2689@example.com,0425967936,F,2025-10-18,Geelong,VIC,2026-08-15 09:10:15,2026-09-30 12:00:00
C02690,Olivia Wilson,olivia.wilson2690@example.com,0490102746,Other,2026-03-20,Parramatta,NSW,2025-03-26 10:13:21,2025-04-21 23:13:21
C02691,Ava Clark,ava.clark2691@example.com,0432443981,F,2025-06-29,Geelong,VIC,2026-02-21 17:16:52,2026-08-17 03:16:52
C02692,Chloe Martin,chloe.martin2692@example.com,0418724766,Other,2026-04-23,Geelong,VIC,2025-01-03 04:40:23,2025-05-27 19:40:23
C02693,Lucas King,lucas.king2693@example.com,0462402189,Other,2025-10-17,Hobart,TAS,2026-09-21 08:33:33,2026-09-30 12:00:00
C02694,Thomas Wright,thomas.wright2694@example.com,0494378401,Other,2025-12-15,Hobart,TAS,2025-08-15 01:01:23,2025-10-08 19:01:23
C02695,Grace Hall,grace.hall2695@example.com,0449761155,M,2025-07-08,Gold Coast,QLD,2026-02-16 06:23:23,2026-09-30 12:00:00
C02696,Charlie Wilson,charlie.wilson2696@example.com,0458536525,F,2026-01-11,Adelaide,SA,2025-06-09 12:25:08,2026-07-04 08:25:08
C02697,James Harris,james.harris2697@example.com,0449468102,Other,2025-10-09,Perth,WA,2025-01-09 15:01:42,2025-01-30 17:01:42
C02698,Emma White,emma.white2698@example.com,0415439207,Other,2026-06-09,Melbourne,VIC,2026-01-23 16:41:26,2026-04-26 00:41:26
C02699,Charlie Taylor,charlie.taylor2699@example.com,0490464207,M,2025-10-06,Melbourne,VIC,2025-01-04 20:52:26,2025-08-02 13:52:26
C02700,Emma Allen,emma.allen2700@example.com,0435793154,Other,2025-04-24,Sydney,NSW,2026-07-04 04:00:30,2026-09-30 12:00:00
C02701,Emma Moore,emma.moore2701@example.com,0433486656,Other,2025-06-08,Sydney,NSW,2025-05-24 07:09:35,2025-08-07 12:09:35
C02702,Sophia Smith,sophia.smith2702@example.com,0435850974,F,2026-09-13,Canberra,ACT,2025-10-12 15:20:55,2025-12-31 07:20:55
C02703,Lucas Scott,lucas.scott2703@example.com,0484389476,F,2026-04-09,Brisbane,QLD,2025-02-02 00:17:05,2025-02-21 23:17:05
C02704,Amelia Taylor,amelia.taylor2704@example.com,0499525082,M,2025-11-18,Parramatta,NSW,2026-01-17 03:45:07,2026-05-23 14:45:07
C02705,William Thompson,william.thompson2705@example.com,0427616344,M,2026-03-24,Adelaide,SA,2025-05-30 05:49:41,2026-02-25 23:49:41
C02706,Sophia Taylor,sophia.taylor2706@example.com,0480355705,M,2025-01-30,Gold Coast,QLD,2026-05-17 17:02:38,2026-09-30 12:00:00
C02707,Liam King,liam.king2707@example.com,0448614230,Other,2025-12-04,Melbourne,VIC,2025-03-16 00:57:19,2025-05-07 19:57:19
C02708,Mia Martin,mia.martin2708@example.com,0422832144,Other,2025-09-26,Geelong,VIC,2026-09-20 10:55:48,2026-09-30 12:00:00
C02709,Sophia Allen,sophia.allen2709@example.com,0483900640,M,2025-06-29,Canberra,ACT,2026-02-24 14:18:46,2026-09-30 12:00:00
C02710,Noah Young,noah.young2710@example.com,0476803099,Other,2025-01-26,Canberra,ACT,2026-09-17 07:01:24,2026-09-30 12:00:00
C02711,Mia Hall,mia.hall2711@example.com,0498671386,Other,2026-04-01,Canberra,ACT,2026-08-23 03:42:09,2026-09-30 12:00:00
C02712,Henry White,henry.white2712@example.com,0453374188,F,2026-05-20,Perth,WA,2026-09-03 18:00:20,2026-09-30 12:00:00
C02713,Isla Wright,,0435041333,Other,2025-01-01,Hobart,TAS,2025-11-10 22:49:01,2026-08-16 06:49:01
C02714,Grace Scott,grace.scott2714@example.com,0430565671,Other,2026-09-15,Perth,WA,2026-08-04 20:03:44,2026-09-30 12:00:00
C02715,Ella Walker,ella.walker2715@example.com,0466422263,F,2025-09-04,Melbourne,VIC,2026-01-22 02:46:03,2026-08-08 12:46:03
C02716,Mia Hall,mia.hall2716@example.com,0452727864,M,2026-03-31,Brisbane,QLD,2026-01-16 14:57:02,2026-02-28 02:57:02
C02717,Grace Wilson,grace.wilson2717@example.com,0484066316,M,2025-05-24,Parramatta,NSW,2026-03-05 21:35:04,2026-08-06 15:35:04
C02718,Isla White,isla.white2718@example.com,0492673451,Other,2025-06-14,Melbourne,VIC,2026-06-09 08:12:30,2026-09-30 12:00:00
C02719,Amelia Clark,amelia.clark2719@example.com,0453366907,M,2026-06-29,Brisbane,QLD,2025-10-03 09:29:49,2026-06-15 14:29:49
C02720,Sophia Thomas,sophia.thomas2720@example.com,0410639872,M,2025-10-08,Parramatta,NSW,2025-05-25 08:11:13,2025-10-27 00:11:13
C02721,Noah Hall,noah.hall2721@example.com,0463461642,Other,2025-04-21,Sydney,NSW,2025-11-12 03:46:21,2026-05-06 10:46:21
C02722,Jack King,jack.king2722@example.com,0461562789,M,2026-05-26,Gold Coast,QLD,2025-11-19 14:18:54,2026-09-14 14:18:54
C02723,Lucas Clark,lucas.clark2723@example.com,0442099757,M,2025-08-15,Melbourne,VIC,2025-06-16 08:10:23,2026-02-02 09:10:23
C02724,Liam Scott,liam.scott2724@example.com,0453239383,Other,2026-07-05,Gold Coast,QLD,2026-09-07 09:22:11,2026-09-30 12:00:00
C02725,,liam.young2725@example.com,0468395899,F,2025-07-08,Perth,WA,2025-08-20 01:17:01,2025-10-30 20:17:01
C02726,Amelia Scott,amelia.scott2726@example.com,0490562685,M,2025-05-15,Geelong,VIC,2026-03-30 05:06:31,2026-08-28 10:06:31
C02727,James Martin,james.martin2727@example.com,0426001903,F,2025-09-04,Geelong,VIC,2026-02-22 14:34:59,2026-09-30 12:00:00
C02728,Lucas Thomas,lucas.thomas2728@example.com,0439701146,M,2025-12-30,Perth,WA,2026-01-27 19:13:30,2026-01-30 07:13:30
C02729,Olivia Jackson,olivia.jackson2729@example.com,0481355354,F,2025-01-08,Geelong,VIC,2025-08-25 18:10:32,2025-09-18 03:10:32
C02730,Ava Anderson,ava.anderson2730@example.com,0487370376,M,2025-09-07,Melbourne,VIC,2026-03-05 03:42:37,2026-03-29 06:42:37
C02731,William Moore,william.moore2731@example.com,0418293873,M,2025-03-01,Hobart,TAS,2025-08-20 15:38:31,2025-10-03 10:38:31
C02732,James Thomas,james.thomas2732@example.com,0455702751,F,2025-10-15,Hobart,TAS,2025-12-16 13:06:24,2026-02-28 18:06:24
C02733,Chloe Wilson,chloe.wilson2733@example.com,0470330473,Other,2026-09-29,Canberra,ACT,2026-01-13 11:38:19,2026-01-15 10:38:19
C02734,Liam White,liam.white2734@example.com,0441451618,M,2026-01-30,Melbourne,VIC,2025-10-20 11:46:51,2026-02-08 15:46:51
C02735,Charlie Hall,charlie.hall2735@example.com,0448646632,M,2026-03-31,Canberra,ACT,2025-03-19 09:21:24,2025-08-14 23:21:24
C02736,James Taylor,james.taylor2736@example.com,0424013687,M,2026-04-08,Hobart,TAS,2025-10-30 11:12:43,2026-09-10 09:12:43
C02737,Chloe Walker,chloe.walker2737@example.com,0473207342,Other,2026-03-05,Perth,WA,2026-03-15 10:03:22,2026-06-14 07:03:22
C02738,Noah Anderson,noah.anderson2738@example.com,0453104315,F,2026-07-15,Melbourne,VIC,2026-08-13 05:35:05,2026-09-30 12:00:00
C02739,Olivia Walker,olivia.walker2739@example.com,0425284337,F,2026-05-05,Geelong,VIC,2025-03-03 04:08:15,2025-04-08 01:08:15
C02740,Ella Hall,ella.hall2740@example.com,0437447226,F,2025-09-09,Melbourne,VIC,2026-01-31 20:52:30,2026-09-30 12:00:00
C02741,Liam Anderson,liam.anderson2741@example.com,0419611642,M,2026-01-23,Parramatta,NSW,2026-05-13 03:34:22,2026-09-30 12:00:00
C02742,Thomas Martin,thomas.martin2742@example.com,0421157038,F,2025-06-05,Canberra,ACT,2026-01-12 13:14:58,2026-09-23 15:14:58
C02743,Amelia Martin,amelia.martin2743@example.com,0455184673,M,2026-08-07,Parramatta,NSW,2025-01-23 01:01:47,2025-05-28 15:01:47
C02744,Ella Wright,ella.wright2744@example.com,0444850048,F,2025-12-19,Sydney,NSW,2025-09-07 22:44:04,2025-12-23 02:44:04
C02745,Amelia Young,amelia.young2745@example.com,0444608672,M,2026-05-18,Perth,WA,2026-01-25 19:13:08,2026-09-28 12:13:08
C02746,Ella Jackson,ella.jackson2746@example.com,0480302293,M,2025-02-12,Adelaide,SA,2026-02-27 10:36:04,2026-08-20 16:36:04
C02747,Emma Taylor,emma.taylor2747@example.com,0467441199,F,2025-10-27,Brisbane,QLD,2025-02-01 12:51:22,2025-04-26 10:51:22
C02748,Ava Walker,ava.walker2748@example.com,0434572406,F,2025-11-20,Adelaide,SA,2025-08-14 11:04:51,2025-10-27 02:04:51
C02749,Isla White,isla.white2749@example.com,0492355334,F,2026-02-25,Parramatta,NSW,2026-05-16 11:43:25,2026-09-30 12:00:00
C02750,Henry Young,henry.young2750@example.com,0447404073,Other,2025-10-22,Adelaide,SA,2026-06-08 09:37:27,2026-08-28 14:37:27
C02751,Isla Taylor,isla.taylor2751@example.com,0465468928,Other,2025-05-13,Melbourne,VIC,2025-11-11 13:40:08,2026-04-21 13:40:08
C02752,Lucas Walker,lucas.walker2752@example.com,0417279515,F,2025-05-10,Gold Coast,QLD,2026-01-28 17:59:21,2026-03-25 21:59:21
C02753,Charlie Walker,charlie.walker2753@example.com,0412923920,Other,2026-03-28,Adelaide,SA,2025-07-03 19:14:47,2025-12-14 17:14:47
C02754,Lucas Jackson,lucas.jackson2754@example.com,0450421249,F,2026-01-16,Brisbane,QLD,2025-10-03 04:04:08,2026-07-24 07:04:08
C02755,James Thomas,james.thomas2755@example.com,0499674912,Other,2025-01-07,Sydney,NSW,2025-07-20 09:57:31,2026-03-14 02:57:31
C02756,Sophia Moore,sophia.moore2756@example.com,0425598434,Other,2025-10-26,Adelaide,SA,2026-08-04 14:54:56,2026-09-30 12:00:00
C02757,Olivia Hall,olivia.hall2757@example.com,0422563750,F,2026-04-09,Melbourne,VIC,2025-07-28 07:41:39,2026-04-25 11:41:39
C02758,Ella Anderson,ella.anderson2758@example.com,0417529652,Other,2025-10-04,Parramatta,NSW,2025-07-17 14:41:46,2025-10-05 12:41:46
C02759,Jack Wilson,jack.wilson2759@example.com,0463072931,M,2026-02-21,Perth,WA,2026-05-15 12:49:46,2026-09-30 12:00:00
C02760,Mia Anderson,mia.anderson2760@example.com,0430340520,M,2025-02-20,Canberra,ACT,2026-03-13 06:00:07,2026-04-16 10:00:07
C02761,Thomas Martin,thomas.martin2761@example.com,0437318709,M,2025-08-06,Canberra,ACT,2025-10-02 04:24:52,2026-02-08 21:24:52
C02762,Grace Hall,grace.hall2762@example.com,0482512113,Other,2026-02-20,Hobart,TAS,2026-01-26 00:50:32,2026-04-21 22:50:32
C02763,Chloe Wilson,chloe.wilson2763@example.com,0443983200,Other,2025-10-20,Parramatta,NSW,2026-01-26 00:54:21,2026-09-30 12:00:00
C02764,Grace Scott,grace.scott2764@example.com,0486270465,Other,2025-02-23,Sydney,NSW,2025-01-25 17:23:58,2025-08-28 01:23:58
C02765,Emma Jackson,emma.jackson2765@example.com,0438876806,F,2025-02-21,Sydney,NSW,2025-09-25 19:23:48,2025-11-12 13:23:48
C02766,James Wilson,james.wilson2766@example.com,0481215433,Other,2025-03-03,Geelong,VIC,2025-12-06 09:25:07,2026-08-06 20:25:07
C02767,Ella Brown,ella.brown2767@example.com,0414794568,F,2025-09-19,Parramatta,NSW,2026-06-21 23:32:36,2026-09-30 12:00:00
C02768,Noah Brown,noah.brown2768@example.com,0461668735,Other,2025-12-15,Brisbane,QLD,2025-03-04 08:15:04,2025-08-29 20:15:04
C02769,Noah Jackson,noah.jackson2769@example.com,0479129054,Other,2025-08-11,Gold Coast,QLD,2025-07-15 16:40:41,2025-09-06 00:40:41
C02770,Chloe Martin,chloe.martin2770@example.com,0493814327,Other,2025-01-13,Adelaide,SA,2025-11-24 11:32:03,2026-03-04 12:32:03
C02771,Emma Clark,emma.clark2771@example.com,0470505750,Other,2025-09-26,Canberra,ACT,2025-11-22 12:18:28,2026-01-18 03:18:28
C02772,Olivia Wilson,olivia.wilson2772@example.com,0464331127,Other,2026-06-24,Hobart,TAS,2025-02-08 04:56:29,2026-01-10 07:56:29
C02773,Ella Jackson,ella.jackson2773@example.com,0462245891,F,2026-06-14,Adelaide,SA,2025-04-16 13:05:06,2025-10-21 05:05:06
C02774,Grace Taylor,grace.taylor2774@example.com,0457814776,Other,2026-06-18,Geelong,VIC,2026-08-06 18:30:52,2026-09-30 12:00:00
C02775,William Jackson,william.jackson2775@example.com,0453063432,M,2025-12-07,Sydney,NSW,2026-02-28 02:30:55,2026-03-22 01:30:55
C02776,Ella Jackson,ella.jackson2776@example.com,0488928406,F,2026-03-09,Gold Coast,QLD,2025-07-14 08:22:41,2026-04-16 10:22:41
C02777,Jack Hall,jack.hall2777@example.com,0487645282,Other,2026-08-31,Sydney,NSW,2026-07-13 11:15:23,2026-09-30 12:00:00
C02778,Thomas Thomas,thomas.thomas2778@example.com,0472830616,Other,2026-05-09,Brisbane,QLD,2025-06-13 12:25:42,2025-08-24 15:25:42
C02779,Jack King,jack.king2779@example.com,0467412571,Other,2026-05-12,Melbourne,VIC,2025-03-10 21:21:34,2025-07-26 10:21:34
C02780,Amelia Jackson,amelia.jackson2780@example.com,0437448673,M,2026-04-19,Melbourne,VIC,2025-07-27 00:09:50,2026-04-16 10:09:50
C02781,Ava Allen,ava.allen2781@example.com,0444231730,F,2025-03-13,Perth,WA,2026-03-17 18:35:51,2026-09-30 12:00:00
C02782,Isla Brown,isla.brown2782@example.com,0467239714,M,2025-09-02,Sydney,NSW,2025-11-24 04:55:33,2026-06-01 13:55:33
C02783,James King,james.king2783@example.com,0426785489,Other,2025-01-09,Adelaide,SA,2025-07-15 00:34:58,2026-04-29 15:34:58
C02784,Charlie White,charlie.white2784@example.com,0425563032,M,2026-05-29,Canberra,ACT,2025-06-20 15:50:30,2026-02-16 05:50:30
C02785,Sophia Anderson,sophia.anderson2785@example.com,0462336313,M,2025-01-02,Gold Coast,QLD,2025-05-12 22:46:30,2026-04-12 14:46:30
C02786,Amelia Brown,amelia.brown2786@example.com,0447400852,M,2025-07-18,Melbourne,VIC,2026-03-30 02:09:04,2026-04-23 06:09:04
C02787,Sophia Martin,sophia.martin2787@example.com,0474884670,Other,2026-04-03,Adelaide,SA,2025-08-10 21:03:22,2026-08-24 18:03:22
C02788,Chloe Taylor,chloe.taylor2788@example.com,0473718088,M,2026-01-21,Hobart,TAS,2026-03-14 03:43:37,2026-09-30 12:00:00
C02789,Isla Scott,isla.scott2789@example.com,0449727861,M,2026-09-14,Perth,WA,2025-12-25 12:25:49,2026-08-16 01:25:49
C02790,Amelia Clark,amelia.clark2790@example.com,0412344166,Other,2026-01-11,Canberra,ACT,2025-08-29 06:18:49,2026-01-12 06:18:49
C02791,Liam Thomas,liam.thomas2791@example.com,0436343807,F,2025-07-25,Brisbane,QLD,2025-05-22 21:24:43,2026-05-22 08:24:43
C02792,Ava Anderson,ava.anderson2792@example.com,0411783108,F,2025-01-22,Geelong,VIC,2026-08-17 02:48:16,2026-09-30 12:00:00
C02793,Isla Martin,isla.martin2793@example.com,0476148102,Other,2026-08-24,Adelaide,SA,2025-09-07 13:03:48,2025-11-04 23:03:48
C02794,Emma Wilson,emma.wilson2794@example.com,0463279797,Other,2025-06-05,Gold Coast,QLD,2025-02-08 23:44:06,2025-03-03 01:44:06
C02795,Grace Smith,grace.smith2795@example.com,0486748461,Other,2025-08-02,Melbourne,VIC,2026-06-01 01:08:25,2026-09-30 12:00:00
C02796,Henry Hall,henry.hall2796@example.com,0452767741,F,2026-06-04,Gold Coast,QLD,2026-09-05 14:55:35,2026-09-30 12:00:00
C02797,Thomas Jackson,thomas.jackson2797@example.com,0486565177,F,2026-04-29,Gold Coast,QLD,2026-05-19 02:38:11,2026-07-13 11:38:11
C02798,Lucas Wilson,lucas.wilson2798@example.com,0495036366,F,2025-10-18,Brisbane,QLD,2026-01-29 07:57:45,2026-09-30 12:00:00
C02799,Mia Anderson,mia.anderson2799@example.com,0464716293,F,2026-01-09,Melbourne,VIC,2025-08-01 02:31:44,2025-10-11 23:31:44
C02800,Liam Young,liam.young2800@example.com,0432340031,Other,2026-05-26,Sydney,NSW,2025-11-14 12:34:21,2026-03-30 06:34:21
C02801,Liam Martin,liam.martin2801@example.com,0498292310,M,2025-01-22,Melbourne,VIC,2025-02-10 01:44:56,2026-02-21 22:44:56
C02802,Ella Clark,ella.clark2802@example.com,0452899951,M,2026-08-27,Melbourne,VIC,2025-03-30 09:42:47,2025-10-09 09:42:47
C02803,James King,james.king2803@example.com,0463773579,Other,2025-07-27,Gold Coast,QLD,2025-10-14 06:52:09,2026-06-24 09:52:09
C02804,Olivia Jackson,olivia.jackson2804@example.com,0490298801,Other,2025-07-25,Parramatta,NSW,2025-11-24 13:54:41,2026-03-16 01:54:41
C02805,James Wilson,james.wilson2805@example.com,0489884868,Other,2025-08-29,Melbourne,VIC,2025-02-28 23:02:37,2025-03-27 15:02:37
C02806,Noah King,noah.king2806@example.com,0416020320,M,2026-06-24,Adelaide,SA,2026-06-18 03:46:00,2026-09-30 12:00:00
C02807,Mia Thompson,mia.thompson2807@example.com,0493885180,Other,2025-02-21,Brisbane,QLD,2025-03-08 10:34:56,2026-01-09 15:34:56
C02808,Amelia White,amelia.white2808@example.com,0467001939,M,2025-09-06,Melbourne,VIC,2025-09-26 22:14:40,2026-05-12 11:14:40
C02809,Grace Clark,grace.clark2809@example.com,0428401973,Other,2026-03-16,Sydney,NSW,2026-07-01 20:01:32,2026-08-13 00:01:32
C02810,Thomas Wilson,thomas.wilson2810@example.com,0471471521,M,2025-12-22,Gold Coast,QLD,2026-08-09 09:49:29,2026-09-30 12:00:00
C02811,Mia Wilson,mia.wilson2811@example.com,0442817159,M,2026-09-20,Geelong,VIC,2025-02-07 11:43:35,2025-05-27 08:43:35
C02812,Grace Allen,grace.allen2812@example.com,0422705652,Other,2026-08-22,Parramatta,NSW,2026-09-12 14:39:32,2026-09-30 12:00:00
C02813,Emma Martin,emma.martin2813@example.com,0457778592,Other,2025-01-30,Sydney,NSW,2026-03-09 19:14:30,2026-09-30 12:00:00
C02814,Emma Clark,emma.clark2814@example.com,0476469934,F,2026-02-12,Adelaide,SA,2026-03-14 15:44:55,2026-05-04 07:44:55
C02815,Liam Young,liam.young2815@example.com,0480593774,Other,2026-01-02,Canberra,ACT,2025-08-10 13:59:15,2026-03-20 06:59:15
C02816,James Wilson,james.wilson2816@example.com,0431329251,M,2026-03-12,Perth,WA,2025-06-15 14:59:25,2025-09-12 08:59:25
C02817,Grace Walker,grace.walker2817@example.com,0436134370,F,2026-02-11,Adelaide,SA,2026-06-12 22:32:00,2026-09-30 12:00:00
C02818,Noah Clark,noah.clark2818@example.com,0482179030,Other,2025-01-01,Gold Coast,QLD,2025-06-23 05:35:58,2026-05-18 00:35:58
C02819,Charlie Martin,charlie.martin2819@example.com,0424250228,M,2025-11-28,Hobart,TAS,2026-08-21 07:51:20,2026-09-30 12:00:00
C02820,Jack Scott,jack.scott2820@example.com,0476572741,F,2025-10-31,Adelaide,SA,2026-05-07 14:09:27,2026-09-30 12:00:00
C02821,James King,james.king2821@example.com,0413936102,M,2025-10-25,Parramatta,NSW,2026-07-25 11:47:34,2026-08-06 21:47:34
C02822,Emma Hall,emma.hall2822@example.com,0486726526,M,2025-05-23,Geelong,VIC,2026-02-01 10:30:35,2026-09-30 12:00:00
C02823,Lucas Moore,lucas.moore2823@example.com,0497011630,M,2025-11-12,Perth,WA,2025-12-26 02:34:34,2026-08-08 04:34:34
C02824,Thomas Walker,thomas.walker2824@example.com,0490996246,M,2025-09-26,Melbourne,VIC,2025-02-27 20:23:49,2025-03-21 20:23:49
C02825,Henry Scott,henry.scott2825@example.com,0495825795,F,2025-02-20,Sydney,NSW,2026-06-20 14:35:53,2026-09-30 12:00:00
C02826,Mia Smith,mia.smith2826@example.com,0430122658,F,2025-01-14,Sydney,NSW,2026-08-27 06:01:07,2026-09-30 12:00:00
C02827,Noah Young,noah.young2827@example.com,0463888440,Other,2026-09-08,Perth,WA,2025-02-06 15:17:10,2025-11-25 15:17:10
C02828,Isla Anderson,isla.anderson2828@example.com,0438295863,M,2026-07-29,Sydney,NSW,2025-06-15 07:54:12,2026-01-10 02:54:12
C02829,James Clark,james.clark2829@example.com,0412659250,M,2025-09-25,Sydney,NSW,2025-02-12 00:50:31,2026-01-05 06:50:31
C02830,Ava Clark,ava.clark2830@example.com,0458785465,M,2026-04-26,Perth,WA,2025-05-23 08:44:51,2026-03-12 22:44:51
C02831,Sophia Smith,sophia.smith2831@example.com,0450946544,F,2026-09-04,Gold Coast,QLD,2026-05-22 22:05:51,2026-09-30 12:00:00
C02832,Isla Walker,isla.walker2832@example.com,0437954684,F,2025-11-08,Adelaide,SA,2025-09-19 01:46:24,2026-06-23 16:46:24
C02833,Henry Moore,henry.moore2833@example.com,0497955076,F,2026-07-17,Parramatta,NSW,2025-09-18 10:46:04,2026-02-08 22:46:04
C02834,Ella Walker,ella.walker2834@example.com,0436615260,F,2026-07-30,Gold Coast,QLD,2026-06-11 06:42:47,2026-09-30 12:00:00
C02835,Mia Moore,mia.moore2835@example.com,0438968791,F,2026-02-06,Canberra,ACT,2026-03-16 20:10:54,2026-09-30 12:00:00
C02836,Sophia Young,sophia.young2836@example.com,0473453077,F,2026-06-22,Gold Coast,QLD,2025-09-04 04:01:55,2026-08-09 18:01:55
C02837,Chloe Smith,chloe.smith2837@example.com,0464829712,Other,2026-07-29,Canberra,ACT,2026-09-16 09:15:10,2026-09-30 12:00:00
C02838,William Harris,william.harris2838@example.com,0481883251,M,2025-12-31,Brisbane,QLD,2025-09-07 23:27:38,2026-08-27 09:27:38
C02839,James Martin,james.martin2839@example.com,0481405397,F,2026-02-15,Gold Coast,QLD,2025-03-03 11:46:02,2026-01-02 16:46:02
C02840,Charlie Thomas,charlie.thomas2840@example.com,0436326944,Other,2025-02-16,Melbourne,VIC,2025-02-22 14:12:17,2025-05-22 09:12:17
C02841,Charlie Hall,charlie.hall2841@example.com,0495219696,F,2025-01-05,Parramatta,NSW,2026-05-17 04:54:37,2026-09-30 12:00:00
C02842,Mia King,mia.king2842@example.com,0424755720,F,2025-02-09,Melbourne,VIC,2025-03-06 13:08:21,2025-12-18 00:08:21
C02843,Liam Smith,liam.smith2843@example.com,0451829207,M,2025-12-18,Brisbane,QLD,2025-12-18 00:42:11,2026-09-30 12:00:00
C02844,Mia Wilson,mia.wilson2844@example.com,0441211039,M,2026-05-19,Sydney,NSW,2026-04-21 19:16:49,2026-09-30 12:00:00
C02845,Amelia Thompson,amelia.thompson2845@example.com,0429090624,M,2025-12-28,Parramatta,NSW,2025-03-22 23:46:57,2025-05-13 02:46:57
C02846,Lucas Smith,lucas.smith2846@example.com,0429996714,Other,2026-03-21,Brisbane,QLD,2025-06-20 12:22:11,2026-02-10 20:22:11
C02847,Leo Thomas,leo.thomas2847@example.com,0439990206,Other,2025-07-17,Gold Coast,QLD,2025-04-24 22:03:33,2025-10-28 13:03:33
C02848,Ella Moore,ella.moore2848@example.com,0415499946,Other,2025-03-24,Gold Coast,QLD,2025-10-27 10:05:16,2026-09-15 23:05:16
C02849,Lucas White,lucas.white2849@example.com,0457980037,F,2025-08-14,Gold Coast,QLD,2025-04-07 02:30:42,2025-09-09 13:30:42
C02850,Charlie Brown,charlie.brown2850@example.com,0471153289,M,2025-09-11,Perth,WA,2025-05-19 15:11:34,2025-07-14 04:11:34
C02851,Charlie Harris,charlie.harris2851@example.com,0473837669,F,2026-03-10,Perth,WA,2025-04-08 04:54:05,2026-03-15 14:54:05
C02852,Ava Walker,ava.walker2852@example.com,0444566241,Other,2025-05-02,Brisbane,QLD,2025-04-14 05:48:27,2025-04-28 21:48:27
C02853,Thomas Hall,thomas.hall2853@example.com,0486640998,M,2025-03-27,Perth,WA,2025-06-13 00:37:39,2025-07-13 13:37:39
C02854,Amelia Walker,amelia.walker2854@example.com,0419899046,F,2026-05-21,Parramatta,NSW,2025-01-21 07:59:39,2025-11-23 17:59:39
C02855,Olivia Martin,olivia.martin2855@example.com,0482457828,M,2025-05-09,Gold Coast,QLD,2025-02-03 22:21:46,2025-12-16 16:21:46
C02856,Grace Hall,grace.hall2856@example.com,0481271728,Other,2026-06-28,Parramatta,NSW,2025-04-13 05:48:13,2025-09-03 12:48:13
C02857,Olivia Martin,olivia.martin2857@example.com,0417675148,M,2026-01-14,Canberra,ACT,2025-12-19 02:42:18,2026-09-30 12:00:00
C02858,Amelia White,amelia.white2858@example.com,0484219322,M,2025-09-01,Perth,WA,2025-11-01 11:02:54,2026-09-30 12:00:00
C02859,Emma White,emma.white2859@example.com,0460814392,F,2025-07-09,Brisbane,QLD,2025-05-16 15:23:49,2025-11-22 05:23:49
C02860,Amelia Scott,amelia.scott2860@example.com,0448283938,Other,2025-09-22,Geelong,VIC,2025-04-23 22:21:18,2026-02-19 22:21:18
C02861,William Wilson,william.wilson2861@example.com,0459997735,M,2025-03-28,Canberra,ACT,2025-07-27 20:19:15,2026-03-08 15:19:15
C02862,Olivia Thomas,olivia.thomas2862@example.com,0453042719,M,2026-02-22,Hobart,TAS,2026-05-11 15:07:43,2026-09-30 12:00:00
C02863,Liam Wright,liam.wright2863@example.com,0418620974,F,2025-08-07,Geelong,VIC,2026-04-24 19:08:24,2026-09-30 12:00:00
C02864,Ava Young,ava.young2864@example.com,0417190740,Other,2026-05-31,Geelong,VIC,2026-03-14 04:43:39,2026-04-26 03:43:39
C02865,Chloe White,chloe.white2865@example.com,0463293861,Other,2025-03-19,Hobart,TAS,2025-06-09 05:06:37,2026-03-17 12:06:37
C02866,Jack Hall,jack.hall2866@example.com,0458182132,M,2026-08-02,Parramatta,NSW,2026-04-17 13:49:30,2026-06-14 13:49:30
C02867,Thomas Hall,thomas.hall2867@example.com,0493047275,Other,2025-03-24,Adelaide,SA,2025-01-02 14:41:18,2025-06-29 09:41:18
C02868,Isla Jackson,isla.jackson2868@example.com,0410788985,M,2026-01-22,Melbourne,VIC,2025-09-18 08:20:03,2025-09-23 13:20:03
C02869,Thomas White,thomas.white2869@example.com,0451564356,Other,2025-12-21,Canberra,ACT,2026-05-22 17:39:02,2026-09-09 16:39:02
C02870,Olivia Thomas,olivia.thomas2870@example.com,0416339223,M,2025-02-18,Hobart,TAS,2025-11-20 16:25:28,2026-09-30 12:00:00
C02871,Henry Smith,henry.smith2871@example.com,0456705847,F,2025-03-12,Hobart,TAS,2025-07-30 08:26:43,2026-07-18 22:26:43
C02872,Ella Anderson,ella.anderson2872@example.com,0442693683,Other,2025-05-16,Parramatta,NSW,2026-03-11 17:32:06,2026-04-02 19:32:06
C02873,Charlie Thomas,charlie.thomas2873@example.com,0460371504,M,2025-04-13,Geelong,VIC,2025-02-19 10:06:15,2025-06-24 18:06:15
C02874,Ella Martin,ella.martin2874@example.com,0483404334,M,2026-01-06,Sydney,NSW,2025-06-02 00:06:15,2026-03-03 21:06:15
C02875,Mia Thomas,mia.thomas2875@example.com,0461906771,Other,2025-05-05,Melbourne,VIC,2026-07-18 23:12:43,2026-09-30 12:00:00
C02876,Grace White,grace.white2876@example.com,0421536510,Other,2026-05-06,Perth,WA,2025-01-10 07:34:36,2025-12-23 04:34:36
C02877,Mia Clark,mia.clark2877@example.com,0451105057,Other,2026-05-13,Hobart,TAS,2025-01-13 14:47:32,2025-11-13 12:47:32
C02878,Grace Allen,grace.allen2878@example.com,0444491159,Other,2025-04-13,Sydney,NSW,2025-02-17 01:01:22,2025-04-24 03:01:22
C02879,Olivia Allen,olivia.allen2879@example.com,0459014146,M,2026-06-30,Melbourne,VIC,2026-04-13 03:27:15,2026-08-28 20:27:15
C02880,Amelia Thompson,amelia.thompson2880@example.com,0420861834,M,2026-08-22,Geelong,VIC,2025-07-04 06:29:00,2026-03-31 17:29:00
C02881,Noah Scott,noah.scott2881@example.com,0491269897,F,2025-05-26,Brisbane,QLD,2025-11-08 11:16:59,2026-05-14 00:16:59
C02882,Amelia Clark,amelia.clark2882@example.com,0470870360,F,2026-05-26,Gold Coast,QLD,2025-12-13 12:52:07,2026-09-30 12:00:00
C02883,Noah White,noah.white2883@example.com,0477246547,Other,2026-03-02,Adelaide,SA,2026-04-02 23:43:51,2026-06-01 21:43:51
C02884,Liam Walker,liam.walker2884@example.com,0463918617,F,2026-03-28,Parramatta,NSW,2026-08-22 11:25:06,2026-09-30 12:00:00
C02885,Ella White,ella.white2885@example.com,0436252609,Other,2026-06-22,Melbourne,VIC,2026-01-17 11:31:13,2026-09-08 14:31:13
C02886,Chloe Martin,chloe.martin2886@example.com,0448747284,Other,2026-01-25,Melbourne,VIC,2025-06-19 23:08:13,2026-06-06 19:08:13
C02887,Noah Martin,noah.martin2887@example.com,0439314809,M,2025-10-31,Brisbane,QLD,2026-02-05 12:11:31,2026-09-10 18:11:31
C02888,Emma Wilson,emma.wilson2888@example.com,0423725923,F,2025-07-10,Adelaide,SA,2026-03-03 03:43:19,2026-05-31 23:43:19
C02889,Sophia Young,sophia.young2889@example.com,0437811113,F,2025-09-26,Parramatta,NSW,2025-04-26 19:25:34,2026-05-09 08:25:34
C02890,Chloe Smith,chloe.smith2890@example.com,0489611948,Other,2026-05-10,Brisbane,QLD,2026-02-02 10:24:34,2026-09-30 12:00:00
C02891,James Jackson,james.jackson2891@example.com,0447353323,Other,2025-08-14,Perth,WA,2026-07-19 17:49:14,2026-07-20 17:49:14
C02892,Chloe Scott,chloe.scott2892@example.com,0487397073,M,2025-05-29,Parramatta,NSW,2026-02-16 23:14:44,2026-03-29 10:14:44
C02893,Amelia Taylor,amelia.taylor2893@example.com,0447602378,M,2025-02-14,Sydney,NSW,2026-05-10 01:24:21,2026-09-30 12:00:00
C02894,Henry Brown,henry.brown2894@example.com,0432862496,M,2026-06-10,Perth,WA,2025-05-29 18:06:05,2026-03-04 08:06:05
C02895,Ava Harris,ava.harris2895@example.com,0425329370,F,2026-08-21,Adelaide,SA,2025-05-08 16:12:01,2025-06-22 09:12:01
C02896,Leo Brown,leo.brown2896@example.com,0479879085,Other,2025-09-16,Adelaide,SA,2025-12-09 21:28:33,2026-09-30 12:00:00
C02897,Lucas Allen,lucas.allen2897@example.com,0452375735,M,2025-05-19,Brisbane,QLD,2026-08-19 19:28:39,2026-09-30 12:00:00
C02898,Emma Allen,emma.allen2898@example.com,0466037099,F,2026-06-14,Geelong,VIC,2025-04-24 08:34:54,2025-11-19 18:34:54
C02899,Emma King,emma.king2899@example.com,0420330669,F,2025-08-05,Hobart,TAS,2026-07-02 21:06:57,2026-07-07 10:06:57
C02900,Jack Walker,jack.walker2900@example.com,0490044457,F,2026-01-11,Parramatta,NSW,2025-04-07 13:12:53,2025-05-25 18:12:53
C02901,Isla Hall,isla.hall2901@example.com,0465099159,M,2026-05-15,Sydney,NSW,2026-03-01 03:26:38,2026-08-04 22:26:38
C02902,Ella Young,ella.young2902@example.com,0489185430,Other,2026-08-18,Geelong,VIC,2025-04-01 18:53:57,2025-07-19 10:53:57
C02903,Lucas Brown,lucas.brown2903@example.com,0496302259,M,2026-05-27,Perth,WA,2026-06-28 05:44:03,2026-08-25 11:44:03
C02904,,noah.walker2904@example.com,0425424203,F,2025-08-16,Adelaide,SA,2025-12-23 06:50:43,2026-09-30 12:00:00
C02905,William Walker,william.walker2905@example.com,0445938256,Other,2025-02-07,Geelong,VIC,2025-09-05 02:30:39,2026-06-01 12:30:39
C02906,Olivia Martin,olivia.martin2906@example.com,0457950242,Other,2025-10-30,Hobart,TAS,2025-02-27 07:30:43,2025-05-22 02:30:43
C02907,Isla Young,isla.young2907@example.com,0490222197,Other,2026-07-16,Gold Coast,QLD,2026-05-31 07:21:44,2026-09-30 12:00:00
C02908,Emma Anderson,emma.anderson2908@example.com,0429528669,F,2025-12-17,Adelaide,SA,2025-10-13 23:13:38,2026-09-02 03:13:38
C02909,Emma Hall,emma.hall2909@example.com,0484846712,M,2025-09-18,Brisbane,QLD,2025-03-13 19:44:47,2025-06-16 05:44:47
C02910,Chloe Walker,chloe.walker2910@example.com,0415009362,M,2026-07-10,Sydney,NSW,2025-04-19 22:11:45,2025-07-25 10:11:45
C02911,Leo White,leo.white2911@example.com,0484471877,F,2025-11-22,Hobart,TAS,2026-09-05 08:22:16,2026-09-30 12:00:00
C02912,Mia Taylor,mia.taylor2912@example.com,0411164601,F,2026-09-05,Gold Coast,QLD,2026-02-03 06:49:03,2026-09-30 12:00:00
C02913,Leo Young,leo.young2913@example.com,0498798695,F,2026-01-07,Gold Coast,QLD,2026-09-29 01:41:37,2026-09-30 12:00:00
C02914,Lucas King,lucas.king2914@example.com,0485484499,Other,2026-09-18,Adelaide,SA,2025-05-19 20:17:58,2026-05-27 21:17:58
C02915,Amelia Thomas,amelia.thomas2915@example.com,0497355671,M,2026-03-05,Geelong,VIC,2026-04-17 15:40:49,2026-07-23 01:40:49
C02916,Leo Young,leo.young2916@example.com,0467551532,F,2025-01-30,Geelong,VIC,2025-03-10 06:13:39,2025-11-05 12:13:39
C02917,Chloe Anderson,chloe.anderson2917@example.com,0434194047,F,2025-05-16,Geelong,VIC,2026-05-06 21:14:45,2026-09-30 12:00:00
C02918,Ava Thomas,ava.thomas2918@example.com,0418231695,F,2025-09-09,Brisbane,QLD,2025-04-07 22:39:33,2026-04-12 05:39:33
C02919,Ava White,ava.white2919@example.com,0423405403,Other,2025-11-14,Perth,WA,2025-11-17 09:57:00,2026-01-05 02:57:00
C02920,Sophia Harris,sophia.harris2920@example.com,0499845623,Other,2025-02-01,Sydney,NSW,2025-10-31 17:55:54,2026-03-18 21:55:54
C02921,Ava Harris,ava.harris2921@example.com,0465210830,F,2025-04-04,Parramatta,NSW,2026-01-12 00:44:38,2026-06-18 14:44:38
C02922,Emma Young,emma.young2922@example.com,0487303792,F,2025-04-16,Perth,WA,2025-03-08 10:26:17,2025-03-13 05:26:17
C02923,Sophia Allen,sophia.allen2923@example.com,0435839651,F,2025-02-09,Gold Coast,QLD,2025-07-17 19:34:39,2026-07-13 21:34:39
C02924,Jack Martin,jack.martin2924@example.com,0417489690,Other,2025-07-03,Sydney,NSW,2025-11-04 10:05:43,2026-09-25 05:05:43
C02925,Leo Wilson,leo.wilson2925@example.com,0492745618,F,2025-07-05,Geelong,VIC,2025-01-28 20:12:20,2025-08-13 06:12:20
C02926,Lucas Wright,lucas.wright2926@example.com,0461218112,F,2026-08-21,Sydney,NSW,2025-02-06 20:11:15,2025-10-10 08:11:15
C02927,Grace Scott,grace.scott2927@example.com,0461502478,M,2026-08-06,Sydney,NSW,2025-06-21 18:22:14,2025-10-18 11:22:14
C02928,Henry Wilson,henry.wilson2928@example.com,0440936556,F,2025-05-10,Geelong,VIC,2026-07-09 06:38:43,2026-07-18 01:38:43
C02929,Henry Anderson,henry.anderson2929@example.com,0435208863,F,2026-02-24,Brisbane,QLD,2025-01-03 12:27:43,2025-04-04 04:27:43
C02930,William Jackson,william.jackson2930@example.com,0438009488,F,2026-01-15,Brisbane,QLD,2026-06-14 17:38:14,2026-09-30 12:00:00
C02931,Emma Young,emma.young2931@example.com,0468338774,F,2025-10-22,Perth,WA,2026-03-23 19:16:46,2026-04-12 11:16:46
C02932,Ava Martin,ava.martin2932@example.com,0454260904,F,2025-01-22,Parramatta,NSW,2026-07-30 05:24:39,2026-09-30 12:00:00
C02933,Charlie Harris,charlie.harris2933@example.com,0485087085,Other,2026-06-20,Parramatta,NSW,2025-12-15 00:36:55,2026-06-10 05:36:55
C02934,Amelia Moore,amelia.moore2934@example.com,0486412598,F,2026-09-12,Hobart,TAS,2025-10-06 15:53:40,2025-10-10 22:53:40
C02935,Grace Martin,grace.martin2935@example.com,0454041845,M,2025-09-22,Gold Coast,QLD,2025-08-03 10:38:06,2026-03-31 22:38:06
C02936,Charlie Taylor,charlie.taylor2936@example.com,0489014370,F,2025-10-08,Canberra,ACT,2026-06-20 06:00:02,2026-09-30 12:00:00
C02937,Liam King,liam.king2937@example.com,0491942689,Other,2026-02-16,Canberra,ACT,2026-04-12 06:59:17,2026-09-05 05:59:17
C02938,Leo Young,leo.young2938@example.com,0444656910,F,2025-01-17,Perth,WA,2026-03-17 14:37:34,2026-09-30 12:00:00
C02939,Grace Taylor,grace.taylor2939@example.com,0493379472,F,2025-03-26,Adelaide,SA,2025-01-23 13:37:03,2025-03-07 21:37:03
C02940,Noah Smith,noah.smith2940@example.com,0455194108,F,2026-05-07,Parramatta,NSW,2026-06-21 08:50:45,2026-09-30 12:00:00
C02941,Isla Walker,isla.walker2941@example.com,0477804539,F,2025-01-21,Perth,WA,2025-11-30 00:41:21,2026-01-08 17:41:21
C02942,Emma Clark,emma.clark2942@example.com,0434253410,M,2025-10-18,Adelaide,SA,2025-10-27 08:36:56,2026-09-30 12:00:00
C02943,William Moore,william.moore2943@example.com,0453514076,M,2025-12-10,Hobart,TAS,2026-03-22 18:33:20,2026-04-01 02:33:20
C02944,Grace Walker,grace.walker2944@example.com,0445472873,M,2026-07-29,Hobart,TAS,2025-08-23 15:21:19,2025-09-15 19:21:19
C02945,Grace Wilson,grace.wilson2945@example.com,0426692878,F,2025-02-04,Adelaide,SA,2026-07-04 18:10:57,2026-09-30 12:00:00
C02946,Liam Thompson,liam.thompson2946@example.com,0467422715,Other,2025-06-26,Melbourne,VIC,2025-09-04 17:20:55,2026-09-01 08:20:55
C02947,Leo Martin,leo.martin2947@example.com,0479431072,Other,2025-10-22,Canberra,ACT,2025-03-15 20:26:48,2026-04-07 03:26:48
C02948,Lucas White,lucas.white2948@example.com,0478739465,F,2025-08-15,Perth,WA,2026-07-27 01:42:24,2026-09-30 12:00:00
C02949,James Wilson,james.wilson2949@example.com,0490675884,F,2025-03-28,Melbourne,VIC,2025-03-23 04:28:35,2026-01-12 16:28:35
C02950,Amelia Jackson,amelia.jackson2950@example.com,0475729850,F,2025-12-25,Melbourne,VIC,2025-10-29 20:58:32,2026-05-06 00:58:32
C02951,Thomas Clark,thomas.clark2951@example.com,0416926372,M,2026-03-09,Adelaide,SA,2025-02-19 06:24:20,2025-09-19 10:24:20
C02952,William Harris,william.harris2952@example.com,0478272536,Other,2026-01-22,Brisbane,QLD,2025-10-16 06:40:38,2026-02-25 18:40:38
C02953,Mia White,mia.white2953@example.com,0459765757,F,2026-03-08,Geelong,VIC,2026-07-05 02:43:09,2026-09-30 12:00:00
C02954,Noah Allen,noah.allen2954@example.com,0447572968,F,2026-04-18,Melbourne,VIC,2026-04-05 07:53:07,2026-09-30 12:00:00
C02955,Charlie Walker,charlie.walker2955@example.com,0482233668,F,2025-02-12,Sydney,NSW,2026-02-28 04:24:15,2026-09-16 18:24:15
C02956,Thomas Scott,thomas.scott2956@example.com,0460242229,Other,2025-10-07,Canberra,ACT,2026-09-12 15:52:31,2026-09-30 12:00:00
C02957,Sophia White,sophia.white2957@example.com,0435536025,F,2026-04-16,Brisbane,QLD,2026-05-30 22:21:08,2026-09-30 12:00:00
C02958,Henry Smith,henry.smith2958@example.com,0447767869,M,2025-09-29,Parramatta,NSW,2026-05-03 12:29:26,2026-09-30 12:00:00
C02959,Liam Smith,liam.smith2959@example.com,0469747311,F,2025-07-24,Adelaide,SA,2026-03-08 14:22:05,2026-08-13 09:22:05
C02960,Sophia Wilson,sophia.wilson2960@example.com,0417971858,Other,2026-08-26,Geelong,VIC,2025-11-21 15:49:13,2026-09-30 12:00:00
C02961,Olivia Brown,olivia.brown2961@example.com,0463476100,F,2026-06-03,Melbourne,VIC,2026-08-08 08:47:02,2026-09-30 12:00:00
C02962,Liam White,liam.white2962@example.com,0498211256,F,2026-01-10,Brisbane,QLD,2025-09-27 10:15:33,2026-03-17 06:15:33
C02963,Mia Thompson,mia.thompson2963@example.com,0494731359,Other,2025-01-14,Sydney,NSW,2025-07-25 21:08:26,2026-03-02 22:08:26
C02964,Olivia Harris,olivia.harris2964@example.com,0442952444,F,2026-08-22,Adelaide,SA,2025-01-30 18:47:05,2025-03-06 19:47:05
C02965,Isla Walker,isla.walker2965@example.com,0486194951,Other,2026-02-13,Geelong,VIC,2025-03-22 19:44:48,2026-01-23 11:44:48
C02966,Jack Wilson,jack.wilson2966@example.com,0438861700,Other,2026-04-04,Geelong,VIC,2026-07-15 03:43:56,2026-09-30 12:00:00
C02967,Henry Clark,henry.clark2967@example.com,0467049274,M,2026-06-07,Perth,WA,2025-03-20 09:46:19,2025-11-15 23:46:19
C02968,Grace Young,grace.young2968@example.com,0465245190,F,2026-01-28,Adelaide,SA,2025-01-01 08:46:29,2026-01-12 02:46:29
C02969,Ella Anderson,ella.anderson2969@example.com,0464239540,F,2026-09-07,Hobart,TAS,2025-01-17 23:23:45,2025-03-27 10:23:45
C02970,Lucas Moore,lucas.moore2970@example.com,0432021272,Other,2025-08-27,Melbourne,VIC,2026-06-24 20:39:04,2026-09-30 12:00:00
C02971,Mia Smith,mia.smith2971@example.com,0412328554,F,2025-10-12,Sydney,NSW,2026-08-12 22:11:31,2026-09-30 12:00:00
C02972,Chloe White,chloe.white2972@example.com,0444007664,M,2025-12-30,Hobart,TAS,2026-07-02 13:11:58,2026-09-19 15:11:58
C02973,Noah Jackson,noah.jackson2973@example.com,0451275753,F,2025-09-07,Geelong,VIC,2026-06-29 12:24:02,2026-09-30 12:00:00
C02974,William King,william.king2974@example.com,0455578219,M,2025-09-25,Hobart,TAS,2025-04-03 08:29:46,2026-04-18 00:29:46
C02975,Charlie Martin,charlie.martin2975@example.com,0447852887,M,2025-01-18,Brisbane,QLD,2025-05-12 00:12:20,2026-03-18 08:12:20
C02976,Ava White,ava.white2976@example.com,0482111233,Other,2026-02-21,Canberra,ACT,2026-05-08 20:14:53,2026-09-30 12:00:00
C02977,Grace Martin,grace.martin2977@example.com,0459186621,M,2026-06-02,Adelaide,SA,2026-05-06 09:06:13,2026-06-21 15:06:13
C02978,William Smith,william.smith2978@example.com,0452718779,Other,2025-03-22,Sydney,NSW,2025-12-30 16:23:12,2026-05-16 05:23:12
C02979,Isla Jackson,isla.jackson2979@example.com,0425962162,F,2026-07-18,Hobart,TAS,2026-06-24 17:23:40,2026-09-18 15:23:40
C02980,Amelia Thompson,amelia.thompson2980@example.com,0450746966,Other,2025-03-19,Gold Coast,QLD,2026-09-30 19:03:51,2026-09-30 12:00:00
C02981,Ava King,ava.king2981@example.com,0471836193,F,2026-09-28,Perth,WA,2025-12-05 11:51:33,2026-01-30 23:51:33
C02982,Ava Jackson,ava.jackson2982@example.com,0486764444,M,2026-07-15,Canberra,ACT,2025-07-30 03:37:14,2026-01-05 20:37:14
C02983,Olivia Brown,olivia.brown2983@example.com,0444777922,M,2026-09-14,Parramatta,NSW,2026-06-30 02:52:16,2026-09-30 12:00:00
C02984,Ava Martin,ava.martin2984@example.com,0472184453,Other,2025-09-05,Sydney,NSW,2025-04-16 22:38:56,2025-10-23 16:38:56
C02985,Olivia Wright,olivia.wright2985@example.com,0435929785,F,2025-04-03,Geelong,VIC,2025-06-27 02:32:20,2025-09-14 17:32:20
C02986,Noah Martin,noah.martin2986@example.com,0457829623,F,2025-07-20,Perth,WA,2025-04-01 06:15:05,2025-09-19 02:15:05
C02987,Olivia Wilson,olivia.wilson2987@example.com,0411377441,F,2026-03-28,Gold Coast,QLD,2025-08-17 01:12:03,2026-01-21 10:12:03
C02988,Ella Wilson,ella.wilson2988@example.com,0492397790,Other,2025-11-07,Geelong,VIC,2025-02-18 19:56:47,2025-09-15 06:56:47
C02989,Jack Thompson,jack.thompson2989@example.com,0450993688,F,2025-11-07,Adelaide,SA,2026-02-21 23:53:45,2026-09-30 12:00:00
C02990,Emma King,emma.king2990@example.com,0490255641,F,2025-12-16,Sydney,NSW,2026-09-04 18:06:09,2026-09-30 12:00:00
C02991,Liam Brown,liam.brown2991@example.com,0423821579,M,2026-03-06,Perth,WA,2025-11-11 21:05:59,2026-09-24 20:05:59
C02992,Emma Clark,emma.clark2992@example.com,0480657083,Other,2025-05-16,Perth,WA,2026-09-23 02:01:03,2026-09-30 12:00:00
C02993,Ava Harris,ava.harris2993@example.com,0426904163,M,2025-03-27,Sydney,NSW,2025-05-07 12:34:09,2025-12-07 04:34:09
C02994,Chloe Moore,chloe.moore2994@example.com,0461198497,M,2025-02-01,Perth,WA,2025-06-24 20:50:24,2026-05-07 14:50:24
C02995,Thomas Jackson,thomas.jackson2995@example.com,0410521062,M,2025-12-20,Brisbane,QLD,2026-05-24 18:51:59,2026-09-30 12:00:00
C02996,Lucas White,lucas.white2996@example.com,0494194414,F,2025-02-20,Sydney,NSW,2025-12-27 15:08:48,2026-03-05 08:08:48
C02997,William Thomas,william.thomas2997@example.com,0485008484,F,2026-09-23,Sydney,NSW,2025-02-01 01:41:42,2025-09-26 09:41:42
C02998,Chloe Anderson,chloe.anderson2998@example.com,0456928981,M,2025-10-30,Brisbane,QLD,2025-07-15 17:29:07,2025-09-28 12:29:07
C02999,Jack Thomas,jack.thomas2999@example.com,0429786357,Other,2026-06-13,Melbourne,VIC,2025-12-06 21:32:56,2026-09-30 12:00:00
C03000,Leo Smith,leo.smith3000@example.com,0445184829,M,2026-03-05,Perth,WA,2025-02-14 09:35:01,2025-05-13 14:35:01
C03001,Isla Martin,isla.martin3001@example.com,0455777021,M,2026-08-17,Adelaide,SA,2025-09-27 14:51:25,2026-09-17 09:51:25
C03002,James Harris,james.harris3002@example.com,0462632484,Other,2025-09-23,Geelong,VIC,2026-05-30 23:37:32,2026-09-30 12:00:00
C03003,William Brown,william.brown3003@example.com,0428057280,M,2026-06-12,Geelong,VIC,2026-02-03 10:40:53,2026-08-03 23:40:53
C03004,Ella Allen,ella.allen3004@example.com,0467118764,Other,2026-09-21,Canberra,ACT,2026-06-05 16:28:46,2026-09-30 12:00:00
C03005,Amelia White,amelia.white3005@example.com,0427176774,M,2026-08-29,Geelong,VIC,2025-07-30 12:42:03,2026-03-01 08:42:03
C03006,James Wilson,james.wilson3006@example.com,0489070577,F,2026-04-03,Geelong,VIC,2025-07-18 17:24:00,2025-12-09 08:24:00
C03007,Noah Wright,noah.wright3007@example.com,0426274328,Other,2025-09-20,Hobart,TAS,2025-01-16 06:32:01,2025-05-02 16:32:01
C03008,Thomas Wright,thomas.wright3008@example.com,0451344390,M,2026-08-27,Gold Coast,QLD,2025-09-09 17:10:45,2026-06-28 02:10:45
C03009,Emma Harris,emma.harris3009@example.com,0469122877,M,2026-07-29,Adelaide,SA,2026-07-31 23:03:23,2026-09-30 12:00:00
C03010,Mia Wright,mia.wright3010@example.com,0417555847,Other,2025-12-06,Gold Coast,QLD,2025-04-06 23:26:30,2025-07-26 19:26:30
C03011,Mia Anderson,mia.anderson3011@example.com,0479399674,F,2026-06-26,Perth,WA,2026-05-21 00:51:35,2026-09-28 16:51:35
C03012,Grace Thompson,grace.thompson3012@example.com,0498909550,Other,2025-07-10,Perth,WA,2025-06-02 18:57:10,2025-12-08 15:57:10
C03013,Ava Young,ava.young3013@example.com,0439304265,M,2025-09-09,Sydney,NSW,2026-07-04 00:48:48,2026-08-29 16:48:48
C03014,Isla Jackson,isla.jackson3014@example.com,0450000379,Other,2026-03-09,Melbourne,VIC,2026-03-24 16:32:21,2026-09-30 12:00:00
C03015,Chloe Walker,chloe.walker3015@example.com,0484043097,M,2026-05-07,Adelaide,SA,2026-05-30 00:39:25,2026-09-30 12:00:00
C03016,Henry Harris,henry.harris3016@example.com,0441011141,F,2025-07-25,Hobart,TAS,2025-11-30 18:30:21,2026-02-13 20:30:21
C03017,Noah Allen,noah.allen3017@example.com,0494356947,M,2026-05-31,Gold Coast,QLD,2025-12-19 21:50:45,2026-06-06 16:50:45
C03018,Amelia Allen,amelia.allen3018@example.com,0418639596,Other,2025-10-26,Brisbane,QLD,2026-07-05 22:29:17,2026-08-19 19:29:17
C03019,Thomas Clark,thomas.clark3019@example.com,0497498378,M,2026-09-24,Sydney,NSW,2026-03-15 14:20:48,2026-05-16 13:20:48
C03020,Amelia Allen,amelia.allen3020@example.com,0457726845,F,2025-03-15,Perth,WA,2025-09-21 10:14:17,2026-07-31 23:14:17
C03021,Isla Walker,isla.walker3021@example.com,0467279821,M,2025-01-09,Brisbane,QLD,2025-04-25 19:25:28,2026-01-22 14:25:28
C03022,Olivia Wright,olivia.wright3022@example.com,0424798481,F,2025-07-16,Parramatta,NSW,2025-12-26 23:32:52,2026-03-31 00:32:52
C03023,Olivia Wilson,olivia.wilson3023@example.com,0447685903,M,2025-05-10,Gold Coast,QLD,2026-08-13 15:41:40,2026-09-30 12:00:00
C03024,Thomas Harris,thomas.harris3024@example.com,0474370467,F,2026-02-25,Canberra,ACT,2025-08-09 09:49:42,2026-06-12 14:49:42
C03025,Ella Brown,ella.brown3025@example.com,0421114927,Other,2026-06-03,Hobart,TAS,2026-06-17 08:27:41,2026-09-30 12:00:00
C03026,Olivia Harris,olivia.harris3026@example.com,0419662262,F,2025-08-13,Melbourne,VIC,2025-07-28 06:58:19,2026-05-07 06:58:19
C03027,Charlie White,charlie.white3027@example.com,0456428671,F,2025-09-25,Gold Coast,QLD,2026-06-24 12:25:47,2026-09-30 12:00:00
C03028,Henry Walker,henry.walker3028@example.com,0492551184,F,2026-05-12,Melbourne,VIC,2025-12-20 07:37:09,2026-07-09 08:37:09
C03029,Henry Clark,henry.clark3029@example.com,0437677056,F,2025-11-03,Sydney,NSW,2026-05-23 04:03:40,2026-09-30 12:00:00
C03030,Amelia Wright,amelia.wright3030@example.com,0456845230,F,2026-04-01,Geelong,VIC,2025-04-20 19:44:09,2026-04-19 11:44:09
C03031,Liam Young,liam.young3031@example.com,0497108374,Other,2025-08-11,Gold Coast,QLD,2025-02-13 05:05:56,2025-08-14 15:05:56
C03032,Ella White,ella.white3032@example.com,0428624017,M,2025-06-12,Melbourne,VIC,2026-05-25 14:21:55,2026-09-30 12:00:00
C03033,Leo Thomas,leo.thomas3033@example.com,0496080235,Other,2025-10-01,Perth,WA,2025-09-24 06:38:23,2026-04-15 21:38:23
C03034,Sophia Clark,sophia.clark3034@example.com,0456089546,M,2026-07-31,Melbourne,VIC,2026-04-02 17:39:49,2026-04-14 08:39:49
C03035,Lucas Taylor,lucas.taylor3035@example.com,0419196824,M,2026-08-10,Hobart,TAS,2026-06-01 02:29:30,2026-09-30 12:00:00
C03036,Henry Martin,henry.martin3036@example.com,0423463414,F,2025-10-10,Geelong,VIC,2025-11-11 19:49:10,2026-05-04 01:49:10
C03037,Amelia King,,0455143341,Other,2026-08-08,Sydney,NSW,2026-06-17 21:48:15,2026-09-30 12:00:00
C03038,Chloe Harris,chloe.harris3038@example.com,0488161548,M,2026-05-08,Adelaide,SA,2026-04-01 13:22:24,2026-09-30 12:00:00
C03039,James Moore,james.moore3039@example.com,0438218853,Other,2025-11-10,Gold Coast,QLD,2025-11-07 23:39:16,2026-09-30 12:00:00
C03040,Mia Walker,mia.walker3040@example.com,0485655486,M,2025-05-25,Canberra,ACT,2026-04-28 21:31:06,2026-09-30 12:00:00
C03041,James Wright,james.wright3041@example.com,0450058376,M,2025-12-21,Brisbane,QLD,2026-09-20 01:31:25,2026-09-30 12:00:00
C03042,William Moore,william.moore3042@example.com,0424735742,M,2025-12-08,Hobart,TAS,2026-04-20 14:07:03,2026-09-30 12:00:00
C03043,Henry Hall,henry.hall3043@example.com,0419631001,Other,2025-09-26,Adelaide,SA,2025-08-23 09:39:16,2025-12-25 06:39:16
C03044,Ella Allen,,0463860348,F,2025-04-17,Sydney,NSW,2025-06-27 11:23:29,2026-03-10 21:23:29
C03045,Mia Thompson,mia.thompson3045@example.com,0497067214,F,2026-04-24,Brisbane,QLD,2026-05-15 09:06:25,2026-09-30 12:00:00
C03046,William Scott,william.scott3046@example.com,0460047011,F,2026-07-20,Gold Coast,QLD,2025-06-05 07:55:09,2026-03-06 18:55:09
C03047,James Wright,james.wright3047@example.com,0477321614,M,2026-02-23,Gold Coast,QLD,2026-05-13 23:38:19,2026-09-30 12:00:00
C03048,Leo Brown,leo.brown3048@example.com,0465102366,M,2025-09-02,Sydney,NSW,2026-06-28 08:40:40,2026-08-27 14:40:40
C03049,William Martin,william.martin3049@example.com,0463747109,Other,2026-04-01,Adelaide,SA,2025-01-02 09:01:29,2025-02-23 17:01:29
C03050,Emma Harris,emma.harris3050@example.com,0449036715,M,2026-07-24,Adelaide,SA,2026-08-28 15:46:51,2026-09-30 12:00:00
C03051,Isla Thompson,isla.thompson3051@example.com,0448037456,F,2026-02-17,Hobart,TAS,2025-12-15 01:33:45,2026-04-04 16:33:45
C03052,Olivia Taylor,olivia.taylor3052@example.com,0412589729,M,2026-04-17,Adelaide,SA,2025-01-27 06:38:52,2025-08-13 09:38:52
C03053,Isla Scott,isla.scott3053@example.com,0471741754,Other,2025-10-04,Melbourne,VIC,2025-02-10 03:28:47,2025-02-28 15:28:47
C03054,Lucas Brown,lucas.brown3054@example.com,0451956607,F,2025-04-11,Adelaide,SA,2026-07-11 13:44:38,2026-09-30 12:00:00
C03055,Leo Anderson,leo.anderson3055@example.com,0483776431,Other,2026-03-11,Geelong,VIC,2026-01-09 18:51:49,2026-05-11 15:51:49
C03056,Charlie Clark,charlie.clark3056@example.com,0459394059,Other,2025-12-31,Parramatta,NSW,2025-12-28 06:50:27,2026-09-03 13:50:27
C03057,Thomas Scott,thomas.scott3057@example.com,0481669376,Other,2025-08-08,Perth,WA,2025-02-16 15:03:29,2025-04-22 19:03:29
C03058,Henry Wilson,henry.wilson3058@example.com,0492153565,M,2025-03-18,Parramatta,NSW,2025-08-25 11:52:06,2026-09-14 17:52:06
C03059,Henry Jackson,henry.jackson3059@example.com,0476102083,Other,2025-11-14,Melbourne,VIC,2026-09-11 14:58:54,2026-09-30 12:00:00
C03060,Amelia White,amelia.white3060@example.com,0486205634,F,2026-03-29,Perth,WA,2026-02-19 21:59:14,2026-07-30 12:59:14
C03061,Noah Harris,noah.harris3061@example.com,0499146488,M,2026-04-13,Canberra,ACT,2025-01-23 06:45:49,2025-12-30 06:45:49
C03062,Mia Moore,mia.moore3062@example.com,0478943105,M,2025-12-17,Perth,WA,2026-01-09 17:52:09,2026-07-27 17:52:09
C03063,Ava Walker,ava.walker3063@example.com,0428990527,Other,2026-06-20,Parramatta,NSW,2026-04-28 18:16:45,2026-09-30 12:00:00
C03064,Leo Walker,leo.walker3064@example.com,0436323326,M,2025-03-19,Hobart,TAS,2025-04-17 02:51:08,2026-03-27 06:51:08
C03065,Henry Thomas,henry.thomas3065@example.com,0475663590,Other,2026-07-14,Gold Coast,QLD,2025-06-12 12:05:59,2025-08-07 06:05:59
C03066,Lucas Anderson,lucas.anderson3066@example.com,0470599967,F,2025-10-07,Gold Coast,QLD,2026-09-26 09:25:48,2026-09-30 12:00:00
C03067,Leo Moore,leo.moore3067@example.com,0448441326,M,2025-04-23,Parramatta,NSW,2025-07-05 11:43:52,2025-12-14 19:43:52
C03068,Thomas Taylor,thomas.taylor3068@example.com,0478613363,M,2025-12-13,Canberra,ACT,2025-12-17 02:13:24,2026-08-04 08:13:24
C03069,Liam Brown,liam.brown3069@example.com,0489606147,M,2026-04-01,Parramatta,NSW,2026-07-20 20:41:34,2026-09-10 18:41:34
C03070,Grace Young,grace.young3070@example.com,0420773816,F,2026-01-27,Brisbane,QLD,2025-04-13 17:49:57,2025-09-04 08:49:57
C03071,Liam Thomas,liam.thomas3071@example.com,0442606058,F,2025-10-01,Melbourne,VIC,2025-03-18 08:42:33,2025-07-20 14:42:33
C03072,Olivia Taylor,olivia.taylor3072@example.com,0411532487,M,2025-01-02,Geelong,VIC,2025-07-09 14:10:34,2025-10-24 02:10:34
C03073,Thomas Allen,thomas.allen3073@example.com,0486908094,M,2026-03-08,Perth,WA,2025-10-26 14:58:30,2025-11-19 13:58:30
C03074,Chloe Walker,chloe.walker3074@example.com,0491027259,F,2025-01-03,Geelong,VIC,2026-07-11 07:49:29,2026-09-30 12:00:00
C03075,Chloe Walker,chloe.walker3075@example.com,0429767823,M,2025-10-16,Adelaide,SA,2025-03-09 20:26:11,2025-04-27 11:26:11
C03076,Ella Young,ella.young3076@example.com,0477243601,F,2026-08-12,Canberra,ACT,2026-02-09 17:03:42,2026-07-12 20:03:42
C03077,Mia Brown,mia.brown3077@example.com,0463768384,F,2026-09-22,Parramatta,NSW,2025-06-15 12:54:19,2026-05-16 22:54:19
C03078,Grace Hall,grace.hall3078@example.com,0453339075,Other,2025-08-25,Brisbane,QLD,2025-04-22 18:39:05,2025-11-13 19:39:05
C03079,Amelia Smith,amelia.smith3079@example.com,0475302659,Other,2025-01-16,Perth,WA,2025-09-14 18:02:36,2026-09-18 16:02:36
C03080,Mia Martin,mia.martin3080@example.com,0417124317,M,2026-07-20,Sydney,NSW,2025-12-11 21:07:45,2026-09-30 12:00:00
C03081,Noah Moore,noah.moore3081@example.com,0487789531,F,2026-04-21,Canberra,ACT,2026-08-11 03:12:25,2026-09-30 12:00:00
C03082,James Hall,james.hall3082@example.com,0490310669,M,2026-02-12,Brisbane,QLD,2025-06-29 03:21:59,2025-11-02 05:21:59
C03083,Liam Thompson,liam.thompson3083@example.com,0486690234,Other,2025-01-26,Sydney,NSW,2026-02-16 00:08:11,2026-04-14 13:08:11
C03084,Ella Young,ella.young3084@example.com,0441125764,M,2026-01-12,Adelaide,SA,2026-01-11 08:32:00,2026-03-25 03:32:00
C03085,Ella White,ella.white3085@example.com,0421097510,M,2026-02-23,Canberra,ACT,2025-11-02 06:43:53,2026-09-17 02:43:53
C03086,Isla Hall,isla.hall3086@example.com,0460651325,Other,2025-08-11,Parramatta,NSW,2025-12-01 02:30:19,2026-05-23 10:30:19
C03087,Isla Taylor,isla.taylor3087@example.com,0430205381,Other,2025-09-08,Melbourne,VIC,2025-06-16 23:05:19,2025-07-11 01:05:19
C03088,William Wilson,william.wilson3088@example.com,0474718584,Other,2026-08-16,Hobart,TAS,2025-12-05 11:32:40,2026-09-30 09:32:40
C03089,James White,james.white3089@example.com,0475220748,Other,2025-01-28,Gold Coast,QLD,2026-09-10 14:06:31,2026-09-30 12:00:00
C03090,William Brown,william.brown3090@example.com,0450730353,M,2025-05-13,Gold Coast,QLD,2026-02-25 16:28:58,2026-03-27 10:28:58
C03091,Henry Clark,henry.clark3091@example.com,0495173551,Other,2026-07-23,Melbourne,VIC,2025-12-04 02:25:16,2026-09-06 09:25:16
C03092,Lucas Thompson,lucas.thompson3092@example.com,0484806586,F,2026-02-18,Parramatta,NSW,2025-09-02 14:24:35,2026-01-12 17:24:35
C03093,Charlie Hall,charlie.hall3093@example.com,0453566725,Other,2026-08-25,Perth,WA,2025-03-04 00:24:17,2025-06-26 09:24:17
C03094,Charlie White,charlie.white3094@example.com,0445459875,Other,2026-03-07,Geelong,VIC,2026-04-29 07:02:14,2026-08-22 12:02:14
C03095,Charlie Thompson,charlie.thompson3095@example.com,0482859442,F,2026-07-01,Adelaide,SA,2025-09-28 10:07:49,2025-09-28 19:07:49
C03096,Olivia Wright,olivia.wright3096@example.com,0422445961,F,2026-02-01,Brisbane,QLD,2026-03-26 23:51:13,2026-05-25 16:51:13
C03097,James Thompson,james.thompson3097@example.com,0458302092,Other,2025-11-03,Brisbane,QLD,2025-06-16 15:03:29,2026-04-17 09:03:29
C03098,Chloe Walker,chloe.walker3098@example.com,0462640824,F,2026-04-06,Geelong,VIC,2025-04-18 03:03:30,2026-02-06 18:03:30
C03099,Isla Martin,isla.martin3099@example.com,0471192114,M,2025-06-20,Gold Coast,QLD,2026-03-05 10:29:09,2026-09-30 12:00:00
C03100,Leo Wright,leo.wright3100@example.com,0437275395,Other,2025-01-11,Parramatta,NSW,2025-10-31 16:21:17,2026-09-30 12:00:00
C03101,Amelia Young,amelia.young3101@example.com,0411531126,F,2026-01-24,Brisbane,QLD,2026-01-25 16:54:22,2026-09-30 12:00:00
C03102,Lucas Scott,lucas.scott3102@example.com,0483532711,F,2025-02-04,Sydney,NSW,2026-02-22 02:13:33,2026-04-30 15:13:33
C03103,Amelia Hall,amelia.hall3103@example.com,0497812550,M,2026-08-07,Adelaide,SA,2026-04-13 14:38:23,2026-09-30 12:00:00
C03104,Lucas Walker,lucas.walker3104@example.com,0469597939,M,2025-03-29,Sydney,NSW,2026-01-21 07:31:29,2026-09-30 12:00:00
C03105,Olivia Hall,olivia.hall3105@example.com,0433137964,M,2025-02-03,Parramatta,NSW,2026-01-02 03:08:35,2026-09-30 12:00:00
C03106,Grace King,grace.king3106@example.com,0442461414,M,2025-05-27,Sydney,NSW,2025-10-22 06:10:14,2026-01-29 03:10:14
C03107,William Scott,william.scott3107@example.com,0413695007,F,2026-08-03,Hobart,TAS,2025-08-24 08:17:24,2025-09-04 20:17:24
C03108,Henry White,henry.white3108@example.com,0455771402,F,2026-07-05,Melbourne,VIC,2026-02-13 19:22:41,2026-04-21 01:22:41
C03109,Leo Thompson,leo.thompson3109@example.com,0442539759,F,2025-02-19,Sydney,NSW,2026-09-06 09:05:08,2026-09-30 12:00:00
C03110,Olivia Clark,olivia.clark3110@example.com,0448556513,Other,2026-05-06,Brisbane,QLD,2025-09-17 16:56:52,2026-06-29 02:56:52
C03111,Jack White,jack.white3111@example.com,0411316102,F,2025-06-20,Geelong,VIC,2025-04-30 18:40:48,2026-05-27 10:40:48
C03112,Isla Moore,isla.moore3112@example.com,0469601581,F,2025-11-06,Brisbane,QLD,2025-05-27 16:51:00,2025-11-08 23:51:00
C03113,Liam Moore,liam.moore3113@example.com,0481139955,Other,2026-04-03,Gold Coast,QLD,2025-01-31 15:35:55,2025-09-06 08:35:55
C03114,Ella Clark,ella.clark3114@example.com,0432653778,M,2025-09-13,Melbourne,VIC,2025-07-04 01:14:46,2026-05-02 05:14:46
C03115,Noah Allen,noah.allen3115@example.com,0463859392,F,2025-08-02,Melbourne,VIC,2025-04-06 19:45:57,2025-09-20 12:45:57
C03116,Lucas Wright,lucas.wright3116@example.com,0431404984,Other,2026-05-24,Sydney,NSW,2026-07-07 15:36:33,2026-09-30 12:00:00
C03117,William Wilson,william.wilson3117@example.com,0487346623,M,2026-05-01,Brisbane,QLD,2025-06-11 09:36:23,2026-01-06 14:36:23
C03118,Lucas Clark,lucas.clark3118@example.com,0434528463,Other,2026-07-25,Brisbane,QLD,2025-11-04 03:27:00,2026-03-04 09:27:00
C03119,Thomas Smith,thomas.smith3119@example.com,0433997786,Other,2026-05-15,Adelaide,SA,2025-01-05 00:20:05,2025-12-30 01:20:05
C03120,Sophia Thompson,sophia.thompson3120@example.com,0498058046,M,2025-03-26,Geelong,VIC,2025-06-03 00:09:43,2025-08-23 23:09:43
C03121,Chloe Moore,chloe.moore3121@example.com,0476879246,Other,2025-05-21,Brisbane,QLD,2026-01-11 08:04:25,2026-06-02 00:04:25
C03122,Noah Brown,noah.brown3122@example.com,0497272923,Other,2025-01-19,Brisbane,QLD,2026-02-20 13:08:55,2026-09-30 12:00:00
C03123,Emma Moore,emma.moore3123@example.com,0447013885,M,2025-02-22,Sydney,NSW,2026-02-20 21:43:36,2026-09-30 12:00:00
C03124,Mia Clark,mia.clark3124@example.com,0482860484,M,2025-07-26,Melbourne,VIC,2026-05-08 17:58:49,2026-09-30 12:00:00
C03125,James Wright,james.wright3125@example.com,0484543280,M,2026-02-12,Gold Coast,QLD,2026-06-04 15:09:57,2026-09-30 12:00:00
C03126,Ella Smith,ella.smith3126@example.com,0489781530,M,2025-08-23,Perth,WA,2025-02-20 02:55:16,2025-08-10 16:55:16
C03127,Liam Clark,liam.clark3127@example.com,0477131360,Other,2025-04-13,Adelaide,SA,2025-03-19 08:47:42,2025-12-16 18:47:42
C03128,Amelia Hall,amelia.hall3128@example.com,0468020373,F,2026-09-16,Melbourne,VIC,2025-04-08 11:02:46,2025-06-02 05:02:46
C03129,Chloe Anderson,chloe.anderson3129@example.com,0416203566,M,2026-07-30,Melbourne,VIC,2026-09-25 04:22:04,2026-09-30 12:00:00
C03130,Liam King,liam.king3130@example.com,0470393048,M,2025-10-03,Gold Coast,QLD,2025-05-10 07:14:45,2025-07-26 01:14:45
C03131,Lucas Jackson,lucas.jackson3131@example.com,0456126741,Other,2026-01-16,Adelaide,SA,2026-08-23 10:32:10,2026-09-30 12:00:00
C03132,Jack Taylor,jack.taylor3132@example.com,0421177910,F,2026-09-08,Geelong,VIC,2026-03-16 06:51:38,2026-09-30 12:00:00
C03133,Ava Smith,ava.smith3133@example.com,0434631436,F,2026-07-29,Adelaide,SA,2025-12-09 14:19:44,2026-02-03 23:19:44
C03134,Charlie White,charlie.white3134@example.com,0420700969,Other,2026-07-13,Hobart,TAS,2026-02-26 05:24:08,2026-08-23 00:24:08
C03135,Mia Wilson,mia.wilson3135@example.com,0470335130,M,2026-03-21,Sydney,NSW,2025-11-04 20:36:50,2026-07-03 19:36:50
C03136,Charlie Allen,charlie.allen3136@example.com,0494512148,F,2025-11-08,Sydney,NSW,2025-09-22 09:12:40,2026-02-25 15:12:40
C03137,Amelia Hall,amelia.hall3137@example.com,0473961851,M,2025-12-12,Canberra,ACT,2026-05-23 05:38:55,2026-09-30 12:00:00
C03138,Leo Martin,leo.martin3138@example.com,0486685884,M,2025-08-20,Parramatta,NSW,2026-06-15 21:41:02,2026-09-04 16:41:02
C03139,Henry King,henry.king3139@example.com,0416786673,Other,2025-02-01,Melbourne,VIC,2025-10-31 04:18:30,2026-08-24 17:18:30
C03140,Olivia Wright,olivia.wright3140@example.com,0474817663,M,2026-05-05,Brisbane,QLD,2025-01-10 19:04:26,2026-01-03 06:04:26
C03141,Grace Anderson,grace.anderson3141@example.com,0428578556,M,2026-01-10,Brisbane,QLD,2025-06-21 12:24:44,2026-07-25 10:24:44
C03142,Henry Scott,henry.scott3142@example.com,0417120430,Other,2025-03-28,Sydney,NSW,2025-02-03 07:26:50,2025-12-06 14:26:50
C03143,Henry Brown,henry.brown3143@example.com,0425253695,F,2025-07-08,Geelong,VIC,2025-12-07 04:29:15,2026-02-01 02:29:15
C03144,Ava Clark,ava.clark3144@example.com,0486715884,M,2025-01-12,Brisbane,QLD,2025-03-09 08:31:55,2025-08-24 21:31:55
C03145,Noah Young,noah.young3145@example.com,0491982796,Other,2025-10-07,Brisbane,QLD,2025-05-09 19:51:14,2025-08-29 05:51:14
C03146,Charlie Martin,charlie.martin3146@example.com,0453357953,Other,2026-03-04,Sydney,NSW,2025-06-11 18:34:40,2025-10-14 14:34:40
C03147,Grace Allen,grace.allen3147@example.com,0432657392,M,2026-03-18,Adelaide,SA,2025-03-26 11:15:55,2026-01-24 11:15:55
C03148,Ava Martin,ava.martin3148@example.com,0437218331,M,2026-09-12,Adelaide,SA,2025-08-30 12:20:00,2025-09-21 11:20:00
C03149,Lucas Smith,lucas.smith3149@example.com,0470838563,F,2025-03-11,Hobart,TAS,2025-02-08 22:40:03,2025-09-18 07:40:03
C03150,Sophia Martin,sophia.martin3150@example.com,0453605467,F,2025-09-24,Sydney,NSW,2026-04-08 16:31:15,2026-09-30 12:00:00
C03151,Olivia Martin,olivia.martin3151@example.com,0429274773,Other,2025-03-04,Sydney,NSW,2025-09-12 03:25:39,2026-05-22 22:25:39
C03152,Grace Hall,grace.hall3152@example.com,0441030825,Other,2026-08-12,Gold Coast,QLD,2025-10-02 18:14:39,2026-01-11 03:14:39
C03153,Leo Wright,leo.wright3153@example.com,0489183626,M,2025-12-22,Melbourne,VIC,2025-10-11 10:54:13,2026-09-30 12:00:00
C03154,Ava Young,ava.young3154@example.com,0443302098,Other,2025-04-11,Adelaide,SA,2026-07-26 22:14:21,2026-09-30 12:00:00
C03155,Mia White,mia.white3155@example.com,0437942979,M,2025-07-05,Melbourne,VIC,2026-05-08 07:17:21,2026-09-13 03:17:21
C03156,Mia Walker,mia.walker3156@example.com,0444023937,M,2026-08-07,Brisbane,QLD,2025-04-14 05:09:18,2026-05-07 20:09:18
C03157,Ella Moore,ella.moore3157@example.com,0416015958,F,2025-03-16,Parramatta,NSW,2026-04-15 05:03:15,2026-08-10 16:03:15
C03158,Leo Brown,leo.brown3158@example.com,0422049318,F,2026-01-01,Sydney,NSW,2025-09-12 04:20:06,2025-09-26 19:20:06
C03159,Jack King,jack.king3159@example.com,0446692823,M,2025-06-05,Adelaide,SA,2025-02-25 18:17:40,2026-02-17 19:17:40
C03160,Sophia Thompson,sophia.thompson3160@example.com,0459839839,F,2025-03-31,Perth,WA,2025-11-09 02:05:37,2026-09-22 07:05:37
C03161,Liam Thompson,liam.thompson3161@example.com,0488702933,M,2025-09-13,Parramatta,NSW,2026-06-07 01:31:49,2026-09-30 12:00:00
C03162,Isla Smith,isla.smith3162@example.com,0419178028,Other,2026-04-27,Gold Coast,QLD,2025-08-17 23:44:19,2026-06-26 07:44:19
C03163,Emma Thompson,emma.thompson3163@example.com,0440952501,M,2026-06-12,Adelaide,SA,2025-11-18 11:31:07,2026-06-07 00:31:07
C03164,Liam Harris,liam.harris3164@example.com,0465098703,M,2025-03-18,Perth,WA,2025-09-09 00:53:50,2026-04-17 03:53:50
C03165,Ella Moore,ella.moore3165@example.com,0471498755,F,2025-03-16,Perth,WA,2025-09-01 10:08:00,2026-09-30 12:00:00
C03166,Jack Brown,jack.brown3166@example.com,0461729163,Other,2026-01-03,Brisbane,QLD,2025-06-07 01:20:38,2026-03-21 22:20:38
C03167,Grace Scott,grace.scott3167@example.com,0466701381,M,2026-06-02,Adelaide,SA,2026-04-17 02:19:12,2026-09-30 12:00:00
C03168,Olivia Wright,olivia.wright3168@example.com,0422891207,M,2025-08-10,Melbourne,VIC,2025-04-22 01:05:58,2025-09-14 14:05:58
C03169,Amelia Anderson,amelia.anderson3169@example.com,0489711480,M,2025-02-09,Adelaide,SA,2026-06-10 16:32:35,2026-07-31 09:32:35
C03170,Henry Clark,henry.clark3170@example.com,0478216988,F,2026-07-03,Geelong,VIC,2026-01-31 07:35:33,2026-03-30 20:35:33
C03171,Isla Wilson,isla.wilson3171@example.com,0494249878,M,2026-08-29,Canberra,ACT,2025-12-28 13:59:38,2026-01-21 00:59:38
C03172,Leo Thompson,leo.thompson3172@example.com,0433635367,Other,2025-02-05,Perth,WA,2026-07-25 17:48:10,2026-09-30 12:00:00
C03173,James Allen,james.allen3173@example.com,0484353367,M,2025-10-25,Sydney,NSW,2026-05-15 05:52:00,2026-09-30 12:00:00
C03174,Charlie Anderson,charlie.anderson3174@example.com,0472560227,Other,2025-08-17,Parramatta,NSW,2026-04-15 06:22:26,2026-09-06 06:22:26
C03175,James King,james.king3175@example.com,0488381581,Other,2026-08-07,Parramatta,NSW,2025-02-20 12:38:28,2025-11-14 07:38:28
C03176,Isla Taylor,isla.taylor3176@example.com,0471934850,M,2025-09-24,Brisbane,QLD,2025-12-21 09:38:35,2026-04-04 22:38:35
C03177,Leo Allen,leo.allen3177@example.com,0466083725,F,2026-01-17,Brisbane,QLD,2026-08-01 01:27:24,2026-09-30 12:00:00
C03178,Noah King,noah.king3178@example.com,0467862245,M,2025-12-26,Gold Coast,QLD,2026-05-19 03:05:27,2026-09-30 12:00:00
C03179,Amelia Moore,amelia.moore3179@example.com,0477616303,M,2026-03-26,Perth,WA,2025-08-01 09:15:59,2026-08-20 11:15:59
C03180,William Wright,william.wright3180@example.com,0456452909,F,2025-12-06,Sydney,NSW,2025-01-17 23:02:08,2025-07-15 15:02:08
C03181,William White,william.white3181@example.com,0436851984,M,2026-01-23,Adelaide,SA,2026-05-04 15:50:15,2026-05-14 12:50:15
C03182,Chloe King,chloe.king3182@example.com,0459818487,F,2026-07-15,Adelaide,SA,2025-04-21 18:50:10,2025-11-19 21:50:10
C03183,Chloe Anderson,chloe.anderson3183@example.com,0460324737,F,2025-12-12,Melbourne,VIC,2025-04-16 04:16:42,2025-05-15 08:16:42
C03184,Jack Smith,jack.smith3184@example.com,0414895996,Other,2026-08-01,Melbourne,VIC,2025-12-17 09:37:02,2026-09-03 08:37:02
C03185,Lucas King,lucas.king3185@example.com,0479850716,Other,2026-05-05,Parramatta,NSW,2026-08-05 15:25:40,2026-09-30 12:00:00
C03186,Liam Martin,liam.martin3186@example.com,0443384061,Other,2025-08-14,Perth,WA,2025-04-10 12:13:00,2025-07-22 21:13:00
C03187,Olivia Smith,olivia.smith3187@example.com,0492555715,F,2026-09-26,Melbourne,VIC,2026-08-18 02:18:14,2026-09-30 12:00:00
C03188,Mia Smith,mia.smith3188@example.com,0465401934,F,2025-10-05,Adelaide,SA,2025-10-12 03:28:36,2026-07-28 23:28:36
C03189,Grace Clark,grace.clark3189@example.com,0423391720,Other,2026-09-13,Sydney,NSW,2026-06-09 19:31:44,2026-09-17 06:31:44
C03190,Leo Thomas,leo.thomas3190@example.com,0464253550,M,2025-01-05,Sydney,NSW,2025-12-11 04:28:49,2026-05-28 00:28:49
C03191,Ava Anderson,ava.anderson3191@example.com,0459966619,F,2026-04-25,Parramatta,NSW,2025-02-08 04:14:57,2025-07-04 05:14:57
C03192,Charlie Taylor,charlie.taylor3192@example.com,0415835772,F,2025-04-15,Sydney,NSW,2026-01-04 02:42:23,2026-09-26 20:42:23
C03193,Thomas Thomas,thomas.thomas3193@example.com,0415831024,Other,2026-07-10,Canberra,ACT,2025-01-13 10:04:26,2025-08-07 23:04:26
C03194,Emma Thomas,emma.thomas3194@example.com,0446965029,F,2026-09-21,Parramatta,NSW,2026-08-17 04:31:33,2026-09-30 12:00:00
C03195,Olivia Wright,olivia.wright3195@example.com,0473570259,F,2026-09-19,Canberra,ACT,2026-01-26 06:26:05,2026-07-12 10:26:05
C03196,Jack King,jack.king3196@example.com,0444832400,Other,2026-07-23,Brisbane,QLD,2025-11-07 09:09:00,2026-01-20 14:09:00
C03197,Liam Harris,liam.harris3197@example.com,0471940067,M,2026-04-19,Canberra,ACT,2026-07-12 12:12:46,2026-08-17 19:12:46
C03198,Noah Martin,noah.martin3198@example.com,0414236739,Other,2025-06-06,Gold Coast,QLD,2025-02-12 07:04:53,2025-04-10 00:04:53
C03199,Leo Clark,leo.clark3199@example.com,0499863623,Other,2026-02-23,Hobart,TAS,2025-05-05 08:50:07,2026-03-10 15:50:07
C03200,James Clark,james.clark3200@example.com,0477291486,Other,2025-05-08,Geelong,VIC,2025-01-26 08:29:59,2026-03-02 10:29:59
C03201,Emma Wright,emma.wright3201@example.com,0490429634,M,2025-11-08,Hobart,TAS,2025-05-09 23:20:54,2025-11-19 20:20:54
C03202,Chloe Walker,chloe.walker3202@example.com,0416075564,M,2025-09-26,Canberra,ACT,2026-07-20 21:49:13,2026-09-30 12:00:00
C03203,Noah Harris,noah.harris3203@example.com,0495025332,M,2025-11-16,Geelong,VIC,2025-07-22 02:33:06,2025-09-16 19:33:06
C03204,James Thompson,james.thompson3204@example.com,0488818874,Other,2025-01-03,Geelong,VIC,2025-08-26 05:20:40,2025-10-24 19:20:40
C03205,Sophia Martin,sophia.martin3205@example.com,0446895175,M,2026-01-31,Adelaide,SA,2025-02-09 16:23:26,2025-02-10 10:23:26
C03206,Charlie Taylor,charlie.taylor3206@example.com,0436566053,M,2025-09-26,Brisbane,QLD,2026-05-31 14:33:13,2026-07-05 14:33:13
C03207,Isla Clark,isla.clark3207@example.com,0454039823,Other,2026-04-29,Brisbane,QLD,2025-11-19 15:08:48,2026-02-06 05:08:48
C03208,Amelia Harris,amelia.harris3208@example.com,0470362222,F,2025-09-22,Melbourne,VIC,2026-04-11 23:17:01,2026-08-03 05:17:01
C03209,Amelia Wright,amelia.wright3209@example.com,0491665930,M,2025-08-23,Hobart,TAS,2026-06-22 14:00:38,2026-09-30 12:00:00
C03210,Leo Scott,leo.scott3210@example.com,0419503739,M,2026-01-30,Brisbane,QLD,2025-04-02 05:52:40,2025-10-26 14:52:40
C03211,James White,james.white3211@example.com,0496691736,Other,2025-02-16,Sydney,NSW,2026-03-13 14:22:14,2026-04-16 12:22:14
C03212,Isla Allen,isla.allen3212@example.com,0413591964,Other,2026-09-10,Perth,WA,2025-09-05 02:43:53,2025-09-23 04:43:53
C03213,Leo Thompson,leo.thompson3213@example.com,0415026701,F,2025-10-23,Brisbane,QLD,2026-02-21 03:10:20,2026-06-16 15:10:20
C03214,James Brown,james.brown3214@example.com,0450307411,Other,2026-01-23,Brisbane,QLD,2026-03-28 09:33:25,2026-09-30 12:00:00
C03215,Lucas Young,lucas.young3215@example.com,0411626322,Other,2025-09-10,Hobart,TAS,2025-10-06 16:16:33,2025-11-11 06:16:33
C03216,Leo Taylor,leo.taylor3216@example.com,0469661898,F,2025-08-16,Melbourne,VIC,2025-02-24 14:51:29,2025-02-26 16:51:29
C03217,Chloe Thompson,chloe.thompson3217@example.com,0469612966,Other,2025-04-16,Hobart,TAS,2025-11-14 19:12:51,2026-02-25 20:12:51
C03218,Emma Wilson,emma.wilson3218@example.com,0414900781,F,2026-09-23,Adelaide,SA,2025-04-20 18:45:48,2025-11-22 19:45:48
C03219,James Thomas,james.thomas3219@example.com,0489445899,F,2026-04-04,Geelong,VIC,2025-10-02 09:18:05,2026-04-02 19:18:05
C03220,Henry White,henry.white3220@example.com,0485785319,Other,2026-02-21,Parramatta,NSW,2025-08-27 21:42:33,2026-01-30 18:42:33
C03221,Jack Moore,jack.moore3221@example.com,0413558608,M,2025-08-28,Sydney,NSW,2025-08-23 18:06:30,2026-09-25 15:06:30
C03222,Isla White,isla.white3222@example.com,0434174266,F,2026-02-18,Melbourne,VIC,2025-02-26 09:39:44,2025-12-23 03:39:44
C03223,Isla Jackson,isla.jackson3223@example.com,0441589221,M,2026-04-11,Perth,WA,2025-04-25 23:39:30,2026-03-23 13:39:30
C03224,William Wright,william.wright3224@example.com,0476479373,Other,2025-06-05,Brisbane,QLD,2026-03-14 22:58:09,2026-08-01 14:58:09
C03225,William King,william.king3225@example.com,0493447742,M,2026-05-06,Gold Coast,QLD,2026-06-23 12:54:21,2026-09-30 12:00:00
C03226,Leo King,leo.king3226@example.com,0487377452,M,2025-05-08,Adelaide,SA,2025-04-05 08:44:05,2025-08-06 16:44:05
C03227,Chloe Scott,chloe.scott3227@example.com,0485056573,Other,2025-04-14,Perth,WA,2026-03-27 01:27:00,2026-09-30 12:27:00
C03228,Chloe White,chloe.white3228@example.com,0462154482,M,2025-12-14,Gold Coast,QLD,2026-04-19 19:08:07,2026-09-30 12:00:00
C03229,James Clark,james.clark3229@example.com,0462767017,F,2026-02-15,Hobart,TAS,2026-07-25 19:12:59,2026-09-30 12:00:00
C03230,William Wright,william.wright3230@example.com,0494341360,Other,2025-12-02,Canberra,ACT,2026-09-03 14:00:06,2026-09-30 12:00:00
C03231,Isla Allen,isla.allen3231@example.com,0427759726,F,2025-04-12,Melbourne,VIC,2025-08-25 19:45:15,2026-01-01 16:45:15
C03232,Ella Clark,ella.clark3232@example.com,0497033089,M,2025-12-04,Perth,WA,2026-08-21 04:23:20,2026-09-30 12:00:00
C03233,James Scott,james.scott3233@example.com,0424909701,Other,2025-02-26,Sydney,NSW,2026-02-03 01:00:03,2026-09-30 12:00:00
C03234,Noah Thompson,noah.thompson3234@example.com,0435840463,Other,2025-09-22,Perth,WA,2025-03-17 13:04:54,2026-01-11 03:04:54
C03235,Henry Scott,henry.scott3235@example.com,0416291963,Other,2026-07-24,Canberra,ACT,2025-03-25 04:05:54,2025-07-21 04:05:54
C03236,Thomas Anderson,thomas.anderson3236@example.com,0416876508,Other,2026-07-29,Parramatta,NSW,2026-06-28 09:42:24,2026-09-30 12:00:00
C03237,Leo Allen,leo.allen3237@example.com,0445392686,Other,2025-09-26,Sydney,NSW,2025-07-21 21:59:13,2025-08-27 22:59:13
C03238,Thomas Taylor,thomas.taylor3238@example.com,0452548353,Other,2026-03-06,Adelaide,SA,2026-04-23 20:15:40,2026-09-30 12:00:00
C03239,Noah Scott,noah.scott3239@example.com,0428751442,M,2026-02-25,Sydney,NSW,2025-05-10 02:49:33,2026-02-14 06:49:33
C03240,William Wilson,william.wilson3240@example.com,0495640976,Other,2025-08-17,Canberra,ACT,2026-02-12 09:07:30,2026-08-27 11:07:30
C03241,James Anderson,james.anderson3241@example.com,0468567509,Other,2025-09-02,Parramatta,NSW,2026-02-28 08:48:07,2026-09-30 12:00:00
C03242,Grace Young,grace.young3242@example.com,0472067839,F,2025-10-08,Parramatta,NSW,2025-11-21 20:39:37,2025-12-25 09:39:37
C03243,James White,james.white3243@example.com,0440617207,Other,2025-07-03,Sydney,NSW,2025-08-19 18:42:04,2026-08-20 12:42:04
C03244,Jack Anderson,jack.anderson3244@example.com,0433461913,F,2026-09-09,Canberra,ACT,2025-06-02 20:51:25,2026-01-20 23:51:25
C03245,Mia Hall,mia.hall3245@example.com,0432201737,M,2025-11-17,Hobart,TAS,2025-09-24 19:54:39,2026-07-12 05:54:39
C03246,Ava Scott,ava.scott3246@example.com,0443327948,Other,2026-03-16,Perth,WA,2025-09-21 08:19:43,2026-06-14 16:19:43
C03247,Ella Walker,ella.walker3247@example.com,0439633455,M,2026-03-13,Canberra,ACT,2025-04-26 03:04:19,2026-05-31 10:04:19
C03248,Henry Smith,henry.smith3248@example.com,0421431712,F,2025-11-21,Hobart,TAS,2026-06-17 00:20:35,2026-09-30 12:00:00
C03249,Isla Scott,isla.scott3249@example.com,0481222187,F,2026-09-17,Melbourne,VIC,2026-02-02 22:56:10,2026-09-30 12:00:00
C03250,Olivia Thomas,olivia.thomas3250@example.com,0445761862,F,2025-08-30,Gold Coast,QLD,2026-08-14 03:44:09,2026-08-23 01:44:09
C03251,Charlie Thomas,charlie.thomas3251@example.com,0413018198,M,2025-05-30,Geelong,VIC,2026-02-27 05:56:46,2026-09-18 17:56:46
C03252,William Thompson,william.thompson3252@example.com,0493549027,F,2025-12-19,Canberra,ACT,2025-11-01 02:34:50,2025-11-04 07:34:50
C03253,Amelia Wright,amelia.wright3253@example.com,0486671900,M,2026-09-09,Hobart,TAS,2026-05-17 14:49:14,2026-09-30 12:00:00
C03254,Isla Allen,isla.allen3254@example.com,0444206177,Other,2026-04-08,Hobart,TAS,2025-11-20 11:04:36,2026-09-30 12:00:00
C03255,Henry Wilson,henry.wilson3255@example.com,0411590407,M,2026-06-25,Geelong,VIC,2025-03-07 15:43:13,2025-09-24 05:43:13
C03256,Grace Anderson,grace.anderson3256@example.com,0423879465,M,2026-01-09,Gold Coast,QLD,2026-02-07 20:29:55,2026-09-15 23:29:55
C03257,Ella Martin,ella.martin3257@example.com,0415766156,F,2026-02-12,Sydney,NSW,2025-07-30 06:01:50,2025-08-06 23:01:50
C03258,Mia Brown,mia.brown3258@example.com,0484976636,M,2026-06-08,Canberra,ACT,2025-05-30 18:10:40,2025-10-07 14:10:40
C03259,Charlie White,charlie.white3259@example.com,0480021715,Other,2025-07-27,Sydney,NSW,2025-04-24 01:56:30,2026-04-08 23:56:30
C03260,Noah Thomas,noah.thomas3260@example.com,0483117599,F,2025-06-02,Adelaide,SA,2025-08-24 22:27:22,2026-09-19 07:27:22
C03261,Ava Smith,ava.smith3261@example.com,0483875207,F,2025-05-22,Adelaide,SA,2025-05-17 00:04:39,2026-01-01 00:04:39
C03262,Ella Allen,ella.allen3262@example.com,0492285130,Other,2026-03-17,Brisbane,QLD,2025-03-13 13:43:45,2025-06-04 04:43:45
C03263,William Clark,william.clark3263@example.com,0457443611,F,2025-04-04,Gold Coast,QLD,2025-03-09 05:39:46,2026-03-18 15:39:46
C03264,James Smith,james.smith3264@example.com,0482177752,F,2025-05-12,Gold Coast,QLD,2025-03-24 01:32:07,2026-02-03 10:32:07
C03265,Liam Walker,liam.walker3265@example.com,0411440873,F,2025-05-18,Sydney,NSW,2025-08-01 22:03:00,2025-11-17 11:03:00
C03266,Liam White,liam.white3266@example.com,0410378569,Other,2025-07-14,Gold Coast,QLD,2025-02-09 04:47:41,2025-11-06 11:47:41
C03267,Henry Anderson,henry.anderson3267@example.com,0425398534,F,2026-08-10,Brisbane,QLD,2025-07-22 14:21:51,2025-11-04 08:21:51
C03268,Liam King,liam.king3268@example.com,0439677356,M,2026-03-09,Melbourne,VIC,2026-09-13 03:55:26,2026-09-30 12:00:00
C03269,Grace Scott,grace.scott3269@example.com,0443383873,M,2025-01-02,Perth,WA,2026-07-26 15:46:43,2026-09-30 12:00:00
C03270,Henry Moore,henry.moore3270@example.com,0462474261,F,2026-08-18,Brisbane,QLD,2025-09-16 02:01:24,2025-11-05 15:01:24
C03271,Charlie Smith,charlie.smith3271@example.com,0484131006,M,2025-04-13,Melbourne,VIC,2026-07-14 09:18:50,2026-09-30 12:00:00
C03272,Jack Taylor,jack.taylor3272@example.com,0432811161,Other,2025-01-04,Adelaide,SA,2026-02-21 09:09:37,2026-09-21 07:09:37
C03273,Lucas Anderson,lucas.anderson3273@example.com,0497804827,Other,2026-02-22,Brisbane,QLD,2025-04-09 03:22:00,2025-09-18 03:22:00
C03274,Amelia Wright,amelia.wright3274@example.com,0454277918,M,2025-12-06,Perth,WA,2025-04-12 23:46:49,2025-07-21 02:46:49
C03275,Isla Thomas,isla.thomas3275@example.com,0453537171,Other,2026-07-16,Parramatta,NSW,2025-06-16 04:42:50,2026-03-25 05:42:50
C03276,William Hall,william.hall3276@example.com,0417686107,Other,2025-11-10,Adelaide,SA,2025-11-08 07:22:58,2026-03-27 06:22:58
C03277,Chloe Clark,chloe.clark3277@example.com,0458873024,M,2025-04-20,Sydney,NSW,2025-12-15 23:55:43,2026-03-27 18:55:43
C03278,Noah Taylor,noah.taylor3278@example.com,0434370847,F,2026-04-02,Gold Coast,QLD,2025-06-12 10:20:32,2026-05-29 23:20:32
C03279,Ella King,ella.king3279@example.com,0447092461,Other,2026-08-25,Canberra,ACT,2025-07-01 12:02:14,2025-08-13 02:02:14
C03280,James White,james.white3280@example.com,0410938593,Other,2026-08-31,Melbourne,VIC,2025-09-18 11:51:57,2026-06-19 03:51:57
C03281,Chloe Taylor,chloe.taylor3281@example.com,0433902952,Other,2025-08-14,Canberra,ACT,2026-03-19 02:51:56,2026-08-24 06:51:56
C03282,Isla Thompson,isla.thompson3282@example.com,0457328450,Other,2026-02-21,Brisbane,QLD,2026-01-09 19:56:11,2026-02-02 05:56:11
C03283,Charlie Thompson,charlie.thompson3283@example.com,0435282178,F,2026-08-30,Adelaide,SA,2026-05-23 19:38:54,2026-07-07 22:38:54
C03284,Ella White,ella.white3284@example.com,0443569749,F,2025-04-17,Melbourne,VIC,2025-11-09 10:29:26,2026-01-22 00:29:26
C03285,Noah Clark,noah.clark3285@example.com,0486563179,F,2025-02-09,Melbourne,VIC,2026-07-17 18:57:54,2026-09-30 12:00:00
C03286,Emma Moore,,0480019765,Other,2026-01-20,Sydney,NSW,2025-07-05 03:49:13,2025-10-16 15:49:13
C03287,Olivia Smith,olivia.smith3287@example.com,0419441945,M,2026-06-04,Canberra,ACT,2025-07-20 08:29:27,2026-07-04 07:29:27
C03288,Lucas Young,lucas.young3288@example.com,0447683408,F,2025-04-19,Hobart,TAS,2026-09-25 23:14:00,2026-09-30 12:00:00
C03289,Emma White,emma.white3289@example.com,0472618249,M,2025-12-03,Hobart,TAS,2026-09-11 20:30:36,2026-09-30 12:00:00
C03290,Leo Brown,leo.brown3290@example.com,0479665571,Other,2025-12-28,Parramatta,NSW,2025-08-05 16:43:31,2026-08-24 09:43:31
C03291,Liam Young,liam.young3291@example.com,0424081236,Other,2025-09-22,Gold Coast,QLD,2026-07-29 19:32:25,2026-09-30 12:00:00
C03292,Mia Wright,mia.wright3292@example.com,0411147952,Other,2025-01-05,Adelaide,SA,2026-02-10 22:15:03,2026-09-30 12:00:00
C03293,Chloe White,chloe.white3293@example.com,0497707698,F,2025-10-11,Adelaide,SA,2026-08-25 09:39:37,2026-09-30 12:00:00
C03294,Jack Hall,jack.hall3294@example.com,0464088669,Other,2025-06-24,Brisbane,QLD,2025-11-14 08:07:54,2025-12-06 22:07:54
C03295,Grace Anderson,grace.anderson3295@example.com,0457601184,Other,2025-04-22,Perth,WA,2025-12-18 09:41:14,2026-05-19 23:41:14
C03296,Leo Smith,leo.smith3296@example.com,0492037083,Other,2025-12-04,Brisbane,QLD,2025-09-13 10:37:41,2026-06-03 16:37:41
C03297,Lucas Brown,lucas.brown3297@example.com,0477951960,F,2026-04-07,Adelaide,SA,2026-09-13 22:50:36,2026-09-30 12:00:00
C03298,Thomas White,thomas.white3298@example.com,0460790227,F,2026-06-23,Adelaide,SA,2025-12-04 13:42:51,2026-09-12 15:42:51
C03299,Sophia Jackson,sophia.jackson3299@example.com,0469439230,Other,2025-04-11,Brisbane,QLD,2025-02-09 15:53:44,2025-05-27 16:53:44
C03300,Charlie Hall,charlie.hall3300@example.com,0498260093,M,2025-01-03,Perth,WA,2025-04-07 21:40:55,2025-07-15 07:40:55
C03301,Chloe Young,chloe.young3301@example.com,0436490721,Other,2026-05-29,Canberra,ACT,2025-08-12 12:37:10,2025-10-27 18:37:10
C03302,Jack Martin,jack.martin3302@example.com,0455643095,M,2026-07-22,Melbourne,VIC,2025-08-30 06:26:37,2026-06-27 01:26:37
C03303,Jack Brown,jack.brown3303@example.com,0452286773,M,2025-06-12,Sydney,NSW,2025-08-18 02:48:08,2026-08-02 14:48:08
C03304,Charlie White,charlie.white3304@example.com,0445229697,Other,2025-02-24,Gold Coast,QLD,2025-12-05 03:18:39,2026-07-23 07:18:39
C03305,William Anderson,william.anderson3305@example.com,0466892333,Other,2025-12-04,Sydney,NSW,2025-09-09 08:30:31,2025-10-17 17:30:31
C03306,Olivia Wright,olivia.wright3306@example.com,0415623943,M,2025-02-07,Parramatta,NSW,2026-01-01 10:23:22,2026-09-30 12:00:00
C03307,Olivia Walker,olivia.walker3307@example.com,0445630639,F,2026-08-01,Geelong,VIC,2026-04-27 08:04:12,2026-09-30 12:00:00
C03308,Henry Allen,henry.allen3308@example.com,0498942324,Other,2025-04-06,Perth,WA,2025-04-24 05:06:35,2026-02-06 12:06:35
C03309,Liam Allen,liam.allen3309@example.com,0423873812,M,2025-06-22,Melbourne,VIC,2026-03-05 10:01:28,2026-09-30 12:00:00
C03310,Liam King,liam.king3310@example.com,0484820644,Other,2025-12-28,Parramatta,NSW,2025-01-28 11:24:18,2025-06-23 00:24:18
C03311,Mia Smith,mia.smith3311@example.com,0454690084,M,2025-05-10,Brisbane,QLD,2026-01-15 11:20:51,2026-07-09 05:20:51
C03312,Grace Jackson,grace.jackson3312@example.com,0491297709,Other,2025-11-16,Gold Coast,QLD,2026-03-15 00:31:31,2026-09-30 12:00:00
C03313,William White,william.white3313@example.com,0490611976,M,2025-09-27,Sydney,NSW,2026-05-15 13:54:12,2026-09-30 12:00:00
C03314,Grace Brown,grace.brown3314@example.com,0485908867,F,2025-05-26,Melbourne,VIC,2026-06-17 05:44:47,2026-09-30 12:00:00
C03315,Grace Wright,grace.wright3315@example.com,0469609128,F,2025-12-12,Melbourne,VIC,2025-07-08 21:11:09,2025-08-09 15:11:09
C03316,James Clark,james.clark3316@example.com,0413188608,Other,2025-03-10,Geelong,VIC,2026-04-14 19:02:27,2026-09-30 12:00:00
C03317,Jack Taylor,jack.taylor3317@example.com,0451518739,Other,2025-02-03,Sydney,NSW,2025-02-09 01:13:37,2025-05-26 09:13:37
C03318,Charlie Walker,charlie.walker3318@example.com,0419916771,Other,2025-07-18,Hobart,TAS,2026-05-03 05:58:07,2026-09-30 12:00:00
C03319,Mia White,mia.white3319@example.com,0497080212,Other,2025-05-31,Hobart,TAS,2025-03-16 23:38:10,2026-01-06 11:38:10
C03320,Emma Smith,emma.smith3320@example.com,0466089993,M,2025-02-26,Gold Coast,QLD,2025-08-18 00:30:05,2025-11-07 05:30:05
C03321,Ella Anderson,ella.anderson3321@example.com,0447544493,M,2026-04-10,Sydney,NSW,2026-06-08 07:41:29,2026-09-30 12:00:00
C03322,Olivia Thompson,olivia.thompson3322@example.com,0481866592,F,2025-06-20,Brisbane,QLD,2026-09-28 17:20:31,2026-09-30 12:00:00
C03323,Ella Anderson,ella.anderson3323@example.com,0479599020,Other,2025-01-27,Melbourne,VIC,2026-02-14 06:09:10,2026-09-30 12:00:00
C03324,Noah Thomas,noah.thomas3324@example.com,0465828839,Other,2026-03-06,Perth,WA,2026-08-14 17:03:57,2026-09-30 12:00:00
C03325,Isla Young,isla.young3325@example.com,0464808061,M,2026-08-05,Hobart,TAS,2025-11-28 04:47:56,2026-04-15 19:47:56
C03326,Grace Smith,grace.smith3326@example.com,0455988531,M,2026-01-06,Perth,WA,2025-09-29 14:09:44,2026-08-16 22:09:44
C03327,Charlie Jackson,charlie.jackson3327@example.com,0483478162,Other,2025-09-25,Adelaide,SA,2026-07-18 14:44:16,2026-09-30 12:00:00
C03328,James Hall,james.hall3328@example.com,0471491610,M,2026-03-21,Melbourne,VIC,2026-09-13 08:26:20,2026-09-30 12:00:00
C03329,Noah Anderson,noah.anderson3329@example.com,0451112891,M,2026-02-13,Hobart,TAS,2026-06-11 16:38:29,2026-08-29 09:38:29
C03330,Thomas Brown,thomas.brown3330@example.com,0419556411,Other,2026-01-22,Hobart,TAS,2025-05-20 16:50:09,2025-12-12 13:50:09
C03331,Henry Taylor,henry.taylor3331@example.com,0496634023,Other,2026-03-11,Adelaide,SA,2025-01-28 00:21:12,2025-10-07 02:21:12
C03332,Olivia Thompson,olivia.thompson3332@example.com,0496068914,F,2026-01-23,Perth,WA,2026-02-12 17:32:00,2026-05-26 19:32:00
C03333,Sophia Allen,sophia.allen3333@example.com,0480289384,M,2025-05-07,Hobart,TAS,2026-01-12 20:04:09,2026-09-08 14:04:09
C03334,Ava Harris,ava.harris3334@example.com,0446246431,M,2026-02-13,Sydney,NSW,2026-07-25 21:23:15,2026-09-30 12:00:00
C03335,James Wilson,james.wilson3335@example.com,0484647131,M,2026-06-19,Hobart,TAS,2026-09-11 02:39:35,2026-09-30 12:00:00
C03336,Charlie Smith,charlie.smith3336@example.com,0463738922,F,2025-04-16,Geelong,VIC,2026-04-28 00:44:32,2026-09-30 12:00:00
C03337,Isla Thomas,isla.thomas3337@example.com,0473256226,F,2025-03-01,Melbourne,VIC,2026-05-07 14:41:06,2026-09-30 12:00:00
C03338,Sophia White,sophia.white3338@example.com,0490141753,F,2026-04-09,Parramatta,NSW,2026-03-11 17:37:23,2026-09-30 12:00:00
C03339,Liam Martin,liam.martin3339@example.com,0414695976,Other,2025-01-01,Perth,WA,2025-03-27 21:03:20,2025-04-30 23:03:20
C03340,Olivia Allen,olivia.allen3340@example.com,0433704263,M,2026-01-17,Melbourne,VIC,2025-04-19 15:35:47,2025-10-21 15:35:47
C03341,Olivia Anderson,olivia.anderson3341@example.com,0440822232,Other,2026-09-25,Gold Coast,QLD,2025-10-23 18:30:10,2026-09-30 12:00:00
C03342,Ava Brown,ava.brown3342@example.com,0493801562,Other,2026-04-30,Geelong,VIC,2025-01-13 21:11:39,2025-09-11 08:11:39
C03343,Henry Hall,henry.hall3343@example.com,0470573130,Other,2025-11-13,Gold Coast,QLD,2025-08-24 19:27:20,2026-06-25 18:27:20
C03344,Henry Thomas,henry.thomas3344@example.com,0444616781,Other,2025-06-19,Gold Coast,QLD,2025-06-04 12:42:43,2026-05-19 07:42:43
C03345,Olivia Martin,olivia.martin3345@example.com,0438345330,F,2025-10-26,Geelong,VIC,2026-02-19 09:07:22,2026-09-30 12:00:00
C03346,Olivia Moore,olivia.moore3346@example.com,0440839134,F,2026-03-10,Geelong,VIC,2025-07-12 07:29:59,2026-08-16 02:29:59
C03347,Leo Wright,leo.wright3347@example.com,0460563048,M,2026-06-27,Hobart,TAS,2026-04-04 12:34:07,2026-09-30 12:00:00
C03348,Jack Thompson,jack.thompson3348@example.com,0458743864,Other,2025-11-02,Adelaide,SA,2025-04-01 14:19:38,2026-03-03 15:19:38
C03349,Amelia Clark,amelia.clark3349@example.com,0414678844,Other,2025-03-01,Canberra,ACT,2026-06-06 02:17:17,2026-09-30 12:00:00
C03350,William Thompson,william.thompson3350@example.com,0457712356,F,2025-09-19,Canberra,ACT,2026-02-15 05:18:47,2026-03-11 02:18:47
C03351,Henry Thompson,henry.thompson3351@example.com,0434515854,F,2026-01-18,Melbourne,VIC,2026-08-02 19:36:35,2026-09-30 12:00:00
C03352,Mia Thompson,mia.thompson3352@example.com,0422150619,Other,2025-02-28,Sydney,NSW,2026-03-28 23:37:06,2026-05-17 02:37:06
C03353,Thomas Moore,thomas.moore3353@example.com,0491830947,Other,2025-11-26,Geelong,VIC,2026-07-02 08:26:43,2026-09-30 12:00:00
C03354,Amelia White,amelia.white3354@example.com,0425808761,Other,2025-08-03,Sydney,NSW,2025-03-20 07:22:52,2026-01-09 20:22:52
C03355,Olivia Hall,olivia.hall3355@example.com,0415353031,M,2025-06-01,Parramatta,NSW,2025-10-09 22:59:54,2026-07-08 22:59:54
C03356,Grace Harris,grace.harris3356@example.com,0454955754,F,2025-10-31,Sydney,NSW,2025-12-21 19:31:42,2026-02-27 19:31:42
C03357,Ella Thomas,ella.thomas3357@example.com,0491840281,M,2025-03-07,Hobart,TAS,2026-06-14 15:58:50,2026-09-30 12:00:00
C03358,Sophia Allen,sophia.allen3358@example.com,0461888097,M,2025-10-29,Brisbane,QLD,2026-09-16 23:34:17,2026-09-30 12:00:00
C03359,Ava Wright,ava.wright3359@example.com,0473678218,M,2025-03-24,Parramatta,NSW,2026-04-12 03:30:46,2026-09-30 12:00:00
C03360,Henry Walker,henry.walker3360@example.com,0446429889,F,2025-05-28,Geelong,VIC,2026-04-15 05:31:21,2026-09-30 12:00:00
C03361,Amelia Thomas,amelia.thomas3361@example.com,0497114415,Other,2026-04-11,Perth,WA,2026-04-02 13:39:58,2026-09-30 12:00:00
C03362,Lucas King,lucas.king3362@example.com,0478816254,F,2026-04-08,Canberra,ACT,2026-04-18 15:21:18,2026-09-08 01:21:18
C03363,Sophia Wilson,sophia.wilson3363@example.com,0488013335,Other,2025-08-07,Parramatta,NSW,2025-10-12 00:07:58,2026-08-20 04:07:58
C03364,Grace Smith,grace.smith3364@example.com,0499051886,M,2026-08-19,Gold Coast,QLD,2026-09-09 13:11:44,2026-09-30 12:00:00
C03365,William Harris,william.harris3365@example.com,0447419903,Other,2025-10-21,Perth,WA,2025-09-13 16:38:01,2025-11-08 20:38:01
C03366,Sophia Allen,sophia.allen3366@example.com,0464643199,M,2025-03-13,Hobart,TAS,2025-09-06 13:46:50,2026-08-15 00:46:50
C03367,Isla Walker,isla.walker3367@example.com,0418335251,F,2025-01-29,Canberra,ACT,2026-02-16 04:45:08,2026-09-30 12:00:00
C03368,Grace Thompson,grace.thompson3368@example.com,0423708744,F,2025-02-05,Hobart,TAS,2025-09-16 16:01:55,2026-02-24 23:01:55
C03369,Liam Anderson,liam.anderson3369@example.com,0433657334,Other,2026-05-19,Adelaide,SA,2025-11-03 07:15:03,2026-02-20 21:15:03
C03370,Noah King,noah.king3370@example.com,0435240048,M,2025-04-18,Perth,WA,2025-06-15 09:19:29,2025-12-12 22:19:29
C03371,Liam Wilson,liam.wilson3371@example.com,0484839893,F,2026-07-07,Parramatta,NSW,2026-07-11 22:00:31,2026-09-30 12:00:00
C03372,Olivia Clark,olivia.clark3372@example.com,0493561661,Other,2025-12-06,Perth,WA,2025-03-21 10:44:56,2025-08-20 21:44:56
C03373,Thomas Clark,thomas.clark3373@example.com,0420724650,Other,2025-01-30,Perth,WA,2025-08-26 11:27:20,2026-08-23 20:27:20
C03374,Ava King,ava.king3374@example.com,0480237690,Other,2026-07-08,Canberra,ACT,2025-06-30 10:08:04,2025-09-26 07:08:04
C03375,Leo Walker,leo.walker3375@example.com,0489098795,Other,2026-09-13,Hobart,TAS,2025-02-12 10:53:39,2025-07-01 22:53:39
C03376,Thomas Martin,thomas.martin3376@example.com,0448461227,F,2025-02-06,Sydney,NSW,2026-07-04 16:56:10,2026-09-30 12:00:00
C03377,Jack Anderson,,0492798083,Other,2026-07-23,Melbourne,VIC,2025-09-06 02:42:14,2026-08-17 07:42:14
C03378,Charlie Wilson,charlie.wilson3378@example.com,0468061350,F,2026-06-20,Sydney,NSW,2025-08-03 23:10:58,2025-08-12 05:10:58
C03379,Grace Martin,grace.martin3379@example.com,0467374828,Other,2025-12-13,Sydney,NSW,2026-03-30 23:30:34,2026-09-30 12:00:00
C03380,Ava Allen,ava.allen3380@example.com,0442641876,M,2025-01-07,Sydney,NSW,2026-06-26 14:47:24,2026-07-11 13:47:24
C03381,Thomas Allen,thomas.allen3381@example.com,0410973502,F,2025-07-06,Adelaide,SA,2026-07-29 07:53:17,2026-09-30 12:00:00
C03382,Ella White,ella.white3382@example.com,0459430096,F,2025-09-06,Parramatta,NSW,2025-09-30 20:40:22,2026-09-30 12:00:00
C03383,Jack Walker,jack.walker3383@example.com,0496478719,Other,2025-02-07,Sydney,NSW,2025-07-17 20:08:54,2026-03-06 11:08:54
C03384,Olivia Harris,olivia.harris3384@example.com,0473057671,M,2025-03-04,Gold Coast,QLD,2025-08-07 10:33:22,2026-08-04 04:33:22
C03385,Liam Hall,liam.hall3385@example.com,0451899078,Other,2025-06-17,Parramatta,NSW,2025-05-10 05:35:22,2025-12-25 05:35:22
C03386,Henry Brown,henry.brown3386@example.com,0491018006,Other,2025-08-17,Sydney,NSW,2025-12-06 10:21:18,2026-07-05 02:21:18
C03387,Lucas Hall,lucas.hall3387@example.com,0484882431,Other,2025-03-12,Adelaide,SA,2025-02-09 09:06:06,2025-09-10 00:06:06
C03388,Isla Wright,isla.wright3388@example.com,0480819102,F,2025-12-18,Perth,WA,2025-10-20 12:55:41,2026-06-12 19:55:41
C03389,Leo Scott,leo.scott3389@example.com,0467879290,F,2025-08-22,Melbourne,VIC,2025-11-01 08:32:42,2026-03-17 07:32:42
C03390,William Thomas,william.thomas3390@example.com,0454331375,F,2026-07-02,Sydney,NSW,2025-03-14 22:10:18,2025-12-18 17:10:18
C03391,Charlie Hall,charlie.hall3391@example.com,0492538551,F,2025-11-17,Melbourne,VIC,2025-01-11 21:54:27,2025-04-04 04:54:27
C03392,Lucas Wright,lucas.wright3392@example.com,0413225177,Other,2026-07-23,Brisbane,QLD,2025-06-13 13:17:02,2026-02-18 02:17:02
C03393,Amelia Thompson,amelia.thompson3393@example.com,0442875162,Other,2026-06-08,Parramatta,NSW,2025-03-02 02:08:45,2025-03-26 09:08:45
C03394,James Taylor,james.taylor3394@example.com,0429297925,Other,2025-08-18,Parramatta,NSW,2026-06-01 15:05:55,2026-09-30 12:00:00
C03395,Mia Moore,mia.moore3395@example.com,0415125899,Other,2025-01-18,Perth,WA,2026-07-17 19:03:20,2026-09-30 12:00:00
C03396,Emma Moore,emma.moore3396@example.com,0464183721,F,2025-01-22,Parramatta,NSW,2025-07-31 14:17:53,2025-11-10 00:17:53
C03397,Liam Hall,liam.hall3397@example.com,0461133143,F,2026-09-15,Adelaide,SA,2025-06-19 16:49:29,2025-07-26 02:49:29
C03398,Grace Scott,grace.scott3398@example.com,0457439688,F,2025-12-15,Gold Coast,QLD,2026-04-19 22:58:37,2026-09-30 12:00:00
C03399,Lucas Thompson,lucas.thompson3399@example.com,0497045335,M,2026-02-01,Hobart,TAS,2026-08-07 11:23:01,2026-09-30 12:00:00
C03400,Liam Wright,liam.wright3400@example.com,0419973272,Other,2025-08-18,Geelong,VIC,2026-03-30 03:19:32,2026-09-30 12:00:00
C03401,Amelia Moore,amelia.moore3401@example.com,0429248456,M,2026-04-10,Sydney,NSW,2025-11-17 04:47:54,2026-09-30 12:00:00
C03402,Thomas Young,thomas.young3402@example.com,0491907495,Other,2025-07-09,Sydney,NSW,2025-03-18 12:41:20,2025-05-06 14:41:20
C03403,Noah Martin,noah.martin3403@example.com,0418058732,M,2025-02-11,Gold Coast,QLD,2026-05-19 09:45:18,2026-09-30 12:00:00
C03404,Liam Allen,liam.allen3404@example.com,0483407060,M,2025-11-04,Perth,WA,2026-09-30 08:29:12,2026-09-30 12:00:00
C03405,Olivia Jackson,olivia.jackson3405@example.com,0448186737,F,2025-01-10,Gold Coast,QLD,2025-09-05 05:46:59,2025-10-21 10:46:59
C03406,Ava Wright,ava.wright3406@example.com,0443623486,M,2025-06-30,Parramatta,NSW,2026-03-23 07:18:41,2026-04-04 01:18:41
C03407,Noah King,noah.king3407@example.com,0474182273,Other,2025-11-21,Melbourne,VIC,2026-01-06 22:53:42,2026-04-01 09:53:42
C03408,,lucas.wright3408@example.com,0443941067,M,2025-05-20,Melbourne,VIC,2025-01-28 09:59:52,2025-09-30 04:59:52
C03409,Mia Anderson,mia.anderson3409@example.com,0421671626,M,2025-07-28,Gold Coast,QLD,2025-11-06 13:00:05,2026-08-17 08:00:05
C03410,Sophia White,sophia.white3410@example.com,0438768103,Other,2026-03-19,Brisbane,QLD,2026-05-30 22:23:30,2026-07-05 04:23:30
C03411,Ava Hall,ava.hall3411@example.com,0448970671,M,2025-04-29,Perth,WA,2026-07-14 13:05:11,2026-09-30 12:00:00
C03412,Emma Anderson,emma.anderson3412@example.com,0437355760,Other,2025-03-27,Melbourne,VIC,2025-06-19 19:05:56,2026-06-11 17:05:56
C03413,Mia Brown,mia.brown3413@example.com,0431845432,Other,2026-06-23,Geelong,VIC,2025-10-24 18:54:19,2026-08-06 19:54:19
C03414,Amelia Brown,amelia.brown3414@example.com,0460982086,Other,2026-02-27,Canberra,ACT,2026-07-13 20:33:45,2026-08-18 14:33:45
C03415,Sophia Moore,sophia.moore3415@example.com,0487271115,Other,2025-02-06,Sydney,NSW,2025-07-12 03:52:36,2025-09-06 00:52:36
C03416,Thomas Anderson,thomas.anderson3416@example.com,0437769263,M,2026-03-29,Geelong,VIC,2025-08-11 06:20:25,2026-05-26 05:20:25
C03417,Liam White,liam.white3417@example.com,0419288498,F,2025-03-29,Perth,WA,2026-02-13 15:03:19,2026-09-30 12:00:00
C03418,James Jackson,james.jackson3418@example.com,0448998599,M,2025-11-25,Canberra,ACT,2026-07-31 02:39:07,2026-09-30 12:00:00
C03419,James Taylor,james.taylor3419@example.com,0445365918,Other,2026-01-12,Parramatta,NSW,2025-07-30 05:01:48,2025-12-04 13:01:48
C03420,Grace Smith,grace.smith3420@example.com,0456297382,M,2026-05-23,Adelaide,SA,2025-03-20 08:57:33,2025-11-18 20:57:33
C03421,Charlie Moore,charlie.moore3421@example.com,0440345776,M,2026-01-22,Sydney,NSW,2026-01-02 22:55:41,2026-08-26 02:55:41
C03422,William Taylor,william.taylor3422@example.com,0420311857,M,2025-02-26,Perth,WA,2025-01-27 06:42:31,2025-12-21 22:42:31
C03423,Jack Hall,jack.hall3423@example.com,0418110368,F,2026-02-13,Melbourne,VIC,2025-07-12 18:39:24,2026-08-12 00:39:24
C03424,Charlie Smith,charlie.smith3424@example.com,0463271337,F,2026-09-12,Melbourne,VIC,2025-12-20 19:38:17,2026-07-15 14:38:17
C03425,Mia Anderson,mia.anderson3425@example.com,0424508258,Other,2025-11-22,Parramatta,NSW,2025-08-12 22:29:03,2025-08-27 13:29:03
C03426,Thomas Smith,thomas.smith3426@example.com,0498042046,M,2026-07-27,Melbourne,VIC,2026-08-17 15:55:58,2026-09-19 23:55:58
C03427,Grace Jackson,grace.jackson3427@example.com,0455317976,Other,2026-05-18,Parramatta,NSW,2025-07-06 06:19:13,2025-07-21 18:19:13
C03428,Sophia Martin,sophia.martin3428@example.com,0442669377,F,2025-12-10,Canberra,ACT,2026-06-23 17:12:39,2026-09-30 12:00:00
C03429,Amelia Smith,amelia.smith3429@example.com,0428974799,Other,2026-01-18,Hobart,TAS,2026-05-20 05:09:33,2026-09-30 12:00:00
C03430,Ella Thompson,ella.thompson3430@example.com,0425344844,Other,2026-03-07,Brisbane,QLD,2025-12-31 10:55:07,2026-04-19 05:55:07
C03431,James Jackson,james.jackson3431@example.com,0476519519,Other,2026-07-29,Brisbane,QLD,2026-06-16 05:49:48,2026-09-30 12:00:00
C03432,William King,william.king3432@example.com,0429511249,M,2026-06-29,Adelaide,SA,2025-07-20 12:56:36,2026-06-10 18:56:36
C03433,James Brown,james.brown3433@example.com,0451768682,F,2026-03-08,Brisbane,QLD,2025-08-30 13:16:28,2026-03-05 05:16:28
C03434,Henry Young,henry.young3434@example.com,0475913491,M,2025-05-14,Perth,WA,2026-05-07 22:17:06,2026-09-30 12:00:00
C03435,Olivia Clark,olivia.clark3435@example.com,0469359799,F,2026-02-14,Parramatta,NSW,2025-04-19 14:21:22,2025-07-15 08:21:22
C03436,Olivia Taylor,olivia.taylor3436@example.com,0424885838,Other,2025-10-03,Brisbane,QLD,2026-01-02 16:19:00,2026-09-21 19:19:00
C03437,,henry.wilson3437@example.com,0438746200,Other,2026-01-24,Gold Coast,QLD,2026-03-26 05:34:07,2026-09-30 12:00:00
C03438,Noah Wilson,noah.wilson3438@example.com,0414167151,M,2026-01-20,Perth,WA,2026-07-06 12:07:06,2026-09-30 12:00:00
C03439,Noah Wilson,noah.wilson3439@example.com,0454674041,F,2025-12-14,Canberra,ACT,2026-09-15 05:25:47,2026-09-30 12:00:00
C03440,Henry Clark,henry.clark3440@example.com,0460972517,Other,2025-09-19,Gold Coast,QLD,2025-09-22 05:47:25,2026-06-05 12:47:25
C03441,Mia Allen,mia.allen3441@example.com,0446599984,Other,2025-11-19,Adelaide,SA,2025-04-02 08:51:01,2025-07-12 17:51:01
C03442,Henry Thompson,henry.thompson3442@example.com,0411190069,M,2025-01-08,Hobart,TAS,2025-12-29 21:26:50,2026-08-03 21:26:50
C03443,Noah Wilson,noah.wilson3443@example.com,0439601248,Other,2026-01-21,Hobart,TAS,2026-02-28 20:08:09,2026-09-30 12:00:00
C03444,Lucas Allen,lucas.allen3444@example.com,0437871569,F,2026-06-28,Brisbane,QLD,2025-05-09 22:06:41,2026-05-17 12:06:41
C03445,Mia King,mia.king3445@example.com,0470529707,M,2026-08-23,Gold Coast,QLD,2025-02-26 18:20:53,2026-02-09 14:20:53
C03446,William Harris,william.harris3446@example.com,0414448823,Other,2025-04-27,Melbourne,VIC,2026-09-12 18:05:26,2026-09-30 12:00:00
C03447,Noah Jackson,noah.jackson3447@example.com,0443806436,Other,2025-10-06,Perth,WA,2025-09-23 00:15:17,2026-06-20 20:15:17
C03448,William Allen,william.allen3448@example.com,0486559466,F,2026-08-14,Adelaide,SA,2025-02-04 00:44:26,2025-05-03 15:44:26
C03449,Jack Taylor,jack.taylor3449@example.com,0461968830,F,2026-08-13,Brisbane,QLD,2025-07-05 19:22:16,2025-11-28 14:22:16
C03450,Jack Martin,jack.martin3450@example.com,0457476619,F,2025-05-14,Sydney,NSW,2025-03-28 23:48:44,2025-11-27 21:48:44
C03451,Chloe Thompson,chloe.thompson3451@example.com,0418970696,Other,2026-04-03,Sydney,NSW,2026-05-28 00:00:07,2026-09-30 12:00:00
C03452,William Harris,william.harris3452@example.com,0452805286,Other,2025-07-08,Brisbane,QLD,2026-04-18 18:42:50,2026-09-11 16:42:50
C03453,Mia Thompson,mia.thompson3453@example.com,0466715392,F,2026-06-11,Geelong,VIC,2026-02-24 22:13:35,2026-06-21 03:13:35
C03454,Amelia Allen,amelia.allen3454@example.com,0484649979,M,2025-05-09,Geelong,VIC,2025-02-17 01:05:28,2025-02-23 15:05:28
C03455,Amelia Martin,amelia.martin3455@example.com,0415496767,F,2026-08-03,Gold Coast,QLD,2026-04-05 12:04:47,2026-09-30 12:00:00
C03456,Sophia King,sophia.king3456@example.com,0493954976,Other,2025-09-09,Brisbane,QLD,2025-04-03 22:58:54,2025-08-29 03:58:54
C03457,Jack Moore,jack.moore3457@example.com,0481789730,F,2026-01-03,Sydney,NSW,2026-07-09 06:40:13,2026-09-30 12:00:00
C03458,Leo Allen,leo.allen3458@example.com,0465640764,F,2026-01-23,Hobart,TAS,2026-07-23 03:42:13,2026-08-16 07:42:13
C03459,Henry Hall,henry.hall3459@example.com,0418690503,Other,2026-04-25,Adelaide,SA,2025-04-09 02:21:33,2026-01-20 06:21:33
C03460,Olivia Young,olivia.young3460@example.com,0487424535,M,2025-04-29,Hobart,TAS,2025-10-12 02:59:46,2025-10-13 17:59:46
C03461,Grace Taylor,grace.taylor3461@example.com,0497192646,M,2025-04-16,Geelong,VIC,2025-11-04 12:16:16,2026-05-19 10:16:16
C03462,Lucas Young,lucas.young3462@example.com,0450530217,F,2025-08-06,Parramatta,NSW,2025-03-03 18:29:23,2025-08-05 23:29:23
C03463,Thomas King,thomas.king3463@example.com,0449244170,Other,2026-05-23,Gold Coast,QLD,2025-07-09 07:31:46,2026-06-16 22:31:46
C03464,Charlie Smith,charlie.smith3464@example.com,0429734247,F,2025-09-06,Melbourne,VIC,2026-04-26 17:35:56,2026-06-27 13:35:56
C03465,Ava Thompson,ava.thompson3465@example.com,0414133133,Other,2025-06-17,Geelong,VIC,2025-06-10 02:48:41,2026-06-17 19:48:41
C03466,Ava Clark,ava.clark3466@example.com,0464474448,F,2025-01-20,Adelaide,SA,2026-08-09 18:03:39,2026-09-30 12:00:00
C03467,Liam King,liam.king3467@example.com,0486650519,Other,2026-01-05,Perth,WA,2026-01-05 23:53:13,2026-09-30 12:00:00
C03468,Charlie Wilson,charlie.wilson3468@example.com,0427931112,M,2025-01-02,Perth,WA,2025-11-11 12:48:52,2026-09-30 12:00:00
C03469,James Jackson,james.jackson3469@example.com,0416260337,M,2026-05-15,Adelaide,SA,2025-01-10 23:37:53,2025-01-21 13:37:53
C03470,Thomas Brown,thomas.brown3470@example.com,0468336875,Other,2025-08-19,Canberra,ACT,2026-06-09 23:26:58,2026-09-30 12:00:00
C03471,Ava Brown,ava.brown3471@example.com,0446636396,Other,2025-10-05,Adelaide,SA,2025-02-05 18:56:56,2025-10-27 01:56:56
C03472,Amelia Anderson,amelia.anderson3472@example.com,0433622643,Other,2026-02-24,Perth,WA,2026-05-19 23:19:34,2026-09-30 12:00:00
C03473,Isla Brown,isla.brown3473@example.com,0452501664,F,2025-05-17,Adelaide,SA,2025-10-21 21:55:17,2026-04-14 09:55:17
C03474,Grace Allen,grace.allen3474@example.com,0478428385,M,2026-05-30,Perth,WA,2026-01-05 21:17:05,2026-09-30 12:00:00
C03475,Emma Hall,emma.hall3475@example.com,0415416782,M,2025-11-11,Hobart,TAS,2025-10-05 15:30:36,2026-04-02 15:30:36
C03476,Jack Anderson,jack.anderson3476@example.com,0440302080,M,2025-08-10,Sydney,NSW,2025-03-04 05:27:11,2025-09-24 00:27:11
C03477,Liam Clark,liam.clark3477@example.com,0442416546,M,2026-09-19,Brisbane,QLD,2025-12-20 05:59:23,2026-08-03 12:59:23
C03478,Olivia Hall,olivia.hall3478@example.com,0468073398,Other,2025-12-18,Brisbane,QLD,2025-02-10 23:24:14,2025-08-01 01:24:14
C03479,Liam Anderson,liam.anderson3479@example.com,0426796594,F,2026-07-26,Brisbane,QLD,2026-04-22 12:47:30,2026-09-30 12:00:00
C03480,William Allen,william.allen3480@example.com,0463611988,Other,2026-02-22,Hobart,TAS,2026-08-31 00:03:46,2026-09-30 12:00:00
C03481,Amelia Jackson,amelia.jackson3481@example.com,0427383675,M,2026-06-30,Parramatta,NSW,2025-05-20 15:27:14,2025-09-08 23:27:14
C03482,Isla Clark,isla.clark3482@example.com,0433718135,M,2025-12-12,Sydney,NSW,2026-06-17 07:29:08,2026-09-30 12:00:00
C03483,Lucas Jackson,lucas.jackson3483@example.com,0417141275,M,2026-07-11,Geelong,VIC,2025-02-06 07:51:14,2026-02-08 22:51:14
C03484,Lucas Martin,lucas.martin3484@example.com,0469830354,M,2025-10-01,Sydney,NSW,2025-08-01 08:59:57,2025-08-18 14:59:57
C03485,William Jackson,william.jackson3485@example.com,0479073602,M,2026-07-01,Parramatta,NSW,2025-07-21 21:07:40,2026-06-07 14:07:40
C03486,Henry Moore,henry.moore3486@example.com,0494011824,M,2025-10-03,Perth,WA,2025-03-26 04:23:41,2025-11-30 21:23:41
C03487,Charlie White,charlie.white3487@example.com,0494060492,F,2025-04-27,Adelaide,SA,2025-04-14 18:33:51,2026-04-13 14:33:51
C03488,Chloe Walker,chloe.walker3488@example.com,0461829865,F,2026-01-14,Hobart,TAS,2026-01-30 17:01:57,2026-09-30 12:00:00
C03489,Isla Martin,isla.martin3489@example.com,0482394272,M,2026-04-20,Brisbane,QLD,2025-05-28 03:23:31,2026-05-04 01:23:31
C03490,Amelia Thomas,amelia.thomas3490@example.com,0494455026,F,2025-07-22,Perth,WA,2025-10-24 00:20:13,2026-09-30 12:00:00
C03491,Amelia Walker,amelia.walker3491@example.com,0427822302,Other,2026-07-24,Canberra,ACT,2026-06-27 11:39:13,2026-09-30 12:00:00
C03492,William Wright,william.wright3492@example.com,0479508892,M,2025-08-05,Melbourne,VIC,2025-08-15 19:29:39,2026-06-22 09:29:39
C03493,Noah Moore,noah.moore3493@example.com,0488068296,Other,2026-03-07,Melbourne,VIC,2025-09-01 05:06:38,2026-05-20 16:06:38
C03494,Isla Moore,isla.moore3494@example.com,0468304387,Other,2026-06-21,Geelong,VIC,2025-01-31 04:21:00,2025-08-21 17:21:00
C03495,Leo Brown,leo.brown3495@example.com,0422565504,F,2026-08-05,Perth,WA,2026-04-14 07:19:31,2026-09-30 12:00:00
C03496,Lucas King,lucas.king3496@example.com,0492629508,M,2025-01-01,Perth,WA,2025-09-10 04:35:37,2026-03-13 03:35:37
C03497,Mia Young,mia.young3497@example.com,0432668881,M,2025-04-16,Gold Coast,QLD,2025-07-09 09:09:54,2026-03-06 21:09:54
C03498,Jack Moore,jack.moore3498@example.com,0437635192,Other,2026-03-01,Hobart,TAS,2026-02-15 07:58:43,2026-09-29 16:58:43
C03499,Mia Scott,mia.scott3499@example.com,0410969411,M,2026-07-24,Hobart,TAS,2025-09-21 19:21:58,2026-07-24 04:21:58
C03500,Lucas Moore,lucas.moore3500@example.com,0497633199,F,2025-07-23,Gold Coast,QLD,2025-10-20 13:23:27,2026-09-30 12:00:00
C03501,Noah Allen,noah.allen3501@example.com,0422219154,M,2025-05-30,Melbourne,VIC,2026-06-10 15:13:02,2026-07-07 19:13:02
C03502,Charlie Jackson,charlie.jackson3502@example.com,0462414915,Other,2026-04-18,Perth,WA,2026-01-21 07:43:47,2026-04-16 18:43:47
C03503,William Thomas,william.thomas3503@example.com,0485736415,M,2026-09-05,Sydney,NSW,2025-07-29 09:58:32,2026-03-17 17:58:32
C03504,Noah Walker,noah.walker3504@example.com,0411392713,F,2026-07-16,Perth,WA,2025-01-06 03:37:07,2025-01-23 22:37:07
C03505,Thomas Walker,thomas.walker3505@example.com,0465478943,F,2025-11-08,Perth,WA,2025-01-24 23:28:13,2026-02-10 03:28:13
C03506,Charlie King,charlie.king3506@example.com,0458730067,Other,2025-10-14,Hobart,TAS,2025-07-22 21:30:32,2026-01-21 16:30:32
C03507,Noah Allen,noah.allen3507@example.com,0476524861,M,2026-03-01,Perth,WA,2025-03-01 19:42:01,2026-01-02 01:42:01
C03508,Sophia Moore,sophia.moore3508@example.com,0443141686,Other,2025-10-06,Canberra,ACT,2025-04-21 00:18:22,2026-05-10 15:18:22
C03509,Grace Walker,grace.walker3509@example.com,0441381348,Other,2026-03-28,Hobart,TAS,2025-11-04 08:58:31,2026-02-22 06:58:31
C03510,Ella Brown,ella.brown3510@example.com,0462209498,F,2025-12-20,Gold Coast,QLD,2025-05-14 16:36:01,2026-04-17 02:36:01
C03511,Noah King,noah.king3511@example.com,0470312070,F,2025-04-03,Parramatta,NSW,2026-03-30 17:51:57,2026-09-02 16:51:57
C03512,Lucas Young,lucas.young3512@example.com,0457615106,M,2026-09-13,Canberra,ACT,2026-05-30 07:28:17,2026-09-30 12:00:00
C03513,Leo Young,leo.young3513@example.com,0453402003,M,2025-06-03,Gold Coast,QLD,2026-09-26 06:32:02,2026-09-30 12:00:00
C03514,Mia Brown,mia.brown3514@example.com,0447637172,F,2026-09-15,Canberra,ACT,2026-08-08 20:37:53,2026-09-30 12:00:00
C03515,Ava Harris,ava.harris3515@example.com,0489841379,F,2025-07-01,Parramatta,NSW,2025-11-02 07:22:16,2026-07-30 19:22:16
C03516,Emma Thomas,emma.thomas3516@example.com,0470649423,M,2025-01-06,Geelong,VIC,2025-12-31 12:02:52,2026-05-01 04:02:52
C03517,Thomas King,thomas.king3517@example.com,0449022112,F,2026-03-14,Melbourne,VIC,2025-08-03 10:55:19,2026-03-06 05:55:19
C03518,James Martin,james.martin3518@example.com,0447071562,F,2026-03-17,Hobart,TAS,2025-03-02 06:30:25,2025-07-12 20:30:25
C03519,Lucas Taylor,lucas.taylor3519@example.com,0415943124,M,2026-08-12,Geelong,VIC,2026-03-13 02:11:11,2026-05-11 12:11:11
C03520,Leo Thompson,leo.thompson3520@example.com,0419412672,Other,2026-07-31,Gold Coast,QLD,2026-07-19 13:45:32,2026-09-30 12:00:00
C03521,Olivia Brown,olivia.brown3521@example.com,0439081628,F,2025-05-15,Brisbane,QLD,2025-05-06 10:33:38,2025-08-27 16:33:38
C03522,Ella Walker,ella.walker3522@example.com,0452366285,Other,2025-01-01,Perth,WA,2025-01-02 03:52:14,2025-09-22 13:52:14
C03523,James Thomas,james.thomas3523@example.com,0424217417,M,2025-03-12,Hobart,TAS,2025-12-13 15:12:50,2026-09-04 15:12:50
C03524,Ava Martin,ava.martin3524@example.com,0417354999,F,2025-04-03,Gold Coast,QLD,2026-04-22 03:34:05,2026-09-30 12:00:00
C03525,Amelia Martin,amelia.martin3525@example.com,0460154111,M,2025-12-31,Hobart,TAS,2026-08-05 18:07:12,2026-09-30 12:00:00
C03526,Jack Taylor,jack.taylor3526@example.com,0487361531,F,2026-06-30,Hobart,TAS,2025-04-08 21:52:47,2026-02-06 04:52:47
C03527,Charlie Wilson,charlie.wilson3527@example.com,0481976665,M,2025-11-15,Canberra,ACT,2026-03-20 21:31:04,2026-09-30 12:00:00
C03528,Amelia Anderson,amelia.anderson3528@example.com,0459075413,M,2026-05-18,Hobart,TAS,2025-07-28 22:10:48,2026-05-10 20:10:48
C03529,Emma Scott,emma.scott3529@example.com,0419962414,M,2025-10-14,Perth,WA,2025-03-27 04:37:14,2025-07-11 08:37:14
C03530,Lucas Moore,lucas.moore3530@example.com,0415549711,Other,2025-02-23,Sydney,NSW,2025-05-19 01:36:55,2026-06-18 09:36:55
C03531,William Allen,william.allen3531@example.com,0461721722,M,2026-04-05,Geelong,VIC,2026-04-28 15:23:33,2026-09-30 12:00:00
C03532,Henry King,henry.king3532@example.com,0465635119,Other,2025-05-15,Melbourne,VIC,2026-02-02 12:06:04,2026-09-30 12:00:00
C03533,Olivia White,olivia.white3533@example.com,0452681357,F,2025-04-06,Melbourne,VIC,2026-02-02 18:53:23,2026-03-12 07:53:23
C03534,Ava Taylor,ava.taylor3534@example.com,0482751701,M,2025-05-05,Geelong,VIC,2026-07-22 13:03:53,2026-09-30 12:00:00
C03535,Liam White,liam.white3535@example.com,0457939516,Other,2026-06-05,Hobart,TAS,2026-09-16 07:12:03,2026-09-30 12:00:00
C03536,Chloe Wright,chloe.wright3536@example.com,0448183458,Other,2025-12-16,Sydney,NSW,2025-03-02 13:50:09,2025-06-23 16:50:09
C03537,Amelia Walker,amelia.walker3537@example.com,0488205503,Other,2026-02-01,Canberra,ACT,2026-06-02 22:38:54,2026-07-25 22:38:54
C03538,Emma Wright,emma.wright3538@example.com,0431914709,M,2025-03-08,Perth,WA,2026-07-15 01:18:22,2026-07-30 12:18:22
C03539,Liam Brown,liam.brown3539@example.com,0423853768,Other,2026-07-25,Parramatta,NSW,2026-03-09 00:33:07,2026-09-30 12:00:00
C03540,James Harris,james.harris3540@example.com,0492031834,F,2025-04-15,Brisbane,QLD,2026-02-21 01:56:34,2026-09-30 12:00:00
C03541,Henry Brown,henry.brown3541@example.com,0447646656,Other,2025-12-27,Canberra,ACT,2025-08-30 08:27:36,2026-02-12 16:27:36
C03542,James Clark,james.clark3542@example.com,0477310493,M,2026-02-28,Melbourne,VIC,2026-08-28 21:51:54,2026-09-30 12:00:00
C03543,Liam Hall,liam.hall3543@example.com,0492978451,Other,2026-07-14,Brisbane,QLD,2025-12-15 12:27:38,2026-09-26 19:27:38
C03544,Isla Wright,isla.wright3544@example.com,0450942997,M,2026-09-26,Melbourne,VIC,2026-05-14 08:09:38,2026-09-30 12:00:00
C03545,James Martin,james.martin3545@example.com,0467858370,M,2025-11-20,Hobart,TAS,2026-01-03 14:59:55,2026-09-30 12:00:00
C03546,William King,william.king3546@example.com,0490607170,F,2025-07-19,Brisbane,QLD,2026-04-11 12:48:24,2026-09-30 12:00:00
C03547,Olivia Taylor,olivia.taylor3547@example.com,0426570894,F,2025-10-28,Perth,WA,2025-10-20 15:08:33,2026-09-08 03:08:33
C03548,Leo Young,leo.young3548@example.com,0427378136,Other,2026-04-02,Gold Coast,QLD,2026-08-20 00:08:50,2026-09-30 12:00:00
C03549,Leo Wilson,leo.wilson3549@example.com,0463555221,F,2025-01-09,Geelong,VIC,2026-02-04 12:08:49,2026-09-30 12:00:00
C03550,William Martin,william.martin3550@example.com,0489791905,Other,2026-02-27,Hobart,TAS,2026-06-19 04:17:51,2026-09-30 12:00:00
C03551,Chloe Brown,chloe.brown3551@example.com,0475910491,Other,2025-10-30,Geelong,VIC,2026-02-10 11:24:10,2026-09-30 12:00:00
C03552,Olivia Thomas,olivia.thomas3552@example.com,0429799484,F,2025-06-01,Geelong,VIC,2026-01-08 15:08:13,2026-02-22 13:08:13
C03553,Henry Thomas,henry.thomas3553@example.com,0414542798,M,2026-06-18,Parramatta,NSW,2025-12-15 04:21:52,2026-09-30 12:00:00
C03554,Jack Young,jack.young3554@example.com,0434126013,M,2026-01-06,Hobart,TAS,2025-11-13 19:24:56,2025-12-16 09:24:56
C03555,Olivia Thompson,olivia.thompson3555@example.com,0454353315,M,2025-03-31,Sydney,NSW,2025-01-09 20:23:58,2026-01-19 03:23:58
C03556,William Taylor,william.taylor3556@example.com,0492224404,Other,2025-08-24,Canberra,ACT,2025-10-06 11:58:26,2025-10-14 21:58:26
C03557,Sophia Anderson,sophia.anderson3557@example.com,0410889695,Other,2025-03-29,Parramatta,NSW,2025-06-03 04:46:45,2026-06-02 07:46:45
C03558,Liam Wright,liam.wright3558@example.com,0495989974,M,2025-10-15,Brisbane,QLD,2025-09-22 23:14:46,2025-11-17 07:14:46
C03559,James King,james.king3559@example.com,0495251763,F,2026-05-09,Adelaide,SA,2026-06-09 07:16:44,2026-09-18 04:16:44
C03560,Lucas King,lucas.king3560@example.com,0467322256,Other,2025-05-31,Sydney,NSW,2025-11-08 01:48:09,2025-12-27 04:48:09
C03561,Mia Wilson,mia.wilson3561@example.com,0479396602,M,2026-05-30,Parramatta,NSW,2026-05-19 19:36:55,2026-09-30 12:00:00
C03562,Emma Smith,emma.smith3562@example.com,0464814507,F,2026-04-20,Melbourne,VIC,2026-08-04 12:09:55,2026-09-30 12:00:00
C03563,Thomas Scott,thomas.scott3563@example.com,0470620579,F,2025-12-22,Perth,WA,2025-08-11 21:21:23,2026-04-27 12:21:23
C03564,Liam Walker,liam.walker3564@example.com,0476302269,Other,2025-06-02,Parramatta,NSW,2025-11-04 16:33:34,2026-01-16 22:33:34
C03565,Jack Martin,jack.martin3565@example.com,0425670605,M,2026-04-23,Brisbane,QLD,2025-07-10 04:40:20,2025-10-21 14:40:20
C03566,Thomas King,thomas.king3566@example.com,0455152111,F,2025-08-24,Sydney,NSW,2026-07-21 00:21:02,2026-09-30 12:00:00
C03567,Ella Young,ella.young3567@example.com,0463245529,F,2026-03-22,Sydney,NSW,2026-06-08 15:10:00,2026-09-30 12:00:00
C03568,Leo Clark,leo.clark3568@example.com,0453077569,Other,2026-05-28,Melbourne,VIC,2026-06-30 04:34:34,2026-09-30 12:00:00
C03569,Charlie Wilson,charlie.wilson3569@example.com,0438876693,Other,2026-02-04,Sydney,NSW,2025-02-26 20:30:20,2025-06-12 22:30:20
C03570,Ella Moore,ella.moore3570@example.com,0428289061,F,2025-05-12,Hobart,TAS,2025-07-14 03:23:49,2026-08-03 01:23:49
C03571,Emma Brown,emma.brown3571@example.com,0439510147,M,2025-05-05,Adelaide,SA,2025-10-30 22:57:05,2026-03-11 06:57:05
C03572,James Clark,james.clark3572@example.com,0461264624,F,2025-12-27,Geelong,VIC,2025-10-12 09:22:09,2026-08-11 04:22:09
C03573,Charlie Martin,charlie.martin3573@example.com,0422976798,M,2026-01-07,Brisbane,QLD,2025-07-29 06:04:38,2026-06-07 21:04:38
C03574,Mia White,mia.white3574@example.com,0468000317,Other,2026-04-24,Parramatta,NSW,2025-10-11 18:59:28,2026-01-04 13:59:28
C03575,James Wilson,james.wilson3575@example.com,0440371675,F,2025-11-05,Melbourne,VIC,2025-02-16 23:13:50,2026-01-07 08:13:50
C03576,Amelia Scott,amelia.scott3576@example.com,0484027581,Other,2026-02-28,Adelaide,SA,2026-01-09 23:45:34,2026-09-30 12:00:00
C03577,Noah Young,noah.young3577@example.com,0464152948,M,2025-05-14,Canberra,ACT,2026-06-03 02:53:59,2026-09-30 12:00:00
C03578,Emma Moore,emma.moore3578@example.com,0471249525,F,2025-08-13,Hobart,TAS,2026-08-28 04:31:38,2026-09-30 12:00:00
C03579,Thomas Anderson,thomas.anderson3579@example.com,0425773925,M,2025-06-21,Adelaide,SA,2025-10-23 18:55:02,2026-02-08 00:55:02
C03580,Ava White,ava.white3580@example.com,0448901361,F,2025-07-31,Hobart,TAS,2025-11-26 08:35:02,2026-07-08 08:35:02
C03581,Emma Martin,emma.martin3581@example.com,0473296898,Other,2026-05-24,Canberra,ACT,2025-08-12 12:35:29,2026-01-18 02:35:29
C03582,Henry Smith,henry.smith3582@example.com,0463984612,M,2025-01-04,Adelaide,SA,2025-01-19 07:25:24,2025-08-17 18:25:24
C03583,Charlie Clark,charlie.clark3583@example.com,0496572962,Other,2025-05-11,Sydney,NSW,2025-06-15 17:54:09,2025-08-15 22:54:09
C03584,Emma Wright,emma.wright3584@example.com,0484570966,F,2026-03-27,Parramatta,NSW,2026-05-31 13:55:34,2026-08-24 04:55:34
C03585,Liam Walker,liam.walker3585@example.com,0458338942,Other,2026-08-24,Brisbane,QLD,2025-08-09 19:13:12,2025-08-15 04:13:12
C03586,Grace Wright,grace.wright3586@example.com,0446663469,Other,2025-12-27,Sydney,NSW,2025-02-07 12:25:42,2025-08-29 13:25:42
C03587,Mia Taylor,mia.taylor3587@example.com,0455640969,Other,2025-10-11,Sydney,NSW,2025-07-27 08:41:58,2025-12-09 14:41:58
C03588,Lucas King,lucas.king3588@example.com,0423163805,M,2025-09-25,Geelong,VIC,2025-04-26 16:42:19,2025-12-04 03:42:19
C03589,Ava Taylor,ava.taylor3589@example.com,0421857900,F,2025-01-20,Melbourne,VIC,2026-02-03 23:15:29,2026-09-30 12:00:00
C03590,Sophia King,sophia.king3590@example.com,0465132577,Other,2025-12-13,Parramatta,NSW,2026-01-21 08:40:33,2026-03-10 10:40:33
C03591,Lucas Moore,lucas.moore3591@example.com,0432403611,M,2026-09-30,Gold Coast,QLD,2026-07-20 20:45:23,2026-09-30 12:00:00
C03592,Mia Allen,mia.allen3592@example.com,0462865282,F,2026-08-14,Hobart,TAS,2025-07-22 03:13:48,2026-02-16 09:13:48
C03593,Chloe Thomas,chloe.thomas3593@example.com,0475513822,F,2026-08-05,Adelaide,SA,2026-02-14 14:27:33,2026-09-30 12:00:00
C03594,William Moore,william.moore3594@example.com,0421985487,F,2025-09-21,Canberra,ACT,2026-03-12 02:13:53,2026-09-30 12:00:00
C03595,Amelia Wilson,amelia.wilson3595@example.com,0483514512,Other,2026-07-12,Hobart,TAS,2025-12-21 07:49:52,2026-09-30 12:00:00
C03596,Sophia Thomas,sophia.thomas3596@example.com,0411742959,Other,2026-05-17,Perth,WA,2026-05-19 04:12:12,2026-09-30 12:00:00
C03597,Leo Taylor,leo.taylor3597@example.com,0491844569,M,2025-12-09,Gold Coast,QLD,2025-01-29 01:06:04,2025-03-11 08:06:04
C03598,Sophia Young,sophia.young3598@example.com,0443703984,F,2026-09-26,Melbourne,VIC,2025-11-12 09:11:47,2026-02-21 22:11:47
C03599,Ava Wilson,ava.wilson3599@example.com,0480407193,F,2025-04-10,Brisbane,QLD,2026-08-23 19:00:05,2026-08-25 18:00:05
C03600,Leo Harris,leo.harris3600@example.com,0490904666,Other,2025-04-02,Adelaide,SA,2026-09-13 00:19:53,2026-09-30 12:00:00
C03601,Jack Allen,jack.allen3601@example.com,0492288469,Other,2026-01-26,Parramatta,NSW,2026-06-28 21:59:01,2026-09-30 12:00:00
C03602,,charlie.white3602@example.com,0425860705,M,2025-07-05,Perth,WA,2026-04-08 05:02:37,2026-09-30 12:00:00
C03603,William Hall,william.hall3603@example.com,0458832895,Other,2026-02-01,Sydney,NSW,2026-03-19 09:14:43,2026-06-15 10:14:43
C03604,Lucas Wright,lucas.wright3604@example.com,0423899361,Other,2026-01-08,Adelaide,SA,2025-06-12 08:58:23,2026-04-25 23:58:23
C03605,Isla Hall,isla.hall3605@example.com,0410954692,M,2025-04-29,Hobart,TAS,2025-07-20 05:49:56,2026-03-27 19:49:56
C03606,Jack Martin,jack.martin3606@example.com,0434546715,Other,2026-02-28,Hobart,TAS,2025-04-09 14:43:31,2025-07-24 10:43:31
C03607,James Wright,james.wright3607@example.com,0481946170,Other,2026-07-18,Perth,WA,2026-06-05 10:26:32,2026-09-30 12:00:00
C03608,Grace Wilson,grace.wilson3608@example.com,0456542534,Other,2026-01-23,Melbourne,VIC,2026-06-21 10:43:38,2026-09-30 12:00:00
C03609,Chloe Wright,chloe.wright3609@example.com,0446445736,F,2025-02-22,Brisbane,QLD,2025-08-06 22:58:12,2026-03-05 06:58:12
C03610,Ava Clark,ava.clark3610@example.com,0466948190,F,2026-09-01,Parramatta,NSW,2025-06-03 15:25:53,2026-02-11 12:25:53
C03611,Leo Harris,leo.harris3611@example.com,0493083524,F,2026-08-21,Gold Coast,QLD,2026-06-15 14:41:47,2026-09-30 12:00:00
C03612,Henry Hall,henry.hall3612@example.com,0446920106,F,2025-09-16,Geelong,VIC,2025-12-24 11:53:40,2026-09-30 12:00:00
C03613,Jack Brown,jack.brown3613@example.com,0476458577,M,2026-09-07,Sydney,NSW,2025-09-17 00:49:23,2026-01-18 14:49:23
C03614,James King,james.king3614@example.com,0493717431,F,2025-12-07,Brisbane,QLD,2026-06-21 19:25:20,2026-09-30 12:00:00
C03615,James White,james.white3615@example.com,0480461229,M,2026-01-19,Adelaide,SA,2025-12-24 08:35:55,2026-01-09 23:35:55
C03616,Mia King,mia.king3616@example.com,0435298555,M,2026-09-14,Parramatta,NSW,2025-07-23 23:34:23,2026-02-15 17:34:23
C03617,Emma White,emma.white3617@example.com,0447137544,M,2026-05-02,Perth,WA,2026-09-08 12:19:47,2026-09-30 12:00:00
C03618,Mia Hall,mia.hall3618@example.com,0461851507,M,2025-06-30,Parramatta,NSW,2025-02-26 08:05:22,2025-02-27 07:05:22
C03619,Henry Smith,henry.smith3619@example.com,0458447788,Other,2025-08-24,Gold Coast,QLD,2025-04-16 01:51:47,2025-06-27 14:51:47
C03620,Ella Hall,ella.hall3620@example.com,0472717139,F,2026-03-14,Hobart,TAS,2026-03-19 06:12:57,2026-08-15 18:12:57
C03621,Henry Clark,henry.clark3621@example.com,0436382643,Other,2026-09-27,Perth,WA,2025-02-08 07:13:54,2025-04-18 22:13:54
C03622,Chloe Harris,chloe.harris3622@example.com,0487251169,F,2025-03-13,Geelong,VIC,2025-12-10 19:09:50,2026-01-07 17:09:50
C03623,Olivia Wilson,olivia.wilson3623@example.com,0481580988,M,2026-09-03,Melbourne,VIC,2025-07-03 20:31:27,2025-07-26 11:31:27
C03624,Jack Taylor,jack.taylor3624@example.com,0485937903,Other,2026-04-26,Perth,WA,2025-11-03 16:16:37,2026-06-28 07:16:37
C03625,William Young,william.young3625@example.com,0438851827,F,2026-04-03,Parramatta,NSW,2025-08-30 00:27:05,2026-01-11 08:27:05
C03626,Isla Harris,isla.harris3626@example.com,0456162622,Other,2025-07-07,Adelaide,SA,2026-06-25 18:13:54,2026-09-30 12:00:00
C03627,Grace Brown,grace.brown3627@example.com,0454844846,F,2026-04-27,Sydney,NSW,2026-04-24 00:46:25,2026-09-30 12:00:00
C03628,Olivia Allen,olivia.allen3628@example.com,0442098894,Other,2026-02-13,Geelong,VIC,2026-07-09 21:07:10,2026-09-30 12:00:00
C03629,Emma Jackson,emma.jackson3629@example.com,0458843914,Other,2026-08-26,Hobart,TAS,2025-04-23 04:12:31,2025-12-15 12:12:31
C03630,Thomas Martin,thomas.martin3630@example.com,0411205484,F,2026-06-02,Geelong,VIC,2025-08-01 07:31:26,2026-04-14 21:31:26
C03631,James Allen,james.allen3631@example.com,0496057708,F,2025-05-02,Hobart,TAS,2025-03-09 01:40:51,2026-03-29 13:40:51
C03632,James Walker,james.walker3632@example.com,0482187923,Other,2025-11-05,Brisbane,QLD,2025-02-11 15:02:29,2025-11-08 21:02:29
C03633,Charlie Young,charlie.young3633@example.com,0479463662,F,2026-04-19,Brisbane,QLD,2026-06-09 06:51:00,2026-09-30 12:00:00
C03634,William Walker,william.walker3634@example.com,0493240636,M,2026-05-06,Gold Coast,QLD,2025-10-19 22:43:00,2026-03-18 06:43:00
C03635,Ava Young,ava.young3635@example.com,0477920891,M,2026-02-04,Melbourne,VIC,2026-09-22 00:12:07,2026-09-30 12:00:00
C03636,Henry White,henry.white3636@example.com,0493775341,Other,2025-10-01,Geelong,VIC,2026-03-15 15:47:33,2026-08-29 14:47:33
C03637,Henry Harris,henry.harris3637@example.com,0488869512,M,2025-01-25,Melbourne,VIC,2026-07-19 17:42:36,2026-09-30 12:00:00
C03638,William Thomas,william.thomas3638@example.com,0455939770,M,2026-03-10,Melbourne,VIC,2026-04-18 20:56:23,2026-09-30 12:00:00
C03639,Amelia Scott,amelia.scott3639@example.com,0415068618,M,2026-09-14,Melbourne,VIC,2025-05-08 23:23:10,2025-08-22 19:23:10
C03640,Amelia Scott,amelia.scott3640@example.com,0443002489,F,2026-02-14,Perth,WA,2026-01-26 06:14:01,2026-09-30 12:00:00
C03641,Isla Harris,isla.harris3641@example.com,0425749033,F,2025-10-09,Melbourne,VIC,2025-09-08 00:28:38,2026-08-03 18:28:38
C03642,Olivia Thomas,olivia.thomas3642@example.com,0491773219,F,2025-08-09,Adelaide,SA,2025-08-02 05:01:07,2025-10-16 01:01:07
C03643,Noah King,noah.king3643@example.com,0499161003,Other,2025-05-24,Gold Coast,QLD,2025-01-05 00:18:08,2025-04-17 02:18:08
C03644,Olivia Clark,olivia.clark3644@example.com,0414366461,Other,2025-09-01,Canberra,ACT,2025-05-10 01:19:33,2025-07-12 23:19:33
C03645,Olivia Moore,olivia.moore3645@example.com,0458172834,F,2026-05-13,Brisbane,QLD,2026-06-28 09:45:28,2026-09-30 12:00:00
C03646,Amelia Hall,amelia.hall3646@example.com,0454225842,Other,2025-12-02,Parramatta,NSW,2026-08-24 16:47:09,2026-09-30 12:00:00
C03647,Mia Young,mia.young3647@example.com,0435205271,Other,2025-05-22,Geelong,VIC,2026-01-19 02:34:10,2026-09-24 06:34:10
C03648,Grace Harris,grace.harris3648@example.com,0434785437,F,2026-01-09,Sydney,NSW,2026-08-24 11:55:06,2026-09-30 12:00:00
C03649,Charlie Walker,charlie.walker3649@example.com,0489423157,M,2025-09-07,Canberra,ACT,2026-06-23 21:46:05,2026-09-30 12:00:00
C03650,Olivia Young,olivia.young3650@example.com,0450712450,F,2026-05-29,Geelong,VIC,2026-08-12 13:46:46,2026-09-30 12:00:00
C03651,Charlie Clark,charlie.clark3651@example.com,0478786418,Other,2025-10-16,Geelong,VIC,2025-12-13 00:52:45,2026-09-30 12:00:00
C03652,Lucas Taylor,lucas.taylor3652@example.com,0448669045,F,2025-10-25,Gold Coast,QLD,2025-02-01 16:36:08,2026-01-03 00:36:08
C03653,Olivia White,olivia.white3653@example.com,0458467615,F,2025-12-27,Gold Coast,QLD,2025-01-28 14:59:54,2025-08-28 09:59:54
C03654,Amelia Jackson,amelia.jackson3654@example.com,0427999177,Other,2025-06-06,Gold Coast,QLD,2025-12-07 16:32:04,2026-01-08 08:32:04
C03655,Charlie Hall,charlie.hall3655@example.com,0476659617,F,2025-10-06,Gold Coast,QLD,2025-11-04 14:49:53,2026-06-24 10:49:53
C03656,Isla Wright,isla.wright3656@example.com,0439101773,Other,2026-04-04,Sydney,NSW,2026-01-14 09:56:45,2026-03-15 13:56:45
C03657,Liam Martin,liam.martin3657@example.com,0412285307,F,2025-03-05,Hobart,TAS,2025-09-12 15:38:30,2026-07-24 16:38:30
C03658,Sophia Thompson,sophia.thompson3658@example.com,0465841913,F,2025-09-29,Gold Coast,QLD,2026-09-07 09:35:53,2026-09-30 12:00:00
C03659,Emma Walker,emma.walker3659@example.com,0498448278,F,2025-05-01,Perth,WA,2025-05-16 06:43:36,2025-11-06 19:43:36
C03660,Liam Thompson,liam.thompson3660@example.com,0470452086,F,2026-04-03,Gold Coast,QLD,2026-08-24 07:21:57,2026-09-08 12:21:57
C03661,Henry Scott,henry.scott3661@example.com,0475876620,M,2026-05-10,Melbourne,VIC,2026-01-20 09:07:50,2026-04-09 13:07:50
C03662,Leo Moore,leo.moore3662@example.com,0494237070,M,2025-10-10,Parramatta,NSW,2025-03-06 09:52:23,2025-05-03 07:52:23
C03663,Emma Allen,emma.allen3663@example.com,0442300789,F,2025-12-28,Melbourne,VIC,2025-02-27 10:18:23,2025-08-19 03:18:23
C03664,Isla Scott,isla.scott3664@example.com,0484926185,Other,2025-08-08,Gold Coast,QLD,2026-01-08 13:51:11,2026-03-12 02:51:11
C03665,William Moore,william.moore3665@example.com,0457797801,M,2025-11-05,Adelaide,SA,2026-03-01 13:32:03,2026-09-30 12:00:00
C03666,Lucas Wilson,lucas.wilson3666@example.com,0436967434,M,2026-05-01,Melbourne,VIC,2026-05-30 13:48:45,2026-06-25 22:48:45
C03667,Noah Moore,noah.moore3667@example.com,0493986371,Other,2026-08-16,Gold Coast,QLD,2026-04-28 17:20:49,2026-07-18 19:20:49
C03668,Charlie Wright,charlie.wright3668@example.com,0442557172,M,2026-03-07,Parramatta,NSW,2025-08-17 12:35:24,2025-09-10 07:35:24
C03669,Olivia Young,olivia.young3669@example.com,0413280789,M,2025-02-04,Hobart,TAS,2026-06-15 16:34:22,2026-09-30 12:00:00
C03670,Isla Moore,isla.moore3670@example.com,0437462187,M,2025-02-14,Canberra,ACT,2025-07-21 19:05:05,2025-09-15 06:05:05
C03671,Ava Clark,ava.clark3671@example.com,0441858513,Other,2025-08-11,Brisbane,QLD,2025-02-19 01:39:45,2025-05-27 22:39:45
C03672,Lucas Walker,lucas.walker3672@example.com,0499806586,M,2026-07-11,Parramatta,NSW,2026-05-27 18:02:11,2026-05-29 15:02:11
C03673,Ella Hall,ella.hall3673@example.com,0438354172,Other,2025-11-01,Canberra,ACT,2025-06-23 20:04:35,2026-03-23 15:04:35
C03674,Sophia Hall,sophia.hall3674@example.com,0443348522,Other,2025-10-07,Canberra,ACT,2025-04-12 13:49:28,2025-11-20 01:49:28
C03675,Liam Smith,liam.smith3675@example.com,0449452788,M,2026-02-19,Canberra,ACT,2025-08-27 09:32:44,2025-10-13 14:32:44
C03676,Grace Martin,grace.martin3676@example.com,0446884896,M,2025-09-21,Adelaide,SA,2025-10-12 04:46:52,2026-05-11 13:46:52
C03677,Charlie King,charlie.king3677@example.com,0442160967,F,2026-09-01,Parramatta,NSW,2025-06-20 15:38:52,2026-01-29 04:38:52
C03678,Jack Young,jack.young3678@example.com,0491790125,Other,2025-06-22,Geelong,VIC,2026-07-17 15:28:52,2026-09-30 12:00:00
C03679,Sophia Clark,sophia.clark3679@example.com,0491854015,M,2026-08-06,Canberra,ACT,2026-04-02 21:05:19,2026-08-12 09:05:19
C03680,Amelia Thompson,amelia.thompson3680@example.com,0451735323,Other,2025-05-28,Parramatta,NSW,2025-04-05 10:21:51,2025-11-14 22:21:51
C03681,William Scott,william.scott3681@example.com,0484560540,Other,2026-01-20,Brisbane,QLD,2025-01-11 04:40:24,2025-11-05 04:40:24
C03682,Henry Wright,henry.wright3682@example.com,0426339021,Other,2026-07-05,Perth,WA,2026-02-04 13:42:51,2026-09-30 12:00:00
C03683,Ava Anderson,ava.anderson3683@example.com,0496651247,M,2025-09-30,Hobart,TAS,2025-05-30 07:42:49,2026-04-28 03:42:49
C03684,Leo King,leo.king3684@example.com,0437888933,M,2026-05-13,Adelaide,SA,2025-05-21 05:57:03,2025-09-13 19:57:03
C03685,Ella Harris,ella.harris3685@example.com,0465522348,F,2025-11-05,Melbourne,VIC,2026-02-01 21:45:04,2026-05-17 13:45:04
C03686,Thomas Thompson,thomas.thompson3686@example.com,0454004355,Other,2026-01-30,Adelaide,SA,2026-05-29 07:03:59,2026-09-30 12:00:00
C03687,Jack Hall,jack.hall3687@example.com,0410285745,M,2025-12-28,Perth,WA,2026-01-16 14:32:24,2026-09-30 12:00:00
C03688,Jack Wilson,jack.wilson3688@example.com,0445049385,Other,2025-09-19,Sydney,NSW,2026-02-10 20:47:30,2026-09-30 12:00:00
C03689,Amelia Harris,amelia.harris3689@example.com,0465175143,M,2025-09-19,Parramatta,NSW,2026-03-01 07:10:29,2026-03-19 18:10:29
C03690,Grace Moore,grace.moore3690@example.com,0430256883,M,2026-06-07,Parramatta,NSW,2025-09-15 08:11:02,2025-10-16 17:11:02
C03691,Grace Hall,grace.hall3691@example.com,0416806070,M,2025-11-30,Brisbane,QLD,2026-04-12 22:06:55,2026-09-30 12:00:00
C03692,Noah Wright,noah.wright3692@example.com,0455678510,F,2026-01-19,Geelong,VIC,2026-08-09 16:22:42,2026-09-30 12:00:00
C03693,Emma White,emma.white3693@example.com,0494007943,F,2025-07-12,Parramatta,NSW,2025-11-21 17:20:03,2026-08-26 19:20:03
C03694,Ava Thomas,ava.thomas3694@example.com,0437489392,M,2026-05-17,Hobart,TAS,2026-05-28 15:57:27,2026-09-30 12:00:00
C03695,Lucas Brown,lucas.brown3695@example.com,0463983945,M,2026-06-02,Brisbane,QLD,2025-05-12 06:13:35,2025-06-30 06:13:35
C03696,Amelia Wilson,amelia.wilson3696@example.com,0420941636,Other,2025-10-01,Adelaide,SA,2025-02-14 01:23:09,2025-04-19 20:23:09
C03697,Isla Hall,isla.hall3697@example.com,0454795481,M,2026-04-30,Brisbane,QLD,2026-08-18 13:23:39,2026-09-30 12:00:00
C03698,James Thomas,james.thomas3698@example.com,0438933153,F,2026-05-31,Gold Coast,QLD,2026-09-24 19:27:06,2026-09-30 12:00:00
C03699,William Brown,william.brown3699@example.com,0459161322,M,2025-08-15,Brisbane,QLD,2025-01-07 20:30:30,2026-01-17 19:30:30
C03700,Olivia Walker,olivia.walker3700@example.com,0463882171,Other,2026-08-25,Geelong,VIC,2025-01-12 19:48:09,2025-03-24 22:48:09
C03701,Charlie Martin,charlie.martin3701@example.com,0430803423,M,2025-10-18,Gold Coast,QLD,2025-07-25 14:07:18,2026-03-10 21:07:18
C03702,Mia Wilson,mia.wilson3702@example.com,0465534969,F,2026-02-26,Hobart,TAS,2025-05-10 14:18:15,2025-06-23 19:18:15
C03703,Isla Clark,isla.clark3703@example.com,0457755049,F,2026-06-07,Melbourne,VIC,2025-06-29 07:12:25,2025-08-12 20:12:25
C03704,James Walker,james.walker3704@example.com,0466503837,F,2025-05-23,Sydney,NSW,2025-09-14 14:20:21,2026-03-06 18:20:21
C03705,Olivia White,olivia.white3705@example.com,0452155837,M,2025-01-08,Perth,WA,2026-04-30 23:03:09,2026-09-30 12:00:00
C03706,James Moore,james.moore3706@example.com,0452843211,F,2025-03-19,Perth,WA,2026-07-18 15:02:27,2026-09-30 12:00:00
C03707,Noah Thomas,noah.thomas3707@example.com,0490373373,M,2025-07-04,Geelong,VIC,2026-06-20 02:54:24,2026-09-30 12:00:00
C03708,Mia Moore,mia.moore3708@example.com,0494509364,F,2025-10-07,Parramatta,NSW,2026-08-12 07:48:44,2026-09-30 12:00:00
C03709,Thomas Martin,thomas.martin3709@example.com,0473495769,M,2026-03-29,Hobart,TAS,2025-11-24 02:55:55,2026-06-26 12:55:55
C03710,Lucas Martin,lucas.martin3710@example.com,0429851561,F,2025-06-30,Parramatta,NSW,2025-05-29 03:45:33,2025-09-22 04:45:33
C03711,Leo Harris,leo.harris3711@example.com,0424813451,Other,2025-01-26,Perth,WA,2026-06-26 10:40:59,2026-09-30 12:00:00
C03712,Liam Brown,liam.brown3712@example.com,0450907084,Other,2026-06-01,Brisbane,QLD,2025-03-12 20:57:04,2025-08-25 18:57:04
C03713,Olivia Thompson,olivia.thompson3713@example.com,0458992789,Other,2025-09-11,Geelong,VIC,2025-02-21 19:14:12,2025-07-17 07:14:12
C03714,Mia Walker,mia.walker3714@example.com,0450621672,M,2026-04-22,Parramatta,NSW,2025-09-01 00:20:30,2026-08-29 11:20:30
C03715,Olivia Smith,olivia.smith3715@example.com,0441311284,F,2026-04-05,Hobart,TAS,2026-07-08 09:07:25,2026-09-30 12:00:00
C03716,Olivia Anderson,olivia.anderson3716@example.com,0418252735,M,2025-07-08,Geelong,VIC,2026-04-19 00:53:47,2026-09-04 14:53:47
C03717,Jack Scott,jack.scott3717@example.com,0494233190,Other,2026-04-27,Sydney,NSW,2026-07-20 21:53:51,2026-09-30 12:00:00
C03718,Noah Hall,noah.hall3718@example.com,0491219190,F,2026-01-19,Canberra,ACT,2026-01-19 12:33:06,2026-09-09 00:33:06
C03719,Olivia Moore,olivia.moore3719@example.com,0442075322,M,2025-03-12,Hobart,TAS,2025-04-07 15:47:15,2026-03-26 09:47:15
C03720,Olivia Moore,olivia.moore3720@example.com,0435394597,M,2025-03-17,Gold Coast,QLD,2026-08-27 02:49:24,2026-09-30 12:00:00
C03721,Chloe Wright,chloe.wright3721@example.com,0490820300,Other,2025-09-21,Parramatta,NSW,2026-01-20 09:41:31,2026-02-04 01:41:31
C03722,Sophia Brown,invalid-email,0457639677,M,2025-12-09,Perth,WA,2025-12-25 22:45:51,2026-09-30 12:00:00
C03723,Lucas Jackson,lucas.jackson3723@example.com,0410900128,Other,2025-09-25,Gold Coast,QLD,2026-04-24 00:42:31,2026-09-30 12:00:00
C03724,Leo Thomas,leo.thomas3724@example.com,0429757508,Other,2025-07-06,Melbourne,VIC,2026-04-26 17:56:41,2026-09-30 12:00:00
C03725,Charlie Taylor,charlie.taylor3725@example.com,0498268023,F,2025-03-08,Hobart,TAS,2025-06-13 13:01:48,2025-08-18 09:01:48
C03726,Emma King,emma.king3726@example.com,0439565470,F,2025-01-04,Perth,WA,2026-06-09 00:47:07,2026-06-22 19:47:07
C03727,Lucas Wilson,lucas.wilson3727@example.com,0497735512,F,2025-02-20,Hobart,TAS,2025-10-13 18:00:52,2026-07-24 20:00:52
C03728,Olivia Jackson,olivia.jackson3728@example.com,0413237762,F,2026-06-21,Sydney,NSW,2026-05-27 22:25:42,2026-08-22 14:25:42
C03729,Charlie Hall,charlie.hall3729@example.com,0472296606,M,2026-01-30,Adelaide,SA,2026-05-23 01:05:17,2026-09-30 12:00:00
C03730,Thomas Anderson,thomas.anderson3730@example.com,0490516945,F,2025-11-10,Geelong,VIC,2025-04-18 18:21:27,2026-03-16 14:21:27
C03731,Grace Smith,grace.smith3731@example.com,0462391012,Other,2026-07-31,Adelaide,SA,2026-04-06 06:40:20,2026-09-30 12:00:00
C03732,Emma Wright,emma.wright3732@example.com,0459445129,F,2025-09-03,Sydney,NSW,2025-06-02 01:22:55,2025-08-02 07:22:55
C03733,Lucas Hall,lucas.hall3733@example.com,0416537462,F,2026-01-01,Brisbane,QLD,2026-06-28 21:39:11,2026-09-30 12:00:00
C03734,Emma Walker,emma.walker3734@example.com,0435385501,F,2026-07-09,Adelaide,SA,2025-09-30 23:33:26,2026-08-24 14:33:26
C03735,Emma King,emma.king3735@example.com,0470300616,F,2026-05-27,Sydney,NSW,2025-04-26 15:46:31,2025-09-08 07:46:31
C03736,Charlie Scott,charlie.scott3736@example.com,0454706902,Other,2026-07-18,Parramatta,NSW,2026-01-18 19:59:39,2026-09-30 12:00:00
C03737,Sophia Jackson,sophia.jackson3737@example.com,0473038815,M,2025-07-01,Canberra,ACT,2025-08-29 11:24:38,2026-06-22 05:24:38
C03738,Isla Anderson,isla.anderson3738@example.com,0444114482,F,2026-08-15,Melbourne,VIC,2025-03-24 19:12:03,2026-03-16 07:12:03
C03739,Emma Anderson,emma.anderson3739@example.com,0488553358,Other,2025-07-13,Perth,WA,2026-05-18 03:36:05,2026-09-30 12:00:00
C03740,William Moore,william.moore3740@example.com,0474208442,Other,2025-08-10,Parramatta,NSW,2025-02-08 06:40:04,2025-06-13 23:40:04
C03741,Olivia Thompson,olivia.thompson3741@example.com,0474081087,F,2025-08-26,Perth,WA,2026-06-28 04:32:51,2026-09-30 12:00:00
C03742,Mia Thompson,mia.thompson3742@example.com,0490292120,Other,2025-10-11,Gold Coast,QLD,2025-07-02 13:44:10,2025-07-29 17:44:10
C03743,Ella Allen,ella.allen3743@example.com,0431158565,F,2026-08-29,Brisbane,QLD,2026-05-07 16:07:07,2026-08-11 09:07:07
C03744,Lucas Jackson,lucas.jackson3744@example.com,0427117416,M,2026-08-16,Brisbane,QLD,2026-01-13 03:28:14,2026-09-30 12:00:00
C03745,Mia Wilson,mia.wilson3745@example.com,0486189770,Other,2025-10-11,Adelaide,SA,2026-04-17 16:27:21,2026-04-21 23:27:21
C03746,Charlie Moore,charlie.moore3746@example.com,0474762191,Other,2025-03-22,Melbourne,VIC,2025-11-20 10:30:44,2026-09-30 12:00:00
C03747,Charlie Martin,charlie.martin3747@example.com,0495998538,F,2025-07-31,Parramatta,NSW,2025-03-17 04:42:19,2025-07-03 13:42:19
C03748,Isla White,isla.white3748@example.com,0414249010,Other,2025-05-25,Canberra,ACT,2025-03-20 02:44:21,2025-11-28 13:44:21
C03749,Charlie Thomas,charlie.thomas3749@example.com,0461074556,Other,2026-01-18,Melbourne,VIC,2026-09-26 08:32:02,2026-09-30 12:00:00
C03750,Charlie Moore,charlie.moore3750@example.com,0423478139,F,2026-07-03,Perth,WA,2025-07-10 19:16:12,2025-10-21 13:16:12
C03751,Leo Hall,leo.hall3751@example.com,0486857104,F,2025-08-22,Melbourne,VIC,2026-06-18 17:20:20,2026-06-27 05:20:20
C03752,Lucas Harris,lucas.harris3752@example.com,0450244106,M,2026-05-14,Brisbane,QLD,2025-04-19 01:50:45,2025-05-23 01:50:45
C03753,Lucas Allen,lucas.allen3753@example.com,0425399080,M,2025-04-20,Brisbane,QLD,2026-09-30 06:22:17,2026-09-30 12:00:00
C03754,Thomas Wilson,thomas.wilson3754@example.com,0496100836,M,2025-08-08,Canberra,ACT,2026-07-13 20:39:26,2026-09-30 12:00:00
C03755,Liam Wright,liam.wright3755@example.com,0477484291,Other,2025-03-21,Parramatta,NSW,2026-01-14 14:20:13,2026-09-30 12:00:00
C03756,Emma Wilson,emma.wilson3756@example.com,0459584228,F,2025-02-24,Gold Coast,QLD,2026-05-27 01:54:12,2026-09-30 12:00:00
C03757,Noah Walker,noah.walker3757@example.com,0448095332,F,2025-06-16,Brisbane,QLD,2025-06-15 12:11:19,2025-12-03 22:11:19
C03758,James Thomas,james.thomas3758@example.com,0432765630,M,2025-09-13,Geelong,VIC,2025-08-25 10:45:16,2026-03-13 05:45:16
C03759,Lucas Martin,lucas.martin3759@example.com,0449608166,M,2025-10-10,Melbourne,VIC,2026-05-17 02:48:28,2026-09-20 23:48:28
C03760,Leo Clark,leo.clark3760@example.com,0498850945,M,2026-03-04,Melbourne,VIC,2025-12-15 08:30:43,2026-01-10 07:30:43
C03761,Olivia White,olivia.white3761@example.com,0424543265,F,2025-07-14,Hobart,TAS,2026-06-23 02:03:28,2026-09-30 12:00:00
C03762,Jack Anderson,jack.anderson3762@example.com,0433799645,M,2025-06-24,Geelong,VIC,2025-09-23 20:48:47,2025-11-06 19:48:47
C03763,Ava Martin,ava.martin3763@example.com,0415584148,Other,2025-12-12,Geelong,VIC,2026-05-15 10:25:04,2026-09-30 12:00:00
C03764,Grace Harris,grace.harris3764@example.com,0435735576,M,2025-07-21,Geelong,VIC,2026-06-26 23:58:21,2026-09-30 12:00:00
C03765,Grace Clark,grace.clark3765@example.com,0454122624,F,2025-11-24,Gold Coast,QLD,2025-01-13 04:33:21,2025-11-14 06:33:21
C03766,Ella Taylor,ella.taylor3766@example.com,0483659261,M,2026-08-03,Adelaide,SA,2026-09-20 03:42:23,2026-09-30 12:00:00
C03767,Olivia Thompson,olivia.thompson3767@example.com,0425588479,Other,2025-04-16,Sydney,NSW,2025-11-08 18:11:10,2025-12-22 12:11:10
C03768,Sophia Thomas,sophia.thomas3768@example.com,0424785227,F,2025-01-08,Hobart,TAS,2026-08-20 19:17:32,2026-09-30 12:00:00
C03769,Noah Jackson,noah.jackson3769@example.com,0435442435,Other,2025-05-04,Canberra,ACT,2026-01-06 22:45:25,2026-09-30 12:00:00
C03770,Sophia Thomas,sophia.thomas3770@example.com,0414097493,M,2026-04-07,Perth,WA,2025-11-26 04:00:57,2026-01-26 09:00:57
C03771,Sophia Brown,sophia.brown3771@example.com,0451234862,F,2026-09-26,Sydney,NSW,2025-02-22 19:57:32,2026-01-20 04:57:32
C03772,Thomas Young,thomas.young3772@example.com,0419945916,Other,2026-07-10,Canberra,ACT,2026-02-05 12:23:39,2026-07-08 05:23:39
C03773,Liam Hall,liam.hall3773@example.com,0499660766,F,2026-09-14,Sydney,NSW,2026-09-07 03:15:42,2026-09-30 12:00:00
C03774,Emma Walker,emma.walker3774@example.com,0435687763,M,2025-04-27,Brisbane,QLD,2025-10-07 22:40:36,2025-12-10 08:40:36
C03775,Ella Smith,ella.smith3775@example.com,0439222998,M,2026-01-03,Geelong,VIC,2025-04-11 06:03:33,2025-09-19 10:03:33
C03776,Leo King,leo.king3776@example.com,0411660253,Other,2025-05-09,Sydney,NSW,2025-08-30 09:11:34,2026-01-06 07:11:34
C03777,Liam Harris,liam.harris3777@example.com,0442574125,M,2025-01-11,Perth,WA,2025-06-28 12:30:53,2025-08-09 08:30:53
C03778,Liam Thompson,liam.thompson3778@example.com,0415282079,F,2026-05-01,Parramatta,NSW,2025-09-17 05:15:34,2026-04-22 19:15:34
C03779,Leo Smith,leo.smith3779@example.com,0495158534,Other,2026-08-28,Brisbane,QLD,2025-05-18 19:58:46,2025-08-28 15:58:46
C03780,Ella Allen,,0477002394,F,2025-05-18,Perth,WA,2026-02-09 15:19:03,2026-09-30 12:00:00
C03781,Noah Brown,noah.brown3781@example.com,0412746652,M,2025-08-12,Adelaide,SA,2025-12-13 05:50:18,2026-09-30 12:00:00
C03782,Olivia Moore,olivia.moore3782@example.com,0476175581,M,2025-10-18,Geelong,VIC,2025-01-20 22:43:52,2026-02-11 17:43:52
C03783,Charlie Anderson,charlie.anderson3783@example.com,0468635431,Other,2026-06-29,Gold Coast,QLD,2025-10-11 05:27:22,2026-03-08 07:27:22
C03784,Lucas Jackson,lucas.jackson3784@example.com,0441398029,Other,2026-07-19,Hobart,TAS,2025-07-02 15:54:27,2026-07-23 14:54:27
C03785,Jack Thomas,jack.thomas3785@example.com,0478624085,Other,2025-07-15,Parramatta,NSW,2026-07-23 21:06:51,2026-09-30 12:00:00
C03786,Leo Jackson,leo.jackson3786@example.com,0474170039,Other,2025-02-10,Sydney,NSW,2026-04-16 17:41:27,2026-09-30 12:00:00
C03787,Henry Thomas,henry.thomas3787@example.com,0479936079,Other,2026-09-09,Parramatta,NSW,2025-12-27 14:49:41,2026-04-24 16:49:41
C03788,Isla Wright,isla.wright3788@example.com,0489614038,M,2025-03-24,Parramatta,NSW,2025-03-14 02:46:27,2026-02-26 20:46:27
C03789,William Thompson,william.thompson3789@example.com,0410917585,F,2025-01-04,Parramatta,NSW,2025-11-16 22:29:46,2025-12-16 09:29:46
C03790,Chloe Allen,chloe.allen3790@example.com,0486013187,F,2026-08-15,Gold Coast,QLD,2025-01-07 23:35:35,2026-02-08 08:35:35
C03791,Amelia Scott,amelia.scott3791@example.com,0465647128,M,2025-03-14,Perth,WA,2025-07-22 11:29:24,2026-04-07 00:29:24
C03792,Mia King,mia.king3792@example.com,0484147907,F,2026-01-03,Melbourne,VIC,2025-11-30 18:22:04,2026-09-30 12:00:00
C03793,Henry Thomas,henry.thomas3793@example.com,0435357521,Other,2025-02-05,Sydney,NSW,2026-01-15 18:21:21,2026-03-08 00:21:21
C03794,Jack Scott,jack.scott3794@example.com,0498509501,Other,2025-12-29,Geelong,VIC,2025-12-26 09:06:37,2026-07-25 15:06:37
C03795,Emma Taylor,emma.taylor3795@example.com,0440922759,F,2025-08-23,Melbourne,VIC,2026-09-03 13:31:19,2026-09-30 12:00:00
C03796,Leo Moore,leo.moore3796@example.com,0475932621,M,2026-05-24,Hobart,TAS,2025-01-11 10:46:01,2025-05-19 12:46:01
C03797,Liam Anderson,liam.anderson3797@example.com,0477421350,F,2025-02-10,Parramatta,NSW,2025-09-25 04:26:55,2026-09-19 19:26:55
C03798,William Thomas,william.thomas3798@example.com,0418472928,Other,2026-09-30,Parramatta,NSW,2026-07-13 03:08:33,2026-08-23 17:08:33
C03799,Lucas White,lucas.white3799@example.com,0452970787,M,2025-05-03,Gold Coast,QLD,2025-11-11 21:28:47,2026-09-30 12:00:00
C03800,Noah Thomas,noah.thomas3800@example.com,0439186650,M,2025-03-31,Adelaide,SA,2025-11-21 18:27:15,2026-09-30 12:00:00
C03801,Sophia Scott,sophia.scott3801@example.com,0464056184,M,2025-09-04,Parramatta,NSW,2025-09-02 03:57:01,2026-06-02 19:57:01
C03802,Olivia Walker,olivia.walker3802@example.com,0441524575,Other,2025-04-08,Gold Coast,QLD,2026-08-19 08:43:53,2026-09-01 08:43:53
C03803,Thomas Smith,thomas.smith3803@example.com,0415024377,M,2025-05-13,Parramatta,NSW,2026-03-04 09:35:23,2026-09-30 12:00:00
C03804,Noah Young,noah.young3804@example.com,0421709677,F,2025-02-16,Sydney,NSW,2025-11-08 02:45:16,2025-11-20 19:45:16
C03805,Liam Young,liam.young3805@example.com,0481532525,F,2025-07-16,Brisbane,QLD,2026-03-09 02:27:40,2026-09-30 12:00:00
C03806,Ava Wilson,ava.wilson3806@example.com,0499219877,M,2025-01-22,Brisbane,QLD,2026-08-05 19:36:30,2026-08-11 01:36:30
C03807,Henry Jackson,henry.jackson3807@example.com,0450994840,M,2025-04-17,Brisbane,QLD,2026-05-23 08:13:46,2026-09-04 17:13:46
C03808,Olivia Walker,olivia.walker3808@example.com,0410260958,M,2025-01-13,Gold Coast,QLD,2025-03-09 01:51:01,2025-08-06 13:51:01
C03809,Sophia Taylor,sophia.taylor3809@example.com,0471097922,Other,2025-11-07,Parramatta,NSW,2025-05-05 07:21:23,2025-10-23 06:21:23
C03810,Liam Brown,liam.brown3810@example.com,0490100604,F,2026-03-10,Adelaide,SA,2025-05-31 21:43:08,2026-05-14 04:43:08
C03811,Charlie Anderson,charlie.anderson3811@example.com,0480160252,Other,2026-07-27,Geelong,VIC,2026-05-16 12:50:49,2026-06-25 10:50:49
C03812,Lucas King,lucas.king3812@example.com,0468781243,F,2025-03-07,Adelaide,SA,2026-07-22 14:31:27,2026-09-30 12:00:00
C03813,William Young,william.young3813@example.com,0482080932,M,2026-06-30,Adelaide,SA,2026-04-21 21:04:08,2026-08-09 16:04:08
C03814,Lucas White,lucas.white3814@example.com,0447276960,Other,2026-05-03,Hobart,TAS,2026-04-13 20:40:51,2026-07-04 21:40:51
C03815,Mia Brown,mia.brown3815@example.com,0477282190,F,2026-06-07,Brisbane,QLD,2026-01-05 03:37:16,2026-06-17 13:37:16
C03816,Noah Hall,noah.hall3816@example.com,0476925145,Other,2026-02-17,Parramatta,NSW,2025-10-15 03:34:35,2026-09-30 12:00:00
C03817,Sophia Brown,sophia.brown3817@example.com,0454486674,Other,2025-07-17,Parramatta,NSW,2025-04-20 11:56:31,2025-10-01 03:56:31
C03818,Lucas Taylor,lucas.taylor3818@example.com,0414424915,F,2025-10-13,Canberra,ACT,2025-11-30 07:42:25,2026-09-30 12:00:00
C03819,Sophia Scott,sophia.scott3819@example.com,0485637167,F,2025-09-15,Parramatta,NSW,2025-08-30 18:11:28,2025-10-11 15:11:28
C03820,James Walker,james.walker3820@example.com,0428827060,M,2026-04-25,Parramatta,NSW,2026-06-13 10:54:26,2026-09-30 12:00:00
C03821,Noah Moore,noah.moore3821@example.com,0456488366,F,2025-12-23,Parramatta,NSW,2026-04-15 17:42:17,2026-07-19 18:42:17
C03822,Jack White,jack.white3822@example.com,0479276290,Other,2026-08-31,Gold Coast,QLD,2025-10-01 09:59:48,2025-10-19 23:59:48
C03823,Grace Hall,grace.hall3823@example.com,0496482450,Other,2025-05-19,Adelaide,SA,2026-05-31 16:34:51,2026-09-30 12:00:00
C03824,Emma Brown,emma.brown3824@example.com,0412907711,Other,2025-11-14,Melbourne,VIC,2026-04-12 04:43:42,2026-04-16 12:43:42
C03825,Chloe Wilson,chloe.wilson3825@example.com,0459266095,Other,2026-05-19,Geelong,VIC,2025-06-27 09:25:06,2026-06-14 23:25:06
C03826,Ella Smith,ella.smith3826@example.com,0464875568,F,2025-03-25,Brisbane,QLD,2025-04-08 00:44:19,2026-01-15 13:44:19
C03827,Thomas Walker,thomas.walker3827@example.com,0450348400,F,2025-03-02,Brisbane,QLD,2025-10-07 04:27:08,2026-09-30 12:00:00
C03828,Henry Wright,henry.wright3828@example.com,0477388127,F,2026-04-23,Canberra,ACT,2026-03-01 15:05:07,2026-03-09 18:05:07
C03829,James White,james.white3829@example.com,0448287696,Other,2025-10-28,Parramatta,NSW,2025-06-10 10:29:49,2025-07-05 08:29:49
C03830,Mia Smith,mia.smith3830@example.com,0466793504,Other,2026-08-03,Adelaide,SA,2025-09-08 04:19:53,2026-03-20 01:19:53
C03831,Amelia Allen,amelia.allen3831@example.com,0417656723,F,2025-08-22,Brisbane,QLD,2026-09-08 21:03:48,2026-09-30 12:00:00
C03832,Thomas Taylor,thomas.taylor3832@example.com,0489173618,Other,2025-05-27,Adelaide,SA,2026-03-29 19:38:56,2026-09-30 12:00:00
C03833,Henry Clark,henry.clark3833@example.com,0426268796,M,2025-07-16,Hobart,TAS,2025-06-14 09:29:01,2025-11-06 01:29:01
C03834,Olivia Wilson,olivia.wilson3834@example.com,0445472122,F,2026-01-24,Canberra,ACT,2026-03-13 09:15:08,2026-07-17 11:15:08
C03835,Isla Taylor,isla.taylor3835@example.com,0473703699,M,2025-01-23,Canberra,ACT,2025-05-08 05:29:23,2026-03-08 07:29:23
C03836,Mia Harris,mia.harris3836@example.com,0461181649,Other,2026-04-26,Parramatta,NSW,2026-04-17 08:12:46,2026-07-05 19:12:46
C03837,Sophia Smith,sophia.smith3837@example.com,0430781711,M,2025-05-07,Gold Coast,QLD,2025-08-04 12:08:20,2025-09-20 08:08:20
C03838,Noah Thompson,noah.thompson3838@example.com,0495909776,M,2025-01-29,Brisbane,QLD,2025-04-22 20:04:07,2026-02-19 20:04:07
C03839,Leo Smith,leo.smith3839@example.com,0437367373,M,2025-02-03,Adelaide,SA,2025-04-15 07:47:25,2026-03-14 01:47:25
C03840,Isla Anderson,isla.anderson3840@example.com,0466885714,F,2025-09-08,Sydney,NSW,2025-03-19 21:19:16,2025-06-11 17:19:16
C03841,Isla Jackson,isla.jackson3841@example.com,0426095270,M,2026-02-24,Canberra,ACT,2025-09-29 21:08:20,2026-09-30 12:00:00
C03842,Emma Thompson,emma.thompson3842@example.com,0429014500,F,2025-03-29,Hobart,TAS,2026-08-08 22:39:19,2026-09-30 12:00:00
C03843,Ella Harris,ella.harris3843@example.com,0481848779,M,2026-02-16,Gold Coast,QLD,2025-11-19 06:28:48,2026-09-30 12:00:00
C03844,Thomas Anderson,thomas.anderson3844@example.com,0487917351,Other,2025-11-15,Hobart,TAS,2026-01-13 01:34:06,2026-05-31 20:34:06
C03845,Olivia Thomas,olivia.thomas3845@example.com,0440868717,F,2026-06-08,Parramatta,NSW,2025-05-17 06:22:35,2025-11-23 00:22:35
C03846,Olivia Jackson,olivia.jackson3846@example.com,0476550163,F,2025-02-16,Gold Coast,QLD,2025-06-25 16:33:01,2025-12-14 16:33:01
C03847,Chloe Young,chloe.young3847@example.com,0438429808,F,2025-09-23,Geelong,VIC,2026-08-23 21:56:57,2026-09-30 12:00:00
C03848,Sophia Anderson,sophia.anderson3848@example.com,0475586428,F,2025-09-17,Gold Coast,QLD,2025-07-05 08:45:44,2026-03-04 23:45:44
C03849,Sophia Harris,sophia.harris3849@example.com,0451086615,F,2025-10-17,Hobart,TAS,2026-02-04 08:50:37,2026-06-09 09:50:37
C03850,Olivia Brown,olivia.brown3850@example.com,0462368350,F,2026-07-14,Perth,WA,2025-01-09 12:36:34,2025-09-27 16:36:34
C03851,Grace Anderson,grace.anderson3851@example.com,0489684093,M,2026-07-30,Adelaide,SA,2026-01-08 11:51:13,2026-09-20 01:51:13
C03852,Isla Martin,isla.martin3852@example.com,0444113274,M,2026-04-25,Perth,WA,2025-01-22 18:06:08,2025-03-25 18:06:08
C03853,Ava Moore,ava.moore3853@example.com,0422425857,F,2025-03-03,Brisbane,QLD,2025-12-29 23:12:38,2026-08-09 00:12:38
C03854,Lucas Scott,lucas.scott3854@example.com,0469104147,Other,2025-05-27,Parramatta,NSW,2025-05-25 20:47:16,2026-01-19 20:47:16
C03855,Leo Anderson,leo.anderson3855@example.com,0462914246,M,2025-08-11,Gold Coast,QLD,2025-04-17 22:30:18,2025-07-30 01:30:18
C03856,Liam Moore,liam.moore3856@example.com,0449882385,M,2026-09-04,Melbourne,VIC,2025-08-25 23:43:44,2026-09-27 17:43:44
C03857,Thomas Young,thomas.young3857@example.com,0430843221,Other,2025-09-06,Brisbane,QLD,2025-10-01 04:29:35,2026-07-21 15:29:35
C03858,Grace Wilson,grace.wilson3858@example.com,0455113703,F,2026-09-12,Adelaide,SA,2026-08-29 08:36:26,2026-09-30 12:00:00
C03859,Isla Scott,isla.scott3859@example.com,0470213476,Other,2025-07-17,Gold Coast,QLD,2026-04-13 23:32:56,2026-06-12 04:32:56
C03860,Emma Allen,emma.allen3860@example.com,0427813746,M,2025-10-14,Brisbane,QLD,2025-05-28 14:46:06,2026-02-22 21:46:06
C03861,James Thomas,james.thomas3861@example.com,0473860394,F,2025-04-15,Parramatta,NSW,2026-09-07 06:25:55,2026-09-30 12:00:00
C03862,Charlie Walker,charlie.walker3862@example.com,0462269576,F,2026-01-11,Brisbane,QLD,2025-02-01 21:17:02,2025-06-24 20:17:02
C03863,Emma Wilson,emma.wilson3863@example.com,0412135165,F,2025-01-07,Sydney,NSW,2026-07-20 12:14:32,2026-08-29 15:14:32
C03864,Liam Anderson,liam.anderson3864@example.com,0449185349,Other,2025-12-13,Canberra,ACT,2026-09-10 05:02:30,2026-09-30 12:00:00
C03865,Lucas Moore,lucas.moore3865@example.com,0475816098,F,2025-10-07,Sydney,NSW,2026-06-23 22:08:28,2026-09-30 12:00:00
C03866,Ava Jackson,ava.jackson3866@example.com,0495731725,F,2025-07-18,Hobart,TAS,2025-08-04 10:44:16,2025-11-23 17:44:16
C03867,Liam Hall,liam.hall3867@example.com,0435113062,M,2025-12-19,Canberra,ACT,2025-08-10 19:26:49,2026-08-28 13:26:49
C03868,Emma Brown,emma.brown3868@example.com,0419088182,F,2025-07-18,Melbourne,VIC,2025-05-22 12:00:31,2026-01-02 17:00:31
C03869,Henry Young,henry.young3869@example.com,0476668408,M,2026-01-05,Perth,WA,2026-08-06 21:50:24,2026-09-30 12:00:00
C03870,Isla Allen,isla.allen3870@example.com,0486208124,Other,2025-07-19,Parramatta,NSW,2025-04-25 00:22:11,2025-04-27 17:22:11
C03871,Noah King,noah.king3871@example.com,0416944370,F,2026-09-30,Adelaide,SA,2025-08-16 00:42:51,2026-06-02 11:42:51
C03872,William White,william.white3872@example.com,0435873158,F,2025-03-29,Adelaide,SA,2026-04-06 07:06:08,2026-09-30 12:00:00
C03873,Sophia Young,sophia.young3873@example.com,0460079089,Other,2025-01-28,Gold Coast,QLD,2025-02-22 05:43:44,2025-10-13 02:43:44
C03874,Thomas Anderson,thomas.anderson3874@example.com,0473360006,M,2025-06-26,Perth,WA,2026-07-12 22:01:00,2026-09-30 12:00:00
C03875,James King,james.king3875@example.com,0447483872,F,2025-07-04,Adelaide,SA,2025-03-29 05:48:07,2025-12-21 23:48:07
C03876,Mia Scott,mia.scott3876@example.com,0438146130,M,2025-12-02,Gold Coast,QLD,2026-08-07 13:49:02,2026-09-30 12:00:00
C03877,Amelia Scott,amelia.scott3877@example.com,0493356597,M,2025-07-22,Canberra,ACT,2026-04-21 11:07:29,2026-09-30 12:00:00
C03878,Ava Jackson,ava.jackson3878@example.com,0491202896,F,2025-03-10,Melbourne,VIC,2026-07-19 16:34:03,2026-09-30 12:00:00
C03879,Charlie Thompson,charlie.thompson3879@example.com,0416318880,F,2026-06-10,Melbourne,VIC,2025-06-23 23:17:07,2025-10-14 23:17:07
C03880,Ella Walker,ella.walker3880@example.com,0455724641,Other,2026-07-09,Adelaide,SA,2025-12-24 16:44:50,2026-08-30 02:44:50
C03881,Jack Smith,jack.smith3881@example.com,0415783996,F,2026-09-26,Hobart,TAS,2025-12-13 18:48:06,2026-05-18 04:48:06
C03882,Charlie Thomas,charlie.thomas3882@example.com,0427171287,F,2025-07-02,Parramatta,NSW,2026-02-05 13:39:18,2026-09-30 12:00:00
C03883,Thomas Walker,thomas.walker3883@example.com,0428029931,M,2025-11-12,Gold Coast,QLD,2025-04-17 17:58:07,2025-09-12 15:58:07
C03884,Mia King,mia.king3884@example.com,0429627540,M,2026-05-14,Brisbane,QLD,2025-11-28 01:43:44,2026-04-09 13:43:44
C03885,Leo Harris,leo.harris3885@example.com,0424310184,F,2026-01-22,Parramatta,NSW,2025-10-30 19:55:12,2026-08-20 04:55:12
C03886,Charlie Harris,charlie.harris3886@example.com,0466299666,Other,2026-06-08,Melbourne,VIC,2026-03-29 17:57:43,2026-09-30 12:00:00
C03887,Isla King,isla.king3887@example.com,0417328474,F,2026-03-24,Gold Coast,QLD,2026-04-03 08:39:04,2026-09-30 12:00:00
C03888,Charlie Anderson,charlie.anderson3888@example.com,0497660116,Other,2026-04-06,Perth,WA,2025-10-24 02:32:28,2026-09-08 09:32:28
C03889,Ella Scott,ella.scott3889@example.com,0447411802,Other,2025-08-06,Gold Coast,QLD,2025-08-10 14:30:03,2025-09-16 19:30:03
C03890,Emma Walker,emma.walker3890@example.com,0444719473,M,2026-03-26,Brisbane,QLD,2025-12-31 21:42:38,2026-09-25 01:42:38
C03891,Ella Smith,ella.smith3891@example.com,0489078472,M,2026-02-03,Brisbane,QLD,2026-03-27 00:18:02,2026-09-30 12:00:00
C03892,Isla Wilson,isla.wilson3892@example.com,0467996754,Other,2026-08-27,Canberra,ACT,2026-04-03 11:25:50,2026-09-30 12:00:00
C03893,Liam Brown,liam.brown3893@example.com,0425812166,M,2026-01-08,Parramatta,NSW,2025-06-12 15:13:21,2026-07-15 06:13:21
C03894,Leo Allen,leo.allen3894@example.com,0484164235,F,2026-04-14,Sydney,NSW,2025-03-16 04:54:15,2025-03-18 04:54:15
C03895,Thomas Wright,thomas.wright3895@example.com,0450927633,M,2025-12-15,Gold Coast,QLD,2026-08-25 03:23:14,2026-09-30 12:00:00
C03896,Leo Clark,leo.clark3896@example.com,0454780993,F,2026-07-05,Melbourne,VIC,2025-01-08 18:34:50,2026-01-13 18:34:50
C03897,William Walker,william.walker3897@example.com,0419821354,M,2026-02-20,Hobart,TAS,2025-02-17 22:13:01,2025-06-01 06:13:01
C03898,Jack Jackson,jack.jackson3898@example.com,0445831783,Other,2026-09-09,Sydney,NSW,2026-08-26 16:20:27,2026-09-30 12:00:00
C03899,Charlie Hall,charlie.hall3899@example.com,0446554970,F,2025-04-12,Melbourne,VIC,2026-05-26 01:27:02,2026-06-07 16:27:02
C03900,Henry White,henry.white3900@example.com,0489356649,M,2026-05-15,Parramatta,NSW,2026-04-01 01:03:50,2026-08-22 00:03:50
C03901,Sophia Martin,sophia.martin3901@example.com,0495487259,F,2025-09-02,Parramatta,NSW,2026-02-01 17:28:05,2026-09-30 12:00:00
C03902,Thomas Hall,thomas.hall3902@example.com,0475738870,F,2025-01-07,Perth,WA,2025-07-10 02:58:22,2026-03-12 00:58:22
C03903,Jack Harris,jack.harris3903@example.com,0448986219,Other,2026-05-27,Gold Coast,QLD,2026-05-29 13:27:07,2026-09-30 12:00:00
C03904,Sophia Wilson,sophia.wilson3904@example.com,0418525488,F,2025-04-22,Brisbane,QLD,2025-06-24 15:32:23,2025-10-22 11:32:23
C03905,Amelia Young,,0486766291,M,2025-03-26,Canberra,ACT,2026-04-27 05:26:13,2026-09-30 12:00:00
C03906,Ava Anderson,ava.anderson3906@example.com,0426464887,F,2026-07-31,Parramatta,NSW,2025-08-13 18:55:37,2026-05-08 23:55:37
C03907,James Smith,james.smith3907@example.com,0410902071,F,2025-10-07,Adelaide,SA,2025-05-06 06:55:08,2026-04-10 04:55:08
C03908,Thomas Harris,thomas.harris3908@example.com,0458771844,Other,2025-09-30,Gold Coast,QLD,2026-03-06 14:59:50,2026-09-30 12:00:00
C03909,Emma Hall,emma.hall3909@example.com,0489067193,M,2026-08-14,Perth,WA,2026-02-04 00:18:20,2026-09-05 17:18:20
C03910,Noah Taylor,noah.taylor3910@example.com,0499571805,F,2026-02-14,Perth,WA,2025-11-14 11:28:41,2026-06-08 02:28:41
C03911,Isla Allen,isla.allen3911@example.com,0416290641,Other,2025-12-28,Perth,WA,2026-01-30 12:55:16,2026-09-30 12:00:00
C03912,Liam Smith,liam.smith3912@example.com,0454229072,F,2025-07-09,Canberra,ACT,2025-12-17 20:08:37,2026-07-29 05:08:37
C03913,Noah Allen,noah.allen3913@example.com,0476452258,Other,2025-05-18,Gold Coast,QLD,2025-03-05 09:36:39,2025-12-06 01:36:39
C03914,Lucas King,lucas.king3914@example.com,0447027175,M,2025-06-20,Canberra,ACT,2026-05-15 04:29:23,2026-09-30 12:00:00
C03915,James Walker,james.walker3915@example.com,0432839523,Other,2026-07-04,Geelong,VIC,2026-07-22 11:44:02,2026-09-30 12:00:00
C03916,Charlie White,charlie.white3916@example.com,0474283943,M,2025-11-09,Canberra,ACT,2026-03-19 21:17:02,2026-04-20 09:17:02
C03917,Grace Walker,grace.walker3917@example.com,0443174825,M,2025-07-18,Parramatta,NSW,2026-08-22 01:15:10,2026-09-30 12:00:00
C03918,Noah King,noah.king3918@example.com,0424561847,M,2026-06-05,Parramatta,NSW,2026-08-04 07:15:52,2026-08-14 09:15:52
C03919,Henry Smith,henry.smith3919@example.com,0480205294,F,2025-11-24,Perth,WA,2025-12-29 08:32:34,2026-06-12 18:32:34
C03920,Isla Anderson,isla.anderson3920@example.com,0420042134,F,2025-07-17,Brisbane,QLD,2025-12-31 04:36:25,2026-02-22 14:36:25
C03921,Grace Scott,grace.scott3921@example.com,0452598189,M,2026-04-09,Adelaide,SA,2025-09-17 11:29:45,2026-06-11 17:29:45
C03922,Lucas King,lucas.king3922@example.com,0442418399,F,2025-12-24,Parramatta,NSW,2026-05-29 14:45:59,2026-07-14 11:45:59
C03923,Leo Walker,leo.walker3923@example.com,0487197710,F,2026-07-05,Hobart,TAS,2026-03-19 07:42:13,2026-09-30 12:00:00
C03924,Grace Harris,grace.harris3924@example.com,0461952261,M,2025-05-06,Geelong,VIC,2026-04-21 20:34:59,2026-07-03 06:34:59
C03925,Amelia Scott,amelia.scott3925@example.com,0490900715,F,2026-04-27,Hobart,TAS,2025-04-24 23:27:08,2025-09-07 12:27:08
C03926,Grace Thomas,grace.thomas3926@example.com,0448112097,M,2026-03-18,Hobart,TAS,2025-07-20 12:51:56,2026-07-06 05:51:56
C03927,Thomas Moore,thomas.moore3927@example.com,0485777907,Other,2026-09-13,Geelong,VIC,2026-05-12 18:29:12,2026-09-30 12:00:00
C03928,Olivia Wilson,olivia.wilson3928@example.com,0491432247,M,2026-09-28,Melbourne,VIC,2025-05-15 20:59:52,2026-01-23 22:59:52
C03929,Jack Anderson,jack.anderson3929@example.com,0427261216,M,2026-01-10,Melbourne,VIC,2025-07-12 17:42:29,2025-10-01 20:42:29
C03930,Noah Wright,noah.wright3930@example.com,0450902313,Other,2025-10-05,Melbourne,VIC,2025-10-08 11:46:50,2026-04-21 16:46:50
C03931,Grace Thomas,grace.thomas3931@example.com,0439134138,Other,2025-08-30,Sydney,NSW,2025-02-06 03:25:21,2025-09-11 16:25:21
C03932,Amelia Jackson,amelia.jackson3932@example.com,0427646484,F,2025-05-12,Gold Coast,QLD,2025-02-07 16:09:18,2025-05-15 15:09:18
C03933,Jack White,jack.white3933@example.com,0476372813,F,2025-11-17,Canberra,ACT,2025-04-04 08:00:15,2025-05-02 04:00:15
C03934,Amelia Young,amelia.young3934@example.com,0428943936,F,2026-06-26,Brisbane,QLD,2025-03-09 21:17:57,2025-05-29 22:17:57
C03935,Sophia Jackson,sophia.jackson3935@example.com,0490564046,M,2025-09-10,Gold Coast,QLD,2025-02-20 15:17:23,2025-02-28 14:17:23
C03936,Ava Young,ava.young3936@example.com,0413280750,M,2025-09-29,Melbourne,VIC,2026-08-22 20:56:36,2026-09-30 12:00:00
C03937,Henry Smith,henry.smith3937@example.com,0472821585,F,2025-04-09,Brisbane,QLD,2025-07-27 02:01:58,2026-06-09 02:01:58
C03938,Ella Thomas,ella.thomas3938@example.com,0473715184,Other,2025-08-14,Parramatta,NSW,2025-12-03 22:44:15,2026-02-08 13:44:15
C03939,Chloe Walker,chloe.walker3939@example.com,0427082399,F,2026-01-01,Gold Coast,QLD,2025-12-18 08:28:25,2026-01-20 22:28:25
C03940,Chloe White,chloe.white3940@example.com,0472834394,M,2025-07-04,Gold Coast,QLD,2025-11-25 09:35:59,2026-01-18 18:35:59
C03941,Leo Walker,leo.walker3941@example.com,0439146157,Other,2025-05-11,Perth,WA,2025-04-19 10:57:43,2025-08-24 04:57:43
C03942,Amelia Harris,amelia.harris3942@example.com,0456405210,M,2025-04-11,Sydney,NSW,2026-04-19 22:03:53,2026-06-30 00:03:53
C03943,William Harris,william.harris3943@example.com,0493044549,Other,2026-07-07,Parramatta,NSW,2025-09-13 18:03:27,2025-12-03 09:03:27
C03944,Amelia Thompson,amelia.thompson3944@example.com,0438886122,Other,2026-08-02,Canberra,ACT,2025-07-05 09:51:28,2026-03-04 15:51:28
C03945,Noah Anderson,noah.anderson3945@example.com,0490599649,M,2025-06-01,Hobart,TAS,2026-09-11 01:14:28,2026-09-30 12:00:00
C03946,Charlie Moore,charlie.moore3946@example.com,0472003157,Other,2025-03-31,Hobart,TAS,2025-09-06 18:44:50,2026-03-11 04:44:50
C03947,Sophia Thomas,sophia.thomas3947@example.com,0462559164,Other,2025-11-30,Geelong,VIC,2025-04-02 13:43:11,2025-07-01 14:43:11
C03948,Amelia Wilson,amelia.wilson3948@example.com,0462864878,F,2025-08-09,Melbourne,VIC,2025-01-04 22:17:53,2025-05-13 04:17:53
C03949,Leo Harris,leo.harris3949@example.com,0466157110,Other,2025-04-06,Brisbane,QLD,2025-09-15 06:52:10,2026-09-30 12:00:00
C03950,Henry Anderson,henry.anderson3950@example.com,0432166057,F,2026-02-12,Sydney,NSW,2025-01-08 20:03:29,2025-11-27 00:03:29
C03951,Thomas White,thomas.white3951@example.com,0469866120,Other,2025-11-24,Gold Coast,QLD,2025-06-10 14:32:03,2026-04-28 06:32:03
C03952,Chloe Taylor,chloe.taylor3952@example.com,0439265818,M,2025-01-15,Melbourne,VIC,2026-09-09 06:12:34,2026-09-30 12:00:00
C03953,Olivia Wright,olivia.wright3953@example.com,0455916755,Other,2026-03-11,Melbourne,VIC,2025-03-03 21:27:13,2026-01-22 01:27:13
C03954,Chloe Hall,chloe.hall3954@example.com,0474348569,M,2026-07-21,Gold Coast,QLD,2025-10-18 12:23:35,2026-05-17 15:23:35
C03955,Sophia Hall,sophia.hall3955@example.com,0439071308,M,2025-07-08,Melbourne,VIC,2025-09-05 09:17:51,2026-04-09 05:17:51
C03956,Sophia Clark,sophia.clark3956@example.com,0454853520,F,2026-02-25,Gold Coast,QLD,2026-02-28 16:18:52,2026-09-30 12:00:00
C03957,William Thompson,william.thompson3957@example.com,0479078311,F,2025-04-21,Geelong,VIC,2026-04-22 10:31:13,2026-09-29 12:31:13
C03958,Chloe Clark,chloe.clark3958@example.com,0487834984,F,2025-12-02,Hobart,TAS,2026-01-31 11:45:52,2026-09-30 12:00:00
C03959,Grace Smith,grace.smith3959@example.com,0430595202,M,2026-08-07,Melbourne,VIC,2025-08-23 22:14:28,2026-09-08 08:14:28
C03960,Leo Harris,leo.harris3960@example.com,0431442068,M,2025-05-11,Canberra,ACT,2025-09-20 20:08:05,2025-09-25 14:08:05
C03961,Jack Wilson,jack.wilson3961@example.com,0459427843,Other,2025-07-22,Brisbane,QLD,2025-12-13 11:30:58,2026-09-30 12:00:00
C03962,Charlie Anderson,charlie.anderson3962@example.com,0448217181,M,2026-03-16,Parramatta,NSW,2026-05-12 12:26:02,2026-09-28 14:26:02
C03963,Sophia Jackson,sophia.jackson3963@example.com,0420398976,M,2026-05-14,Melbourne,VIC,2025-07-09 19:54:30,2025-08-02 12:54:30
C03964,Liam Thomas,liam.thomas3964@example.com,0458547040,Other,2025-06-02,Hobart,TAS,2026-07-27 04:07:01,2026-09-30 12:00:00
C03965,Sophia Jackson,sophia.jackson3965@example.com,0421670126,Other,2025-11-09,Hobart,TAS,2025-06-06 05:38:40,2025-12-12 06:38:40
C03966,Lucas Clark,lucas.clark3966@example.com,0496759860,Other,2026-08-29,Sydney,NSW,2026-07-25 08:01:29,2026-09-30 12:00:00
C03967,Jack Jackson,jack.jackson3967@example.com,0498083206,F,2026-05-26,Hobart,TAS,2025-02-25 17:29:34,2025-06-14 14:29:34
C03968,Leo Hall,leo.hall3968@example.com,0450728138,F,2026-03-18,Hobart,TAS,2025-01-25 01:28:32,2025-04-14 10:28:32
C03969,Leo Clark,leo.clark3969@example.com,0410654149,Other,2026-08-02,Hobart,TAS,2025-11-13 22:35:14,2026-06-22 19:35:14
C03970,Sophia Jackson,sophia.jackson3970@example.com,0457778960,Other,2025-01-17,Canberra,ACT,2026-02-23 16:10:56,2026-09-30 12:00:00
C03971,,thomas.thompson3971@example.com,0432168387,Other,2026-05-04,Gold Coast,QLD,2026-08-17 05:21:50,2026-09-30 12:00:00
C03972,Ava Clark,ava.clark3972@example.com,0453942135,F,2025-06-12,Perth,WA,2026-08-03 04:13:51,2026-09-30 12:00:00
C03973,Chloe White,chloe.white3973@example.com,0432232750,F,2025-02-26,Brisbane,QLD,2026-02-27 17:52:45,2026-09-30 12:00:00
C03974,Henry Hall,henry.hall3974@example.com,0443743082,F,2026-03-03,Sydney,NSW,2025-07-17 21:43:15,2025-11-24 17:43:15
C03975,Leo Taylor,leo.taylor3975@example.com,0461853027,M,2026-07-14,Melbourne,VIC,2025-12-28 03:59:19,2026-09-30 12:00:00
C03976,Olivia Clark,olivia.clark3976@example.com,0479786969,Other,2026-06-19,Canberra,ACT,2026-02-10 05:32:52,2026-09-30 12:00:00
C03977,Chloe Scott,chloe.scott3977@example.com,0442991997,Other,2026-09-30,Sydney,NSW,2025-10-06 08:38:57,2026-02-13 08:38:57
C03978,Isla Wilson,isla.wilson3978@example.com,0440809400,Other,2025-11-03,Canberra,ACT,2026-03-14 19:45:20,2026-09-30 12:00:00
C03979,Henry Brown,henry.brown3979@example.com,0483076631,M,2026-07-12,Canberra,ACT,2026-07-08 07:44:41,2026-09-30 12:00:00
C03980,James Taylor,james.taylor3980@example.com,0488600182,M,2025-05-19,Perth,WA,2026-08-17 23:12:17,2026-09-30 12:00:00
C03981,William Allen,william.allen3981@example.com,0422221724,Other,2025-06-11,Adelaide,SA,2026-09-09 07:40:39,2026-09-30 12:00:00
C03982,Ava Smith,ava.smith3982@example.com,0434210268,M,2025-01-07,Geelong,VIC,2026-01-30 06:06:32,2026-09-30 12:00:00
C03983,Liam White,liam.white3983@example.com,0442529801,F,2025-08-11,Hobart,TAS,2025-04-12 11:09:13,2025-05-19 17:09:13
C03984,Noah Martin,noah.martin3984@example.com,0416107115,M,2025-09-08,Melbourne,VIC,2026-08-31 17:11:05,2026-09-30 12:00:00
C03985,Emma King,emma.king3985@example.com,0493540488,F,2026-09-11,Hobart,TAS,2026-03-13 15:11:02,2026-05-09 20:11:02
C03986,James White,james.white3986@example.com,0411844317,M,2025-01-06,Geelong,VIC,2026-04-13 15:40:20,2026-09-30 12:00:00
C03987,Emma Wright,emma.wright3987@example.com,0449463487,F,2026-06-27,Geelong,VIC,2026-04-20 12:55:21,2026-08-06 17:55:21
C03988,Mia Harris,mia.harris3988@example.com,0448208861,Other,2026-05-20,Parramatta,NSW,2026-06-07 15:07:23,2026-07-15 01:07:23
C03989,Sophia Walker,sophia.walker3989@example.com,0484148525,F,2025-01-12,Hobart,TAS,2025-04-29 03:29:40,2025-05-29 01:29:40
C03990,Liam Allen,liam.allen3990@example.com,0416252805,Other,2025-09-01,Sydney,NSW,2026-06-30 05:57:02,2026-09-30 12:00:00
C03991,Thomas Smith,thomas.smith3991@example.com,0425305128,M,2025-07-29,Canberra,ACT,2025-07-26 09:40:45,2026-05-13 05:40:45
C03992,Ava Taylor,ava.taylor3992@example.com,0438815871,M,2025-09-29,Perth,WA,2025-01-13 00:23:55,2025-11-16 22:23:55
C03993,Noah King,noah.king3993@example.com,0470514507,F,2025-06-14,Parramatta,NSW,2025-05-23 21:47:48,2025-11-19 02:47:48
C03994,Isla Anderson,isla.anderson3994@example.com,0472722957,Other,2025-12-21,Melbourne,VIC,2025-06-17 02:14:07,2025-08-06 15:14:07
C03995,Sophia Thomas,sophia.thomas3995@example.com,0413566476,M,2025-03-27,Canberra,ACT,2025-08-09 05:56:24,2026-04-19 02:56:24
C03996,Leo Hall,leo.hall3996@example.com,0482077282,F,2025-05-19,Canberra,ACT,2025-04-24 03:51:27,2025-12-20 02:51:27
C03997,Amelia Smith,amelia.smith3997@example.com,0444438867,M,2026-03-19,Sydney,NSW,2025-11-24 03:21:12,2026-08-10 15:21:12
C03998,Charlie White,charlie.white3998@example.com,0421229911,F,2025-12-13,Melbourne,VIC,2025-06-24 05:02:39,2026-04-13 14:02:39
C03999,William Smith,william.smith3999@example.com,0480049021,F,2025-03-18,Brisbane,QLD,2025-01-13 11:50:12,2025-02-22 06:50:12
C04000,Olivia Thompson,olivia.thompson4000@example.com,0444823837,Other,2025-11-24,Melbourne,VIC,2026-04-04 10:50:20,2026-04-06 02:50:20
C04001,Ava King,ava.king4001@example.com,0477673602,F,2026-03-23,Brisbane,QLD,2026-02-27 15:28:03,2026-06-27 06:28:03
C04002,Charlie Scott,charlie.scott4002@example.com,0440497194,M,2026-04-06,Adelaide,SA,2025-02-20 23:00:35,2026-01-22 22:00:35
C04003,Leo Harris,leo.harris4003@example.com,0453979536,Other,2025-01-08,Brisbane,QLD,2025-02-11 10:59:32,2025-06-09 20:59:32
C04004,Noah Allen,noah.allen4004@example.com,0442530972,Other,2025-05-21,Sydney,NSW,2026-03-29 05:29:41,2026-09-30 12:00:00
C04005,Ella Thomas,ella.thomas4005@example.com,0427506836,M,2026-01-05,Hobart,TAS,2025-01-27 03:54:44,2025-11-03 10:54:44
C04006,Emma Wilson,emma.wilson4006@example.com,0461452592,Other,2025-02-01,Sydney,NSW,2025-03-06 06:16:01,2025-10-10 12:16:01
C04007,Noah Scott,noah.scott4007@example.com,0463852145,F,2025-03-07,Hobart,TAS,2025-02-10 11:01:11,2025-07-15 12:01:11
C04008,Noah Allen,noah.allen4008@example.com,0499696817,F,2025-10-06,Brisbane,QLD,2026-05-02 02:46:05,2026-09-30 12:00:00
C04009,Ella Moore,ella.moore4009@example.com,0436205020,Other,2025-04-02,Adelaide,SA,2026-08-04 13:58:32,2026-09-30 12:00:00
C04010,Ava Harris,ava.harris4010@example.com,0495190669,F,2026-07-11,Melbourne,VIC,2026-04-04 23:42:38,2026-04-17 08:42:38
C04011,Noah White,noah.white4011@example.com,0446825952,F,2026-02-21,Canberra,ACT,2026-06-18 03:36:03,2026-08-20 06:36:03
C04012,Chloe Clark,chloe.clark4012@example.com,0427347145,F,2026-08-02,Adelaide,SA,2026-03-26 13:57:04,2026-09-30 12:00:00
C04013,Leo Smith,leo.smith4013@example.com,0466662106,F,2025-12-06,Geelong,VIC,2026-05-11 01:36:09,2026-06-28 15:36:09
C04014,Noah Allen,noah.allen4014@example.com,0484506787,M,2025-09-15,Adelaide,SA,2025-02-11 04:56:09,2026-01-17 10:56:09
C04015,Isla White,isla.white4015@example.com,0498196958,M,2025-11-27,Brisbane,QLD,2026-04-08 16:55:10,2026-09-30 12:00:00
C04016,William Anderson,william.anderson4016@example.com,0434506298,Other,2025-10-02,Melbourne,VIC,2026-09-25 11:40:37,2026-09-30 12:00:00
C04017,Thomas Wright,thomas.wright4017@example.com,0433441346,F,2025-06-25,Canberra,ACT,2026-05-01 07:23:45,2026-09-30 12:00:00
C04018,Amelia Scott,amelia.scott4018@example.com,0494156648,M,2025-06-17,Parramatta,NSW,2025-08-09 20:46:21,2026-08-03 11:46:21
C04019,Henry Smith,henry.smith4019@example.com,0436232612,Other,2026-09-13,Hobart,TAS,2025-09-06 18:32:25,2026-08-13 07:32:25
C04020,Thomas Martin,thomas.martin4020@example.com,0471057327,M,2026-08-23,Perth,WA,2025-10-21 17:18:17,2025-12-30 14:18:17
C04021,Ella White,ella.white4021@example.com,0490907857,M,2026-07-21,Gold Coast,QLD,2026-02-07 21:22:08,2026-09-30 12:00:00
C04022,Ella Walker,ella.walker4022@example.com,0454760311,M,2025-08-29,Adelaide,SA,2026-02-19 05:50:09,2026-09-30 12:00:00
C04023,Sophia Smith,sophia.smith4023@example.com,0436096178,M,2025-10-04,Perth,WA,2025-06-11 01:54:06,2026-01-07 14:54:06
C04024,Olivia Taylor,olivia.taylor4024@example.com,0444282692,Other,2025-12-18,Brisbane,QLD,2025-05-17 02:23:25,2026-05-05 08:23:25
C04025,Ava Walker,ava.walker4025@example.com,0466316430,M,2025-08-11,Parramatta,NSW,2026-02-15 05:51:55,2026-09-30 12:00:00
C04026,William Moore,william.moore4026@example.com,0425729422,Other,2025-11-10,Adelaide,SA,2025-02-02 09:17:17,2025-08-07 20:17:17
C04027,William Harris,william.harris4027@example.com,0445586189,Other,2025-09-29,Brisbane,QLD,2025-05-31 02:04:06,2026-01-25 12:04:06
C04028,Sophia Wright,sophia.wright4028@example.com,0494795600,Other,2026-06-29,Gold Coast,QLD,2026-05-05 20:18:10,2026-09-30 12:00:00
C04029,Sophia Thomas,sophia.thomas4029@example.com,0431665427,Other,2025-04-24,Brisbane,QLD,2026-01-23 07:32:07,2026-07-29 09:32:07
C04030,Emma Walker,emma.walker4030@example.com,0461995300,F,2025-07-02,Brisbane,QLD,2026-05-18 20:39:11,2026-09-24 17:39:11
C04031,Lucas Scott,lucas.scott4031@example.com,0453380330,M,2026-09-29,Canberra,ACT,2026-03-29 05:16:28,2026-09-30 12:00:00
C04032,Amelia Young,amelia.young4032@example.com,0442194198,M,2025-03-04,Adelaide,SA,2026-01-19 20:36:51,2026-03-21 07:36:51
C04033,Charlie Thompson,charlie.thompson4033@example.com,0447307041,F,2026-08-06,Geelong,VIC,2025-09-25 11:41:04,2026-06-22 18:41:04
C04034,Ava White,ava.white4034@example.com,0444906728,F,2025-07-21,Melbourne,VIC,2025-12-14 14:52:56,2026-09-25 19:52:56
C04035,Noah Smith,noah.smith4035@example.com,0474209875,Other,2026-01-29,Canberra,ACT,2025-04-04 04:16:25,2025-09-04 11:16:25
C04036,Ava Martin,ava.martin4036@example.com,0465802725,M,2026-03-12,Parramatta,NSW,2025-02-18 20:04:58,2025-07-06 16:04:58
C04037,Grace Wright,grace.wright4037@example.com,0465461496,M,2026-04-02,Perth,WA,2025-04-27 23:01:24,2026-02-26 19:01:24
C04038,Sophia Scott,sophia.scott4038@example.com,0494399594,M,2026-01-31,Geelong,VIC,2025-05-31 02:33:58,2026-02-06 21:33:58
C04039,Jack Smith,jack.smith4039@example.com,0411206445,M,2025-04-21,Perth,WA,2025-03-21 08:28:05,2025-09-17 02:28:05
C04040,Ava Thompson,ava.thompson4040@example.com,0410221153,F,2025-02-23,Melbourne,VIC,2025-05-23 23:12:05,2025-12-22 00:12:05
C04041,Ava Allen,ava.allen4041@example.com,0495747908,M,2025-04-26,Sydney,NSW,2026-07-26 19:34:26,2026-09-30 12:00:00
C04042,Ava Brown,ava.brown4042@example.com,0483550771,F,2025-05-25,Canberra,ACT,2026-02-05 02:16:47,2026-09-30 12:00:00
C04043,Isla Brown,isla.brown4043@example.com,0495449749,F,2026-06-02,Adelaide,SA,2026-09-26 12:48:24,2026-09-30 12:00:00
C04044,Henry Thomas,henry.thomas4044@example.com,0446196702,M,2025-09-21,Melbourne,VIC,2025-03-05 20:04:18,2025-04-18 04:04:18
C04045,Leo Smith,leo.smith4045@example.com,0466792623,M,2025-12-29,Adelaide,SA,2025-08-17 15:10:15,2026-08-14 08:10:15
C04046,Lucas Moore,lucas.moore4046@example.com,0490392970,Other,2026-09-07,Sydney,NSW,2026-06-16 22:59:53,2026-09-30 12:00:00
C04047,Henry Hall,henry.hall4047@example.com,0491712332,Other,2025-06-24,Gold Coast,QLD,2026-04-27 22:27:13,2026-09-30 12:00:00
C04048,Lucas White,lucas.white4048@example.com,0498594090,Other,2026-07-02,Melbourne,VIC,2025-12-15 10:31:30,2026-09-30 12:00:00
C04049,William Clark,william.clark4049@example.com,0423382179,M,2026-01-13,Adelaide,SA,2026-03-21 00:30:19,2026-09-30 12:00:00
C04050,Lucas Jackson,lucas.jackson4050@example.com,0410596181,F,2025-08-24,Hobart,TAS,2025-10-07 23:43:34,2025-11-29 09:43:34
C04051,Lucas Brown,lucas.brown4051@example.com,0457723081,Other,2026-02-24,Parramatta,NSW,2025-12-16 13:47:01,2026-02-23 05:47:01
C04052,Amelia Clark,amelia.clark4052@example.com,0472814294,F,2025-01-18,Perth,WA,2025-01-16 19:26:13,2025-07-18 04:26:13
C04053,Chloe Thompson,chloe.thompson4053@example.com,0427385304,F,2025-06-19,Geelong,VIC,2025-06-25 02:03:05,2026-03-08 11:03:05
C04054,Liam Clark,liam.clark4054@example.com,0456336311,Other,2025-10-28,Brisbane,QLD,2025-10-20 03:33:01,2025-12-25 11:33:01
C04055,Olivia Young,olivia.young4055@example.com,0442266307,F,2025-06-11,Gold Coast,QLD,2026-09-14 20:14:20,2026-09-30 12:00:00
C04056,Henry White,henry.white4056@example.com,0466016616,Other,2026-01-07,Adelaide,SA,2026-04-10 23:37:21,2026-04-30 13:37:21
C04057,Jack Hall,jack.hall4057@example.com,0457327826,Other,2025-06-08,Parramatta,NSW,2026-05-13 08:35:51,2026-09-30 12:00:00
C04058,Jack Wilson,jack.wilson4058@example.com,0466278660,F,2026-08-30,Sydney,NSW,2025-06-24 10:52:47,2026-04-02 19:52:47
C04059,Olivia Wilson,olivia.wilson4059@example.com,0495166003,M,2026-09-29,Adelaide,SA,2025-11-29 05:54:10,2026-08-01 23:54:10
C04060,Henry Wright,henry.wright4060@example.com,0476619106,F,2026-08-22,Perth,WA,2025-12-02 05:13:50,2026-09-30 12:00:00
C04061,Lucas Scott,lucas.scott4061@example.com,0455556058,F,2025-02-08,Melbourne,VIC,2025-05-26 01:52:14,2026-05-01 17:52:14
C04062,Charlie Smith,charlie.smith4062@example.com,0421025737,M,2025-10-17,Melbourne,VIC,2026-07-28 08:48:05,2026-09-30 12:00:00
C04063,Liam Walker,liam.walker4063@example.com,0482928246,F,2025-03-12,Hobart,TAS,2025-11-24 15:56:20,2026-03-18 13:56:20
C04064,William Scott,william.scott4064@example.com,0448160814,F,2025-03-14,Adelaide,SA,2026-01-20 22:15:21,2026-04-13 17:15:21
C04065,Sophia Anderson,sophia.anderson4065@example.com,0428889443,M,2026-02-12,Perth,WA,2025-06-21 00:17:03,2026-03-09 11:17:03
C04066,Mia Jackson,mia.jackson4066@example.com,0480541755,F,2025-07-13,Brisbane,QLD,2026-02-22 02:04:33,2026-09-30 12:00:00
C04067,Charlie Anderson,charlie.anderson4067@example.com,0435312636,Other,2025-08-12,Canberra,ACT,2025-07-03 20:24:57,2025-12-29 15:24:57
C04068,Thomas Brown,thomas.brown4068@example.com,0461619059,M,2025-09-09,Brisbane,QLD,2025-04-15 22:39:04,2025-12-18 00:39:04
C04069,William White,william.white4069@example.com,0497255618,F,2025-09-13,Melbourne,VIC,2026-06-01 11:18:18,2026-07-16 03:18:18
C04070,Grace Walker,grace.walker4070@example.com,0421698661,M,2026-04-28,Melbourne,VIC,2025-07-05 21:01:40,2026-05-11 03:01:40
C04071,Ella King,ella.king4071@example.com,0442251899,F,2026-05-13,Melbourne,VIC,2025-06-12 21:58:04,2025-06-29 15:58:04
C04072,Grace Allen,grace.allen4072@example.com,0471222108,F,2025-11-15,Adelaide,SA,2026-04-20 14:15:54,2026-09-30 12:00:00
C04073,Isla Moore,isla.moore4073@example.com,0477681203,M,2026-09-21,Brisbane,QLD,2025-12-05 19:56:03,2026-03-22 03:56:03
C04074,Jack Harris,jack.harris4074@example.com,0428751567,F,2025-07-29,Parramatta,NSW,2026-01-02 23:46:07,2026-02-27 00:46:07
C04075,Lucas Thompson,lucas.thompson4075@example.com,0428158871,M,2025-09-13,Gold Coast,QLD,2025-07-30 07:52:03,2026-05-02 02:52:03
C04076,William Wilson,william.wilson4076@example.com,0479796106,F,2025-12-11,Parramatta,NSW,2026-01-09 21:47:04,2026-06-18 17:47:04
C04077,James Hall,james.hall4077@example.com,0466718559,M,2026-01-30,Melbourne,VIC,2025-05-27 12:16:01,2026-01-03 16:16:01
C04078,Charlie Martin,charlie.martin4078@example.com,0478054424,F,2026-03-24,Geelong,VIC,2025-11-24 20:07:47,2026-04-26 05:07:47
C04079,Ava Taylor,ava.taylor4079@example.com,0428228078,F,2026-08-16,Perth,WA,2025-10-20 17:15:47,2026-02-28 14:15:47
C04080,Charlie White,charlie.white4080@example.com,0453914897,F,2025-06-22,Melbourne,VIC,2025-06-28 18:18:03,2026-02-07 12:18:03
C04081,Isla Thomas,isla.thomas4081@example.com,0478081576,Other,2025-07-31,Melbourne,VIC,2025-06-11 07:47:51,2026-07-12 18:47:51
C04082,Charlie Hall,charlie.hall4082@example.com,0481232268,Other,2026-09-10,Geelong,VIC,2025-06-14 11:34:11,2026-03-15 19:34:11
C04083,Noah Wright,noah.wright4083@example.com,0454803688,Other,2026-08-20,Hobart,TAS,2025-11-04 19:22:05,2026-05-20 16:22:05
C04084,Noah Wright,noah.wright4084@example.com,0443745187,F,2025-05-28,Brisbane,QLD,2025-11-18 12:42:18,2026-04-20 01:42:18
C04085,Mia Wright,mia.wright4085@example.com,0430966286,Other,2026-06-23,Melbourne,VIC,2025-01-31 08:04:23,2025-04-27 17:04:23
C04086,Leo Allen,leo.allen4086@example.com,0477391588,Other,2026-04-27,Canberra,ACT,2026-01-10 10:16:31,2026-01-14 12:16:31
C04087,Chloe Scott,chloe.scott4087@example.com,0470589493,M,2026-09-23,Gold Coast,QLD,2025-02-16 03:57:43,2025-07-20 15:57:43
C04088,Mia Walker,mia.walker4088@example.com,0427203328,Other,2025-01-29,Adelaide,SA,2025-05-27 20:21:57,2025-06-19 19:21:57
C04089,Olivia Martin,olivia.martin4089@example.com,0476476298,M,2025-10-04,Geelong,VIC,2026-04-18 15:57:45,2026-05-05 11:57:45
C04090,Grace Brown,grace.brown4090@example.com,0411688036,Other,2026-05-15,Parramatta,NSW,2025-04-19 13:06:14,2026-03-24 22:06:14
C04091,Lucas Scott,lucas.scott4091@example.com,0453434689,M,2026-05-15,Sydney,NSW,2025-03-31 12:56:17,2025-09-27 03:56:17
C04092,Isla Martin,isla.martin4092@example.com,0485369753,F,2026-05-17,Sydney,NSW,2026-05-30 22:58:42,2026-09-11 02:58:42
C04093,Thomas Thompson,thomas.thompson4093@example.com,0478194726,M,2025-12-22,Geelong,VIC,2025-12-30 21:03:27,2026-07-19 13:03:27
C04094,Isla Hall,isla.hall4094@example.com,0420865039,F,2026-03-01,Geelong,VIC,2025-11-29 11:53:26,2026-09-30 12:00:00
C04095,Ella Wright,ella.wright4095@example.com,0462077771,F,2026-02-22,Brisbane,QLD,2025-02-14 18:15:26,2026-03-04 01:15:26
C04096,James Thompson,james.thompson4096@example.com,0419630297,M,2025-08-01,Hobart,TAS,2026-01-15 10:07:44,2026-08-14 13:07:44
C04097,Lucas Thompson,lucas.thompson4097@example.com,0478553022,M,2026-01-18,Perth,WA,2025-07-12 05:08:16,2026-01-18 07:08:16
C04098,Leo Scott,leo.scott4098@example.com,0467667535,Other,2026-04-07,Perth,WA,2025-03-10 18:08:05,2025-05-24 14:08:05
C04099,Sophia King,sophia.king4099@example.com,0486647503,Other,2026-09-14,Perth,WA,2026-08-17 15:35:19,2026-09-30 12:00:00
C04100,Grace Jackson,grace.jackson4100@example.com,0431748148,F,2025-02-22,Geelong,VIC,2026-08-09 13:59:14,2026-09-08 00:59:14
C04101,Henry Jackson,henry.jackson4101@example.com,0420546982,F,2025-09-14,Perth,WA,2026-08-08 05:11:48,2026-09-30 12:00:00
C04102,Liam White,liam.white4102@example.com,0411339690,M,2026-05-15,Melbourne,VIC,2025-05-04 04:30:18,2025-11-27 22:30:18
C04103,Leo Jackson,leo.jackson4103@example.com,0442711142,F,2025-01-18,Geelong,VIC,2026-09-13 02:36:52,2026-09-30 12:00:00
C04104,Thomas Moore,thomas.moore4104@example.com,0435856800,M,2026-02-28,Gold Coast,QLD,2025-08-20 12:00:26,2025-11-04 17:00:26
C04105,William Moore,william.moore4105@example.com,0471038707,F,2026-02-05,Perth,WA,2026-04-27 06:41:47,2026-09-30 12:00:00
C04106,Amelia Martin,amelia.martin4106@example.com,0449992670,M,2025-02-06,Sydney,NSW,2026-09-15 16:19:51,2026-09-30 12:00:00
C04107,William Thomas,william.thomas4107@example.com,0480298008,M,2026-04-01,Adelaide,SA,2025-07-28 00:13:48,2025-10-01 09:13:48
C04108,Sophia Clark,sophia.clark4108@example.com,0465453104,M,2025-04-29,Parramatta,NSW,2025-11-29 04:43:46,2026-03-26 14:43:46
C04109,Ella Young,ella.young4109@example.com,0467615305,Other,2026-08-20,Sydney,NSW,2025-01-14 07:53:34,2025-01-16 04:53:34
C04110,Jack Young,jack.young4110@example.com,0497166075,Other,2025-03-07,Perth,WA,2025-05-23 21:04:35,2025-11-11 03:04:35
C04111,Emma Taylor,emma.taylor4111@example.com,0438064640,Other,2026-02-05,Sydney,NSW,2026-05-30 02:29:31,2026-09-30 12:00:00
C04112,Grace Clark,grace.clark4112@example.com,0474446169,M,2026-06-04,Perth,WA,2025-08-23 12:41:46,2026-07-04 21:41:46
C04113,Noah White,noah.white4113@example.com,0411365118,M,2025-07-25,Sydney,NSW,2026-03-01 10:37:32,2026-07-22 20:37:32
C04114,Chloe Scott,chloe.scott4114@example.com,0440187560,F,2026-01-05,Melbourne,VIC,2025-06-27 21:42:38,2025-11-16 21:42:38
C04115,William Moore,william.moore4115@example.com,0456029957,M,2026-04-04,Parramatta,NSW,2025-04-21 21:12:09,2026-04-20 05:12:09
C04116,Jack Walker,jack.walker4116@example.com,0443490657,M,2026-01-14,Adelaide,SA,2025-04-11 18:40:21,2025-05-06 17:40:21
C04117,Leo Young,leo.young4117@example.com,0463420935,F,2025-06-05,Adelaide,SA,2026-07-23 01:29:50,2026-08-26 05:29:50
C04118,Sophia Scott,sophia.scott4118@example.com,0490449200,Other,2025-09-01,Brisbane,QLD,2026-07-09 19:04:32,2026-09-30 12:00:00
C04119,Thomas Young,thomas.young4119@example.com,0488799407,F,2026-03-29,Sydney,NSW,2025-01-05 22:04:20,2025-03-08 06:04:20
C04120,Chloe Walker,chloe.walker4120@example.com,0464788966,F,2026-03-28,Brisbane,QLD,2026-08-12 02:15:25,2026-09-30 12:00:00
C04121,Grace Moore,grace.moore4121@example.com,0424565419,Other,2025-12-02,Sydney,NSW,2026-06-05 05:08:45,2026-09-30 12:00:00
C04122,Henry Wright,henry.wright4122@example.com,0449795905,M,2025-09-20,Melbourne,VIC,2025-05-15 18:19:35,2025-09-27 12:19:35
C04123,Jack Hall,jack.hall4123@example.com,0481948183,F,2025-12-18,Adelaide,SA,2026-02-24 12:04:46,2026-06-26 05:04:46
C04124,Jack Smith,jack.smith4124@example.com,0463724544,Other,2026-03-31,Melbourne,VIC,2026-08-20 02:44:23,2026-09-30 12:00:00
C04125,Thomas Jackson,thomas.jackson4125@example.com,0489343175,M,2026-01-28,Sydney,NSW,2025-08-02 18:44:41,2026-08-17 05:44:41
C04126,James Taylor,james.taylor4126@example.com,0465709534,F,2025-04-19,Hobart,TAS,2025-10-19 02:09:40,2026-06-11 02:09:40
C04127,Ella Thompson,ella.thompson4127@example.com,0415581866,F,2025-05-20,Parramatta,NSW,2026-02-24 01:45:33,2026-09-30 12:00:00
C04128,James Anderson,james.anderson4128@example.com,0423448330,M,2025-06-11,Melbourne,VIC,2025-08-17 20:45:13,2026-05-26 13:45:13
C04129,James Wright,james.wright4129@example.com,0469441728,M,2025-01-18,Hobart,TAS,2026-03-14 12:54:30,2026-09-30 12:00:00
C04130,William Hall,william.hall4130@example.com,0466442238,F,2025-01-01,Parramatta,NSW,2025-10-30 08:32:14,2026-05-10 19:32:14
C04131,Charlie Taylor,charlie.taylor4131@example.com,0448520806,M,2026-08-27,Hobart,TAS,2025-01-03 11:25:42,2025-06-19 02:25:42
C04132,Grace Allen,grace.allen4132@example.com,0490669773,M,2025-03-19,Adelaide,SA,2025-02-04 10:16:25,2025-09-22 16:16:25
C04133,Leo Harris,leo.harris4133@example.com,0483786380,Other,2026-06-30,Hobart,TAS,2025-01-06 18:47:21,2025-05-25 07:47:21
C04134,Chloe White,chloe.white4134@example.com,0417802521,M,2025-12-05,Melbourne,VIC,2025-12-29 16:32:27,2026-09-28 19:32:27
C04135,William Taylor,william.taylor4135@example.com,0452444556,F,2026-05-23,Sydney,NSW,2026-08-27 05:27:53,2026-09-30 12:00:00
C04136,Thomas Brown,thomas.brown4136@example.com,0422163283,F,2026-01-31,Melbourne,VIC,2026-08-01 10:33:03,2026-09-30 12:00:00
C04137,Emma Thompson,emma.thompson4137@example.com,0487833796,Other,2025-02-26,Hobart,TAS,2026-04-24 23:00:02,2026-05-08 01:00:02
C04138,Olivia Hall,olivia.hall4138@example.com,0441110667,Other,2025-11-13,Parramatta,NSW,2026-06-16 16:20:16,2026-09-30 12:00:00
C04139,Chloe Martin,chloe.martin4139@example.com,0414353056,Other,2026-09-11,Parramatta,NSW,2026-02-16 18:14:52,2026-09-30 12:00:00
C04140,Henry Taylor,henry.taylor4140@example.com,0476815040,M,2026-06-21,Parramatta,NSW,2025-04-20 18:33:20,2026-02-09 06:33:20
C04141,Mia Anderson,mia.anderson4141@example.com,0482687499,Other,2025-09-17,Geelong,VIC,2025-07-25 00:22:18,2025-09-27 21:22:18
C04142,Ava Moore,ava.moore4142@example.com,0436349479,F,2026-09-08,Geelong,VIC,2025-04-17 02:57:37,2026-03-18 03:57:37
C04143,Sophia Smith,sophia.smith4143@example.com,0434352638,F,2026-08-02,Hobart,TAS,2025-10-28 05:42:36,2026-03-21 07:42:36
C04144,Charlie Scott,charlie.scott4144@example.com,0443138697,Other,2026-07-10,Hobart,TAS,2026-08-27 01:46:43,2026-09-30 12:00:00
C04145,Charlie Walker,charlie.walker4145@example.com,0480274822,Other,2025-11-24,Adelaide,SA,2026-02-03 13:02:40,2026-08-20 18:02:40
C04146,Noah Jackson,noah.jackson4146@example.com,0483834957,M,2026-07-01,Brisbane,QLD,2025-01-18 20:13:36,2025-11-28 11:13:36
C04147,Charlie Martin,charlie.martin4147@example.com,0464689300,M,2025-06-14,Brisbane,QLD,2025-07-19 00:33:06,2026-04-06 06:33:06
C04148,Lucas Jackson,lucas.jackson4148@example.com,0442528451,Other,2025-06-20,Hobart,TAS,2026-04-04 22:00:11,2026-09-30 12:00:00
C04149,James Allen,james.allen4149@example.com,0425732968,M,2025-08-17,Geelong,VIC,2025-12-23 09:35:05,2026-09-30 12:00:00
C04150,Emma Wilson,emma.wilson4150@example.com,0464491282,F,2026-05-21,Adelaide,SA,2026-06-06 13:03:21,2026-09-30 12:00:00
C04151,Noah Wright,noah.wright4151@example.com,0440557194,M,2025-06-09,Sydney,NSW,2026-07-27 17:38:08,2026-09-30 12:00:00
C04152,Thomas Hall,thomas.hall4152@example.com,0434924182,M,2025-01-14,Gold Coast,QLD,2026-03-25 08:02:22,2026-09-30 12:00:00
C04153,William Walker,william.walker4153@example.com,0489810354,Other,2025-06-23,Melbourne,VIC,2026-01-23 14:31:33,2026-09-26 17:31:33
C04154,Henry Scott,henry.scott4154@example.com,0418609309,M,2026-02-19,Adelaide,SA,2025-06-29 12:20:21,2026-07-19 02:20:21
C04155,Sophia Wright,sophia.wright4155@example.com,0451496756,F,2025-08-23,Perth,WA,2026-05-04 08:44:23,2026-06-22 06:44:23
C04156,Charlie Moore,charlie.moore4156@example.com,0479552700,Other,2025-05-30,Sydney,NSW,2025-12-30 14:46:19,2026-06-01 11:46:19
C04157,Jack Anderson,jack.anderson4157@example.com,0459029778,M,2025-04-16,Perth,WA,2026-09-11 18:03:45,2026-09-30 12:00:00
C04158,Emma Thompson,emma.thompson4158@example.com,0420008306,F,2026-04-16,Perth,WA,2026-05-03 07:50:14,2026-09-30 12:00:00
C04159,Grace Martin,grace.martin4159@example.com,0465526925,Other,2025-01-10,Perth,WA,2026-05-22 01:41:23,2026-06-21 22:41:23
C04160,Amelia King,amelia.king4160@example.com,0444786132,F,2025-11-28,Parramatta,NSW,2026-06-01 23:13:04,2026-09-30 12:00:00
C04161,Olivia Thomas,olivia.thomas4161@example.com,0450157303,Other,2025-12-19,Adelaide,SA,2025-11-24 16:27:03,2026-04-01 12:27:03
C04162,Leo Jackson,leo.jackson4162@example.com,0493707299,F,2025-05-22,Parramatta,NSW,2025-07-31 17:36:09,2025-12-04 02:36:09
C04163,Henry Thompson,henry.thompson4163@example.com,0473150629,Other,2025-05-17,Adelaide,SA,2025-02-24 10:04:20,2025-08-16 09:04:20
C04164,Leo Jackson,leo.jackson4164@example.com,0446150685,Other,2025-05-29,Canberra,ACT,2026-07-11 00:52:40,2026-09-30 12:00:00
C04165,Charlie Wilson,charlie.wilson4165@example.com,0431569430,Other,2026-06-08,Perth,WA,2025-04-23 21:33:47,2026-04-02 09:33:47
C04166,Leo Wright,leo.wright4166@example.com,0494905506,F,2025-01-26,Adelaide,SA,2025-09-14 15:26:46,2025-12-15 21:26:46
C04167,William King,william.king4167@example.com,0434886763,F,2026-06-24,Gold Coast,QLD,2025-10-13 15:35:48,2026-05-29 13:35:48
C04168,Emma Wright,emma.wright4168@example.com,0447650461,M,2025-06-29,Parramatta,NSW,2025-05-06 19:09:11,2026-05-12 13:09:11
C04169,Mia Anderson,mia.anderson4169@example.com,0487814810,F,2025-04-08,Canberra,ACT,2025-01-01 12:11:22,2025-05-05 09:11:22
C04170,Thomas Moore,thomas.moore4170@example.com,0432036752,F,2026-07-06,Brisbane,QLD,2025-12-16 11:17:04,2026-09-19 06:17:04
C04171,Thomas White,thomas.white4171@example.com,0464000767,M,2025-01-29,Geelong,VIC,2025-09-25 00:03:56,2026-01-21 11:03:56
C04172,William Thomas,william.thomas4172@example.com,0450636375,Other,2025-01-10,Canberra,ACT,2025-06-04 13:30:12,2025-11-19 10:30:12
C04173,Sophia Hall,sophia.hall4173@example.com,0477611581,Other,2026-03-24,Hobart,TAS,2026-07-14 12:23:28,2026-09-04 01:23:28
C04174,Liam Wilson,liam.wilson4174@example.com,0466079693,M,2026-07-07,Parramatta,NSW,2025-06-01 23:50:23,2025-07-02 15:50:23
C04175,Grace King,grace.king4175@example.com,0461888758,M,2026-06-21,Gold Coast,QLD,2026-01-31 09:40:13,2026-07-02 23:40:13
C04176,Ella Thomas,ella.thomas4176@example.com,0468970194,M,2026-06-18,Parramatta,NSW,2025-01-21 18:10:54,2025-07-26 11:10:54
C04177,Amelia Martin,amelia.martin4177@example.com,0463234201,M,2025-09-07,Perth,WA,2026-04-24 21:13:25,2026-08-09 23:13:25
C04178,James King,james.king4178@example.com,0462899438,M,2026-06-11,Brisbane,QLD,2026-02-01 01:06:30,2026-04-23 00:06:30
C04179,James White,james.white4179@example.com,0499589032,F,2025-10-16,Parramatta,NSW,2026-02-19 09:38:03,2026-09-30 12:00:00
C04180,Lucas Wilson,lucas.wilson4180@example.com,0439872793,Other,2025-02-05,Geelong,VIC,2026-03-20 07:16:54,2026-09-30 12:00:00
C04181,Mia Taylor,mia.taylor4181@example.com,0467919357,M,2025-05-28,Melbourne,VIC,2025-04-11 12:26:15,2026-05-10 00:26:15
C04182,Thomas Harris,thomas.harris4182@example.com,0481594665,Other,2025-12-06,Gold Coast,QLD,2025-11-22 09:04:18,2026-09-30 12:00:00
C04183,Charlie Scott,charlie.scott4183@example.com,0423970985,Other,2025-01-02,Perth,WA,2025-06-05 05:57:36,2025-12-02 07:57:36
C04184,Thomas Martin,thomas.martin4184@example.com,0415873297,Other,2025-03-03,Canberra,ACT,2026-03-14 02:02:24,2026-09-30 12:00:00
C04185,Ava Clark,ava.clark4185@example.com,0469350751,F,2026-09-20,Melbourne,VIC,2025-10-31 13:37:01,2026-09-22 16:37:01
C04186,Jack Jackson,jack.jackson4186@example.com,0447239551,M,2025-01-25,Canberra,ACT,2025-04-19 23:24:57,2025-06-27 08:24:57
C04187,Grace Clark,grace.clark4187@example.com,0429797293,M,2026-03-17,Adelaide,SA,2026-07-13 17:18:20,2026-09-30 12:00:00
C04188,Isla Brown,isla.brown4188@example.com,0486804146,M,2025-12-21,Sydney,NSW,2025-10-08 04:57:13,2026-09-30 12:00:00
C04189,Henry Harris,henry.harris4189@example.com,0472284373,M,2026-09-24,Melbourne,VIC,2026-04-17 02:51:04,2026-09-30 12:00:00
C04190,Thomas Moore,thomas.moore4190@example.com,0495724054,Other,2025-02-01,Melbourne,VIC,2025-06-22 07:42:42,2025-07-05 18:42:42
C04191,Grace Walker,grace.walker4191@example.com,0498188852,M,2025-05-05,Adelaide,SA,2025-04-07 08:34:21,2025-08-04 15:34:21
C04192,Chloe Wilson,chloe.wilson4192@example.com,0418856720,M,2026-07-31,Brisbane,QLD,2026-04-12 18:48:20,2026-09-30 12:00:00
C04193,Ella Thomas,ella.thomas4193@example.com,0478134998,Other,2026-07-17,Brisbane,QLD,2026-08-16 05:10:00,2026-09-30 12:00:00
C04194,Noah Moore,noah.moore4194@example.com,0428614886,M,2026-03-28,Sydney,NSW,2025-02-18 16:37:55,2026-02-02 03:37:55
C04195,Leo King,leo.king4195@example.com,0454850787,M,2025-12-02,Melbourne,VIC,2025-05-04 05:26:38,2025-12-10 10:26:38
C04196,Olivia Allen,olivia.allen4196@example.com,0441096074,Other,2025-10-30,Parramatta,NSW,2025-05-20 08:47:58,2026-03-23 10:47:58
C04197,Mia Brown,mia.brown4197@example.com,0475275977,F,2026-09-07,Parramatta,NSW,2025-06-22 11:02:47,2026-07-13 16:02:47
C04198,Leo Anderson,leo.anderson4198@example.com,0441134289,F,2026-02-07,Parramatta,NSW,2026-07-29 07:32:18,2026-09-30 12:00:00
C04199,Isla Harris,isla.harris4199@example.com,0485449461,F,2026-06-22,Parramatta,NSW,2026-09-03 18:37:17,2026-09-30 12:00:00
C04200,James Jackson,james.jackson4200@example.com,0448585210,Other,2026-02-26,Parramatta,NSW,2025-01-27 16:26:40,2025-06-06 19:26:40
C04201,Mia Anderson,mia.anderson4201@example.com,0417680760,F,2026-06-08,Hobart,TAS,2025-02-17 16:20:51,2025-02-28 02:20:51
C04202,Chloe Taylor,chloe.taylor4202@example.com,0426811753,M,2026-04-23,Gold Coast,QLD,2026-08-22 00:53:20,2026-09-30 12:00:00
C04203,Chloe Thomas,chloe.thomas4203@example.com,0444514839,F,2026-08-10,Geelong,VIC,2025-03-02 19:03:30,2025-07-10 04:03:30
C04204,Mia Wright,mia.wright4204@example.com,0411326844,M,2025-07-25,Geelong,VIC,2025-03-15 15:07:31,2025-07-22 13:07:31
C04205,Henry Moore,henry.moore4205@example.com,0481129661,F,2025-12-04,Perth,WA,2026-06-25 21:56:32,2026-09-30 12:00:00
C04206,Chloe Jackson,chloe.jackson4206@example.com,0410659287,F,2025-05-19,Adelaide,SA,2025-10-28 08:38:24,2026-05-23 20:38:24
C04207,Mia Clark,mia.clark4207@example.com,0423896489,M,2025-01-07,Perth,WA,2025-03-01 09:54:56,2025-10-27 17:54:56
C04208,Ella Taylor,ella.taylor4208@example.com,0477252568,Other,2025-06-07,Canberra,ACT,2025-01-02 06:27:33,2025-11-02 12:27:33
C04209,Isla Anderson,isla.anderson4209@example.com,0487962259,M,2026-01-09,Canberra,ACT,2026-08-23 20:18:00,2026-09-30 12:00:00
C04210,Emma Clark,emma.clark4210@example.com,0474847454,F,2026-01-18,Melbourne,VIC,2025-05-21 12:38:49,2026-05-18 22:38:49
C04211,Liam Walker,liam.walker4211@example.com,0499447980,Other,2025-04-12,Perth,WA,2026-07-29 09:35:59,2026-08-24 15:35:59
C04212,Grace Jackson,grace.jackson4212@example.com,0445114690,Other,2026-07-21,Perth,WA,2026-04-27 16:04:29,2026-09-30 12:00:00
C04213,Noah White,noah.white4213@example.com,0491847869,Other,2025-08-24,Gold Coast,QLD,2025-09-07 15:24:56,2026-01-22 20:24:56
C04214,Amelia White,amelia.white4214@example.com,0459216962,M,2026-02-11,Melbourne,VIC,2025-08-03 19:48:22,2025-12-05 14:48:22
C04215,Olivia Young,olivia.young4215@example.com,0441774679,F,2025-01-31,Canberra,ACT,2025-12-21 06:11:38,2026-09-30 12:00:00
C04216,Noah Wilson,noah.wilson4216@example.com,0471108953,F,2025-10-06,Brisbane,QLD,2026-09-27 19:31:53,2026-09-30 12:00:00
C04217,Chloe Jackson,chloe.jackson4217@example.com,0415348734,Other,2026-03-04,Adelaide,SA,2026-04-20 01:17:48,2026-09-30 12:00:00
C04218,Charlie King,charlie.king4218@example.com,0487170380,F,2026-04-07,Geelong,VIC,2026-09-10 09:23:52,2026-09-30 12:00:00
C04219,Mia Scott,mia.scott4219@example.com,0443664230,M,2025-12-18,Perth,WA,2025-04-07 01:42:12,2026-05-07 22:42:12
C04220,Chloe Jackson,chloe.jackson4220@example.com,0412708318,F,2025-04-23,Perth,WA,2026-07-09 23:37:06,2026-08-05 15:37:06
C04221,Chloe Thompson,chloe.thompson4221@example.com,0423968632,Other,2026-05-30,Perth,WA,2025-10-12 06:02:30,2026-09-30 12:00:00
C04222,Thomas Hall,thomas.hall4222@example.com,0423538227,F,2025-11-24,Adelaide,SA,2025-03-11 21:46:27,2026-01-01 15:46:27
C04223,Thomas Hall,thomas.hall4223@example.com,0425933621,M,2025-09-28,Sydney,NSW,2025-08-26 13:15:19,2026-09-20 15:15:19
C04224,Ella Thompson,ella.thompson4224@example.com,0461678540,F,2026-05-04,Adelaide,SA,2026-07-24 22:26:28,2026-09-19 02:26:28
C04225,Ava King,ava.king4225@example.com,0432313209,F,2026-07-30,Geelong,VIC,2026-07-21 04:53:49,2026-09-30 12:00:00
C04226,Amelia King,amelia.king4226@example.com,0488181822,M,2026-02-19,Canberra,ACT,2026-01-11 20:10:16,2026-09-30 12:00:00
C04227,James Young,james.young4227@example.com,0454927309,F,2025-07-17,Brisbane,QLD,2025-04-13 23:44:22,2026-03-26 16:44:22
C04228,Charlie White,,0426640129,Other,2025-11-25,Melbourne,VIC,2025-10-12 06:29:57,2026-05-13 12:29:57
C04229,Isla Wright,isla.wright4229@example.com,0493517460,F,2025-09-19,Perth,WA,2026-05-21 00:31:52,2026-07-23 13:31:52
C04230,Ella Taylor,ella.taylor4230@example.com,0446470794,M,2026-04-01,Brisbane,QLD,2025-11-09 00:00:03,2026-09-30 12:00:00
C04231,Isla Walker,isla.walker4231@example.com,0466748428,F,2025-02-11,Melbourne,VIC,2025-06-02 07:49:55,2025-08-03 08:49:55
C04232,Charlie Scott,charlie.scott4232@example.com,0433684726,Other,2026-07-30,Adelaide,SA,2025-06-12 18:26:33,2026-06-26 23:26:33
C04233,Thomas Thompson,thomas.thompson4233@example.com,0444711807,Other,2026-05-13,Brisbane,QLD,2025-06-07 14:59:13,2026-06-22 22:59:13
C04234,Lucas Scott,lucas.scott4234@example.com,0474483641,Other,2025-07-19,Sydney,NSW,2026-01-19 03:51:54,2026-09-30 12:00:00
C04235,Grace Walker,grace.walker4235@example.com,0485201148,Other,2025-09-07,Gold Coast,QLD,2025-10-10 14:46:23,2026-06-28 04:46:23
C04236,Chloe Wilson,chloe.wilson4236@example.com,0457594442,Other,2026-08-28,Melbourne,VIC,2025-11-27 06:37:47,2026-09-30 12:00:00
C04237,Olivia Walker,olivia.walker4237@example.com,0463861860,M,2025-04-20,Adelaide,SA,2026-04-16 03:35:20,2026-07-25 01:35:20
C04238,Chloe Martin,chloe.martin4238@example.com,0460602853,M,2025-02-17,Parramatta,NSW,2025-01-21 08:03:59,2025-04-11 19:03:59
C04239,Sophia Taylor,sophia.taylor4239@example.com,0457261097,M,2026-05-07,Parramatta,NSW,2025-04-12 13:43:25,2025-12-22 03:43:25
C04240,James Hall,james.hall4240@example.com,0472909613,M,2026-03-26,Geelong,VIC,2025-06-09 14:36:45,2026-06-21 12:36:45
C04241,Grace Jackson,grace.jackson4241@example.com,0433950870,Other,2026-04-15,Gold Coast,QLD,2025-01-10 13:55:50,2026-02-03 22:55:50
C04242,Ava Wright,ava.wright4242@example.com,0494432954,M,2026-05-14,Hobart,TAS,2025-01-25 22:18:13,2025-10-15 15:18:13
C04243,Grace Hall,grace.hall4243@example.com,0429305420,Other,2025-12-23,Perth,WA,2025-05-19 05:54:56,2025-12-29 06:54:56
C04244,Sophia White,sophia.white4244@example.com,0478487964,F,2026-03-08,Geelong,VIC,2026-02-10 20:14:36,2026-03-17 06:14:36
C04245,Henry Allen,henry.allen4245@example.com,0472732444,Other,2025-06-11,Sydney,NSW,2025-12-10 13:03:52,2026-05-04 01:03:52
C04246,Olivia Jackson,olivia.jackson4246@example.com,0457099837,M,2025-07-09,Perth,WA,2026-09-28 00:25:44,2026-09-30 12:00:00
C04247,Leo Wilson,leo.wilson4247@example.com,0422562333,M,2025-06-08,Parramatta,NSW,2025-09-21 00:44:39,2026-05-20 07:44:39
C04248,Olivia Walker,olivia.walker4248@example.com,0410571044,F,2025-08-28,Perth,WA,2026-03-26 13:25:20,2026-08-20 09:25:20
C04249,Ava Harris,ava.harris4249@example.com,0439696296,F,2025-08-18,Sydney,NSW,2025-04-27 22:55:26,2026-02-11 06:55:26
C04250,Ava Young,ava.young4250@example.com,0484359376,M,2025-09-03,Perth,WA,2025-03-17 14:35:42,2025-03-24 01:35:42
C04251,Thomas Brown,thomas.brown4251@example.com,0469536531,Other,2026-07-28,Gold Coast,QLD,2026-04-09 07:11:07,2026-08-01 19:11:07
C04252,Leo Martin,leo.martin4252@example.com,0425991042,M,2026-03-28,Gold Coast,QLD,2025-12-07 11:08:26,2026-02-01 21:08:26
C04253,James Moore,james.moore4253@example.com,0414847662,Other,2026-02-13,Gold Coast,QLD,2026-05-25 00:23:10,2026-09-30 12:00:00
C04254,Ella Allen,ella.allen4254@example.com,0488742725,Other,2026-07-14,Brisbane,QLD,2025-10-24 02:08:49,2026-01-29 12:08:49
C04255,Lucas Walker,lucas.walker4255@example.com,0443085901,F,2026-03-18,Sydney,NSW,2025-11-22 17:25:38,2026-02-08 05:25:38
C04256,James Brown,james.brown4256@example.com,0421729622,F,2026-08-25,Perth,WA,2025-07-11 10:42:22,2025-08-12 21:42:22
C04257,Charlie Moore,charlie.moore4257@example.com,0488914869,F,2025-08-12,Geelong,VIC,2026-08-23 06:30:56,2026-09-30 12:00:00
C04258,Noah Thomas,noah.thomas4258@example.com,0481130078,Other,2025-01-21,Adelaide,SA,2025-07-22 08:48:55,2025-11-27 18:48:55
C04259,Noah Scott,noah.scott4259@example.com,0465952266,M,2026-02-11,Adelaide,SA,2026-03-10 22:10:07,2026-06-20 06:10:07
C04260,Henry Clark,henry.clark4260@example.com,0443321039,M,2025-05-25,Geelong,VIC,2025-11-24 04:44:51,2026-07-02 14:44:51
C04261,Liam Harris,liam.harris4261@example.com,0424389631,F,2026-06-25,Adelaide,SA,2025-02-10 23:43:32,2025-03-30 23:43:32
C04262,Emma Thomas,emma.thomas4262@example.com,0415846553,Other,2026-09-08,Hobart,TAS,2026-03-30 02:39:35,2026-09-30 12:00:00
C04263,Henry White,henry.white4263@example.com,0426023698,M,2026-02-16,Adelaide,SA,2025-11-06 17:42:48,2026-09-30 12:00:00
C04264,Thomas Taylor,thomas.taylor4264@example.com,0412431667,F,2026-06-12,Adelaide,SA,2026-09-08 07:00:46,2026-09-15 23:00:46
C04265,Ella Wright,ella.wright4265@example.com,0483350798,M,2025-10-02,Hobart,TAS,2025-01-13 10:54:41,2025-09-30 11:54:41
C04266,James Jackson,james.jackson4266@example.com,0484204443,Other,2025-04-26,Parramatta,NSW,2025-10-17 22:53:01,2026-04-09 23:53:01
C04267,Olivia Thompson,olivia.thompson4267@example.com,0467997755,Other,2026-08-28,Perth,WA,2025-08-15 10:41:33,2026-08-19 07:41:33
C04268,Olivia Thomas,olivia.thomas4268@example.com,0486288772,F,2026-03-05,Geelong,VIC,2025-08-30 02:06:26,2026-08-24 15:06:26
C04269,James Anderson,james.anderson4269@example.com,0444665589,M,2026-06-02,Geelong,VIC,2025-06-14 09:57:27,2026-01-29 22:57:27
C04270,Emma Anderson,emma.anderson4270@example.com,0416922216,F,2025-10-01,Gold Coast,QLD,2026-08-03 16:55:12,2026-09-30 12:00:00
C04271,Amelia Young,amelia.young4271@example.com,0490372030,M,2025-06-26,Canberra,ACT,2025-09-27 18:57:44,2026-09-30 12:00:00
C04272,Leo Smith,leo.smith4272@example.com,0444858568,Other,2026-03-20,Hobart,TAS,2025-06-02 00:15:14,2025-07-12 23:15:14
C04273,Isla Walker,isla.walker4273@example.com,0462444653,F,2026-05-18,Gold Coast,QLD,2026-05-23 22:57:55,2026-07-24 11:57:55
C04274,Thomas Taylor,thomas.taylor4274@example.com,0450695666,M,2026-05-29,Parramatta,NSW,2025-01-24 09:36:39,2025-07-19 10:36:39
C04275,Lucas Clark,lucas.clark4275@example.com,0461756938,M,2026-08-01,Brisbane,QLD,2025-04-13 12:17:22,2025-05-04 04:17:22
C04276,Jack Jackson,jack.jackson4276@example.com,0484166566,F,2026-01-30,Sydney,NSW,2025-05-11 07:01:30,2025-07-25 15:01:30
C04277,Henry Taylor,henry.taylor4277@example.com,0458865252,F,2026-05-17,Sydney,NSW,2026-02-28 03:57:13,2026-09-30 12:00:00
C04278,Henry Thompson,henry.thompson4278@example.com,0453340517,Other,2025-07-24,Canberra,ACT,2026-02-11 03:32:47,2026-02-18 01:32:47
C04279,Lucas White,lucas.white4279@example.com,0447480785,M,2026-05-01,Brisbane,QLD,2025-02-07 16:14:23,2025-06-26 12:14:23
C04280,Thomas Young,thomas.young4280@example.com,0433083385,M,2026-03-20,Gold Coast,QLD,2026-08-02 17:59:32,2026-09-30 12:00:00
C04281,Amelia Clark,amelia.clark4281@example.com,0490249075,F,2025-05-26,Gold Coast,QLD,2026-01-26 19:12:11,2026-08-04 16:12:11
C04282,Charlie Walker,charlie.walker4282@example.com,0433356193,F,2025-12-15,Sydney,NSW,2025-05-23 07:26:34,2025-09-20 09:26:34
C04283,Mia Harris,mia.harris4283@example.com,0456222906,F,2026-04-27,Geelong,VIC,2026-06-30 06:39:47,2026-09-30 12:00:00
C04284,Ella Brown,ella.brown4284@example.com,0420826768,Other,2025-01-28,Sydney,NSW,2025-05-18 16:01:05,2026-01-06 07:01:05
C04285,Grace Anderson,grace.anderson4285@example.com,0461885171,Other,2026-08-09,Hobart,TAS,2025-10-31 11:55:58,2025-11-09 15:55:58
C04286,Sophia Harris,sophia.harris4286@example.com,0496240043,F,2025-09-10,Adelaide,SA,2025-08-17 11:42:13,2026-01-06 14:42:13
C04287,Amelia Wilson,amelia.wilson4287@example.com,0480945891,F,2026-03-14,Melbourne,VIC,2025-08-11 05:15:47,2026-08-04 08:15:47
C04288,Charlie Wright,charlie.wright4288@example.com,0473175517,F,2025-05-20,Melbourne,VIC,2026-03-11 13:40:31,2026-09-30 12:00:00
C04289,Olivia Taylor,olivia.taylor4289@example.com,0443597756,M,2026-04-25,Geelong,VIC,2025-03-04 09:00:35,2025-06-30 01:00:35
C04290,Ella Thomas,ella.thomas4290@example.com,0473844412,Other,2025-12-21,Perth,WA,2025-01-19 02:41:34,2025-09-04 17:41:34
C04291,Mia Jackson,mia.jackson4291@example.com,0492673460,M,2025-05-18,Brisbane,QLD,2025-05-26 04:20:13,2026-03-24 11:20:13
C04292,Henry Anderson,henry.anderson4292@example.com,0471228485,F,2026-01-06,Gold Coast,QLD,2026-05-20 15:28:49,2026-08-21 05:28:49
C04293,Charlie Thompson,charlie.thompson4293@example.com,0456207800,M,2025-04-06,Melbourne,VIC,2025-06-18 03:42:51,2026-03-11 19:42:51
C04294,Emma Martin,emma.martin4294@example.com,0435448269,Other,2025-08-24,Canberra,ACT,2025-11-13 13:02:14,2026-09-30 12:00:00
C04295,Lucas Clark,lucas.clark4295@example.com,0412122589,Other,2025-10-20,Canberra,ACT,2026-05-16 17:53:32,2026-09-30 12:00:00
C04296,Charlie Thompson,charlie.thompson4296@example.com,0451751565,F,2026-05-02,Hobart,TAS,2026-07-28 07:23:42,2026-09-30 12:00:00
C04297,Olivia Clark,olivia.clark4297@example.com,0442393050,M,2025-02-25,Hobart,TAS,2025-09-08 21:37:11,2026-06-05 07:37:11
C04298,Liam Thompson,liam.thompson4298@example.com,0496624953,F,2026-08-30,Brisbane,QLD,2026-02-22 02:54:26,2026-09-30 12:00:00
C04299,Sophia Walker,sophia.walker4299@example.com,0486437888,Other,2026-03-21,Adelaide,SA,2026-04-09 16:42:50,2026-05-14 08:42:50
C04300,William Walker,william.walker4300@example.com,0495525368,F,2026-08-23,Geelong,VIC,2025-08-19 18:20:39,2026-08-22 03:20:39
C04301,Liam Wilson,liam.wilson4301@example.com,0494900387,F,2025-02-22,Geelong,VIC,2026-07-28 10:47:28,2026-09-30 12:00:00
C04302,Noah Scott,noah.scott4302@example.com,0428473642,F,2025-07-21,Brisbane,QLD,2026-04-17 06:31:31,2026-09-30 12:00:00
C04303,Thomas Wright,thomas.wright4303@example.com,0472379893,Other,2025-03-29,Perth,WA,2025-12-28 09:49:36,2026-09-30 12:00:00
C04304,Chloe King,chloe.king4304@example.com,0426552417,M,2025-01-31,Sydney,NSW,2025-05-19 00:02:35,2026-05-21 20:02:35
C04305,Emma Harris,emma.harris4305@example.com,0463031090,M,2025-11-24,Sydney,NSW,2026-06-01 13:42:26,2026-09-30 12:00:00
C04306,Noah Thompson,noah.thompson4306@example.com,0415737082,Other,2026-02-12,Adelaide,SA,2025-11-28 18:21:06,2026-04-07 12:21:06
C04307,Charlie Taylor,charlie.taylor4307@example.com,0457383923,Other,2026-05-11,Melbourne,VIC,2026-06-08 00:00:45,2026-09-30 12:00:00
C04308,Ava Harris,ava.harris4308@example.com,0489069644,F,2026-03-10,Sydney,NSW,2025-06-28 15:54:43,2026-05-23 00:54:43
C04309,Isla Anderson,isla.anderson4309@example.com,0425430613,F,2025-05-08,Hobart,TAS,2025-11-01 16:12:54,2025-11-24 03:12:54
C04310,Lucas Hall,lucas.hall4310@example.com,0437604821,M,2025-12-02,Sydney,NSW,2025-12-06 02:11:41,2026-03-27 10:11:41
C04311,Mia Walker,mia.walker4311@example.com,0469629908,M,2025-09-14,Adelaide,SA,2026-01-18 21:28:43,2026-09-23 12:28:43
C04312,Liam Clark,liam.clark4312@example.com,0419341412,M,2025-11-03,Gold Coast,QLD,2026-06-29 15:20:03,2026-09-30 12:00:00
C04313,Lucas Hall,lucas.hall4313@example.com,0494496524,Other,2025-07-06,Hobart,TAS,2025-04-05 08:00:30,2025-12-05 10:00:30
C04314,,thomas.smith4314@example.com,0445460383,F,2026-02-07,Perth,WA,2025-03-29 21:36:38,2025-04-17 12:36:38
C04315,Grace Scott,grace.scott4315@example.com,0471668143,M,2025-06-24,Adelaide,SA,2025-10-07 15:09:50,2026-09-30 12:00:00
C04316,Sophia White,sophia.white4316@example.com,0416766972,M,2025-06-07,Gold Coast,QLD,2026-02-04 13:32:42,2026-06-10 12:32:42
C04317,Isla Jackson,isla.jackson4317@example.com,0481406369,F,2026-01-24,Perth,WA,2026-08-10 11:45:09,2026-09-30 12:00:00
C04318,Chloe Jackson,chloe.jackson4318@example.com,0417433938,Other,2026-05-27,Gold Coast,QLD,2025-01-11 15:35:48,2025-02-28 14:35:48
C04319,Ava Young,ava.young4319@example.com,0465727047,Other,2025-03-15,Parramatta,NSW,2026-09-02 09:51:29,2026-09-30 12:00:00
C04320,Ava Clark,ava.clark4320@example.com,0498081834,F,2025-08-31,Geelong,VIC,2025-09-24 19:44:40,2026-08-02 01:44:40
C04321,Emma Wright,emma.wright4321@example.com,0444314984,M,2026-08-18,Perth,WA,2025-06-30 14:21:25,2026-06-22 23:21:25
C04322,Olivia Wright,olivia.wright4322@example.com,0463807671,M,2025-01-17,Gold Coast,QLD,2025-03-07 20:38:53,2025-08-27 08:38:53
C04323,Olivia Clark,olivia.clark4323@example.com,0458144301,Other,2025-03-21,Parramatta,NSW,2026-02-04 04:45:59,2026-04-05 05:45:59
C04324,Leo Harris,leo.harris4324@example.com,0496969642,M,2025-11-04,Melbourne,VIC,2026-04-02 16:29:55,2026-09-30 12:00:00
C04325,Thomas Taylor,thomas.taylor4325@example.com,0473943905,Other,2025-09-10,Geelong,VIC,2025-07-29 23:41:23,2026-08-25 05:41:23
C04326,Amelia Walker,amelia.walker4326@example.com,0452533981,Other,2026-07-12,Gold Coast,QLD,2025-06-13 15:59:40,2025-09-05 10:59:40
C04327,Leo Hall,leo.hall4327@example.com,0479367608,Other,2026-08-22,Adelaide,SA,2026-04-26 22:03:21,2026-09-30 12:00:00
C04328,Olivia Allen,olivia.allen4328@example.com,0491736458,Other,2025-04-09,Geelong,VIC,2025-07-06 22:37:58,2026-05-12 10:37:58
C04329,Jack Martin,jack.martin4329@example.com,0487024940,M,2025-08-11,Canberra,ACT,2025-07-07 15:00:03,2026-06-08 19:00:03
C04330,Emma Jackson,emma.jackson4330@example.com,0466464387,M,2025-06-10,Sydney,NSW,2026-02-05 16:36:12,2026-09-30 12:00:00
C04331,Noah White,noah.white4331@example.com,0474696916,M,2025-05-19,Perth,WA,2026-07-13 17:18:04,2026-09-30 12:00:00
C04332,Amelia Wilson,amelia.wilson4332@example.com,0418472402,Other,2026-08-28,Canberra,ACT,2025-09-30 05:44:40,2026-08-26 16:44:40
C04333,Isla Walker,isla.walker4333@example.com,0484890137,Other,2025-06-10,Geelong,VIC,2026-04-30 13:42:58,2026-09-30 12:00:00
C04334,Liam White,liam.white4334@example.com,0475799729,Other,2025-01-27,Gold Coast,QLD,2026-01-06 04:44:34,2026-06-20 21:44:34
C04335,Grace Jackson,grace.jackson4335@example.com,0491651740,M,2025-08-30,Melbourne,VIC,2025-06-04 04:35:49,2026-06-04 09:35:49
C04336,Isla Anderson,isla.anderson4336@example.com,0436023004,F,2026-09-05,Canberra,ACT,2026-03-26 16:39:31,2026-05-19 03:39:31
C04337,Grace Martin,grace.martin4337@example.com,0476952744,F,2026-02-27,Adelaide,SA,2025-06-10 13:33:42,2025-11-16 12:33:42
C04338,Henry Moore,henry.moore4338@example.com,0423785286,M,2025-05-06,Gold Coast,QLD,2025-02-04 14:43:09,2025-10-28 21:43:09
C04339,Ella Moore,ella.moore4339@example.com,0452425150,F,2025-11-14,Melbourne,VIC,2026-06-23 17:03:59,2026-09-30 12:00:00
C04340,Isla Smith,isla.smith4340@example.com,0411414309,M,2025-01-02,Gold Coast,QLD,2026-07-10 03:41:00,2026-09-30 12:00:00
C04341,Ella King,ella.king4341@example.com,0477048234,F,2025-03-23,Perth,WA,2026-05-14 19:31:51,2026-09-25 03:31:51
C04342,Lucas Jackson,lucas.jackson4342@example.com,0461552649,Other,2025-10-30,Adelaide,SA,2026-06-29 23:35:27,2026-09-30 12:00:00
C04343,Leo Thompson,leo.thompson4343@example.com,0447111493,Other,2026-08-11,Parramatta,NSW,2025-08-13 07:19:52,2026-03-28 21:19:52
C04344,Grace White,grace.white4344@example.com,0467767878,M,2026-05-30,Parramatta,NSW,2026-05-07 18:57:55,2026-07-21 22:57:55
C04345,Emma Scott,emma.scott4345@example.com,0437747638,Other,2026-05-26,Geelong,VIC,2025-12-20 00:11:13,2026-08-25 09:11:13
C04346,Mia Martin,mia.martin4346@example.com,0411164091,F,2025-01-04,Gold Coast,QLD,2025-02-21 10:10:07,2025-12-25 19:10:07
C04347,Henry Allen,henry.allen4347@example.com,0467320019,M,2026-09-02,Sydney,NSW,2026-03-03 00:39:30,2026-09-30 12:00:00
C04348,Noah Harris,noah.harris4348@example.com,0412157512,Other,2026-06-30,Gold Coast,QLD,2026-08-25 15:28:15,2026-09-30 12:00:00
C04349,Jack Wright,jack.wright4349@example.com,0475053908,Other,2025-08-26,Geelong,VIC,2026-09-14 17:05:28,2026-09-30 12:00:00
C04350,Leo Walker,leo.walker4350@example.com,0456986237,Other,2026-04-07,Gold Coast,QLD,2025-07-29 19:28:41,2026-04-26 11:28:41
C04351,Sophia Young,sophia.young4351@example.com,0442848486,M,2026-09-19,Hobart,TAS,2025-12-21 20:55:23,2026-08-09 23:55:23
C04352,Ella Harris,ella.harris4352@example.com,0468403596,M,2026-08-02,Brisbane,QLD,2025-09-28 23:38:59,2026-04-16 01:38:59
C04353,Jack Thomas,jack.thomas4353@example.com,0441810030,F,2025-06-11,Gold Coast,QLD,2026-05-06 08:30:30,2026-09-30 12:00:00
C04354,Noah Anderson,noah.anderson4354@example.com,0461470906,M,2026-09-28,Parramatta,NSW,2026-06-04 08:32:29,2026-09-30 12:00:00
C04355,Noah King,noah.king4355@example.com,0499766649,Other,2025-08-15,Hobart,TAS,2026-06-16 15:21:23,2026-09-30 12:00:00
C04356,Liam Thomas,liam.thomas4356@example.com,0489080339,M,2025-11-24,Hobart,TAS,2025-02-11 20:49:01,2025-03-14 06:49:01
C04357,Sophia Moore,sophia.moore4357@example.com,0448169169,M,2025-11-27,Geelong,VIC,2026-03-25 07:24:20,2026-09-30 12:00:00
C04358,Lucas Wilson,lucas.wilson4358@example.com,0464861465,M,2026-04-26,Hobart,TAS,2025-08-18 08:19:59,2025-11-20 17:19:59
C04359,Emma Anderson,emma.anderson4359@example.com,0455128661,M,2025-07-27,Parramatta,NSW,2026-09-17 07:15:56,2026-09-30 12:00:00
C04360,Isla Jackson,isla.jackson4360@example.com,0482706043,M,2026-08-08,Gold Coast,QLD,2026-09-20 15:20:59,2026-09-30 12:00:00
C04361,Leo Thomas,leo.thomas4361@example.com,0410012511,Other,2026-05-17,Canberra,ACT,2025-07-10 23:45:07,2026-05-11 11:45:07
C04362,Ella Allen,ella.allen4362@example.com,0473900081,M,2026-04-22,Gold Coast,QLD,2026-04-27 16:41:55,2026-09-30 12:00:00
C04363,Grace White,grace.white4363@example.com,0479185407,Other,2025-09-11,Melbourne,VIC,2026-08-26 15:29:14,2026-09-30 12:00:00
C04364,Grace Clark,grace.clark4364@example.com,0477544374,F,2025-12-10,Perth,WA,2025-01-28 18:31:42,2025-11-16 09:31:42
C04365,James Brown,james.brown4365@example.com,0428857084,Other,2026-02-14,Brisbane,QLD,2025-10-12 11:42:02,2026-05-28 09:42:02
C04366,Ava Scott,ava.scott4366@example.com,0434423105,Other,2025-06-01,Melbourne,VIC,2025-03-25 00:59:28,2026-02-01 07:59:28
C04367,Leo Moore,leo.moore4367@example.com,0441890372,M,2025-12-07,Sydney,NSW,2026-04-05 16:10:22,2026-09-01 04:10:22
C04368,Amelia Martin,amelia.martin4368@example.com,0469334532,F,2025-07-28,Geelong,VIC,2025-12-26 13:31:07,2026-01-30 03:31:07
C04369,Lucas King,lucas.king4369@example.com,0422154851,Other,2026-08-28,Adelaide,SA,2025-06-18 08:51:40,2025-11-27 01:51:40
C04370,Ella Hall,ella.hall4370@example.com,0454202034,Other,2025-11-19,Melbourne,VIC,2026-06-03 21:32:19,2026-06-07 12:32:19
C04371,William King,william.king4371@example.com,0494108331,F,2025-05-26,Melbourne,VIC,2026-01-09 06:47:25,2026-07-02 01:47:25
C04372,Grace Young,grace.young4372@example.com,0413225980,F,2025-03-26,Parramatta,NSW,2026-09-27 11:02:49,2026-09-30 12:00:00
C04373,William Brown,william.brown4373@example.com,0481770152,M,2025-11-22,Perth,WA,2026-09-13 13:28:11,2026-09-30 12:00:00
C04374,Leo King,leo.king4374@example.com,0479886287,F,2025-08-18,Parramatta,NSW,2026-07-21 14:50:01,2026-09-30 12:00:00
C04375,Charlie Wright,charlie.wright4375@example.com,0451631635,M,2025-08-17,Canberra,ACT,2025-06-09 03:18:46,2026-03-29 08:18:46
C04376,Chloe Taylor,chloe.taylor4376@example.com,0435798812,Other,2025-02-06,Adelaide,SA,2025-09-05 00:55:56,2026-04-11 22:55:56
C04377,Thomas Moore,thomas.moore4377@example.com,0477358487,M,2026-03-12,Canberra,ACT,2025-08-09 01:26:35,2025-12-20 22:26:35
C04378,Thomas Taylor,thomas.taylor4378@example.com,0455093417,Other,2026-02-28,Perth,WA,2026-03-30 05:12:34,2026-09-30 12:00:00
C04379,Olivia Clark,olivia.clark4379@example.com,0470250657,M,2025-12-01,Adelaide,SA,2026-05-08 11:59:22,2026-09-30 12:00:00
C04380,Sophia Taylor,sophia.taylor4380@example.com,0474611183,Other,2025-05-14,Melbourne,VIC,2025-11-23 23:48:40,2026-09-30 12:00:00
C04381,Isla Smith,isla.smith4381@example.com,0497373916,Other,2026-05-30,Brisbane,QLD,2025-02-10 05:21:44,2026-02-28 22:21:44
C04382,Ella Wilson,ella.wilson4382@example.com,0430300250,M,2025-12-17,Melbourne,VIC,2026-07-08 10:51:20,2026-09-30 12:00:00
C04383,Chloe Young,chloe.young4383@example.com,0412856174,M,2025-10-23,Brisbane,QLD,2026-01-04 15:40:09,2026-01-28 07:40:09
C04384,Emma Smith,emma.smith4384@example.com,0450664631,Other,2025-09-08,Brisbane,QLD,2025-03-29 11:03:50,2025-11-24 10:03:50
C04385,Emma Clark,emma.clark4385@example.com,0425378741,M,2025-12-18,Perth,WA,2025-01-15 16:42:07,2025-08-23 13:42:07
C04386,Isla Clark,isla.clark4386@example.com,0446975988,F,2025-12-31,Perth,WA,2025-04-02 07:41:18,2025-04-11 05:41:18
C04387,Olivia Brown,olivia.brown4387@example.com,0484320493,Other,2025-05-22,Melbourne,VIC,2025-11-16 10:35:19,2025-12-04 06:35:19
C04388,Liam Allen,liam.allen4388@example.com,0461596916,F,2026-09-14,Melbourne,VIC,2026-02-20 18:39:43,2026-03-12 14:39:43
C04389,Sophia Scott,sophia.scott4389@example.com,0497171272,Other,2025-02-11,Parramatta,NSW,2025-12-07 13:41:22,2026-09-30 12:00:00
C04390,Mia Clark,mia.clark4390@example.com,0432111418,F,2026-01-07,Parramatta,NSW,2026-07-30 06:25:18,2026-09-30 12:00:00
C04391,Jack Young,jack.young4391@example.com,0456906175,M,2025-10-31,Geelong,VIC,2026-05-12 01:33:46,2026-09-02 08:33:46
C04392,Ava Harris,ava.harris4392@example.com,0443257100,Other,2026-09-15,Brisbane,QLD,2026-09-20 20:53:45,2026-09-30 12:00:00
C04393,Olivia Brown,olivia.brown4393@example.com,0412439839,F,2026-07-18,Melbourne,VIC,2025-09-24 11:13:37,2026-09-23 04:13:37
C04394,Ella Walker,ella.walker4394@example.com,0487222636,F,2025-04-23,Adelaide,SA,2025-06-19 10:06:19,2025-06-25 07:06:19
C04395,Charlie Brown,charlie.brown4395@example.com,0411867186,Other,2026-05-29,Hobart,TAS,2026-08-17 16:28:13,2026-09-24 07:28:13
C04396,Emma Clark,emma.clark4396@example.com,0494115154,Other,2025-10-29,Perth,WA,2026-07-01 17:06:14,2026-07-11 00:06:14
C04397,Leo Scott,leo.scott4397@example.com,0461139932,F,2025-11-30,Geelong,VIC,2025-07-04 17:06:23,2025-07-31 20:06:23
C04398,Henry Walker,henry.walker4398@example.com,0456866275,M,2026-03-08,Perth,WA,2025-06-07 11:28:14,2025-08-03 15:28:14
C04399,Emma Anderson,emma.anderson4399@example.com,0431716474,Other,2025-12-30,Adelaide,SA,2026-02-17 18:32:28,2026-09-07 23:32:28
C04400,Chloe Wright,chloe.wright4400@example.com,0494673941,Other,2026-06-02,Brisbane,QLD,2026-05-16 08:23:02,2026-09-30 12:00:00
C04401,Amelia Hall,amelia.hall4401@example.com,0476576813,M,2026-03-11,Geelong,VIC,2026-04-23 07:41:14,2026-06-07 17:41:14
C04402,Olivia Harris,olivia.harris4402@example.com,0470102337,M,2026-03-04,Sydney,NSW,2026-01-27 02:16:53,2026-09-30 12:00:00
C04403,Jack Brown,jack.brown4403@example.com,0448108288,F,2026-05-28,Brisbane,QLD,2025-09-26 03:23:11,2026-05-04 11:23:11
C04404,Liam Scott,liam.scott4404@example.com,0498564865,Other,2026-08-11,Perth,WA,2026-09-03 09:46:23,2026-09-30 12:00:00
C04405,Emma White,emma.white4405@example.com,0467521898,M,2025-01-22,Adelaide,SA,2026-07-26 01:16:38,2026-09-30 12:00:00
C04406,Amelia Jackson,amelia.jackson4406@example.com,0432116549,F,2025-06-27,Canberra,ACT,2025-07-16 14:15:38,2026-02-02 00:15:38
C04407,Chloe Walker,chloe.walker4407@example.com,0468593855,F,2025-10-04,Melbourne,VIC,2026-05-13 09:42:43,2026-07-13 18:42:43
C04408,James Thomas,james.thomas4408@example.com,0453694582,F,2025-12-16,Perth,WA,2025-05-07 06:22:12,2025-09-28 10:22:12
C04409,Leo Wilson,leo.wilson4409@example.com,0421849364,M,2026-07-01,Canberra,ACT,2025-07-22 04:52:27,2026-07-25 08:52:27
C04410,Henry Taylor,henry.taylor4410@example.com,0457187231,F,2025-05-16,Gold Coast,QLD,2025-12-19 02:53:00,2026-09-30 12:00:00
C04411,Isla Anderson,isla.anderson4411@example.com,0495713144,M,2026-06-07,Adelaide,SA,2025-12-14 00:23:25,2026-09-17 16:23:25
C04412,Henry Young,henry.young4412@example.com,0462518269,M,2025-07-30,Sydney,NSW,2025-01-14 14:10:30,2025-02-19 18:10:30
C04413,Sophia Brown,sophia.brown4413@example.com,0443316955,M,2026-02-21,Sydney,NSW,2026-09-26 06:31:33,2026-09-30 12:00:00
C04414,Chloe Thomas,chloe.thomas4414@example.com,0470240313,F,2026-03-16,Adelaide,SA,2025-09-11 07:09:56,2026-04-08 11:09:56
C04415,Charlie Martin,charlie.martin4415@example.com,0487931390,Other,2025-10-27,Perth,WA,2026-09-22 10:58:32,2026-09-30 12:00:00
C04416,Leo King,leo.king4416@example.com,0448859892,F,2026-09-14,Adelaide,SA,2026-04-14 09:37:43,2026-07-01 03:37:43
C04417,Amelia Jackson,amelia.jackson4417@example.com,0431069914,Other,2026-02-17,Geelong,VIC,2025-07-26 13:31:22,2026-06-18 04:31:22
C04418,Grace Young,grace.young4418@example.com,0464269287,Other,2026-03-09,Brisbane,QLD,2026-09-11 00:58:43,2026-09-30 12:00:00
C04419,Charlie Young,charlie.young4419@example.com,0437701628,M,2026-05-11,Parramatta,NSW,2025-07-11 01:12:04,2026-01-30 04:12:04
C04420,Charlie Scott,charlie.scott4420@example.com,0481673837,M,2025-07-13,Melbourne,VIC,2025-12-16 07:19:02,2026-04-02 00:19:02
C04421,William Taylor,william.taylor4421@example.com,0447520239,Other,2025-01-12,Gold Coast,QLD,2025-04-09 16:01:06,2025-10-30 04:01:06
C04422,Ava White,ava.white4422@example.com,0439807281,Other,2026-06-26,Perth,WA,2025-05-19 17:03:55,2025-07-20 12:03:55
C04423,Amelia Moore,amelia.moore4423@example.com,0442342394,Other,2026-05-11,Parramatta,NSW,2025-03-15 03:22:17,2026-04-16 00:22:17
C04424,Ella Taylor,ella.taylor4424@example.com,0487819711,M,2025-01-23,Gold Coast,QLD,2026-05-12 07:16:51,2026-06-25 17:16:51
C04425,Leo Walker,leo.walker4425@example.com,0461010245,F,2025-03-03,Melbourne,VIC,2026-05-28 13:54:11,2026-09-26 11:54:11
C04426,Sophia Clark,sophia.clark4426@example.com,0451733564,F,2026-07-20,Melbourne,VIC,2025-05-25 13:58:41,2025-08-22 17:58:41
C04427,Amelia Anderson,amelia.anderson4427@example.com,0429651734,F,2025-04-12,Sydney,NSW,2025-12-11 03:40:50,2026-09-19 01:40:50
C04428,Mia Thompson,mia.thompson4428@example.com,0414451440,M,2025-11-27,Melbourne,VIC,2026-03-02 04:04:03,2026-09-30 12:00:00
C04429,Chloe Scott,chloe.scott4429@example.com,0492561148,Other,2025-03-07,Hobart,TAS,2026-05-24 20:01:25,2026-08-02 18:01:25
C04430,Olivia Wright,olivia.wright4430@example.com,0463104624,F,2026-01-19,Hobart,TAS,2026-05-05 20:22:11,2026-09-30 12:00:00
C04431,Olivia King,olivia.king4431@example.com,0432006205,M,2025-10-25,Parramatta,NSW,2026-03-05 17:05:48,2026-09-22 10:05:48
C04432,Olivia Hall,olivia.hall4432@example.com,0421107465,F,2025-07-22,Parramatta,NSW,2026-04-28 06:03:33,2026-09-30 12:00:00
C04433,Lucas Smith,lucas.smith4433@example.com,0416985910,F,2026-02-05,Parramatta,NSW,2026-09-26 00:38:57,2026-09-30 12:00:00
C04434,Ava Clark,ava.clark4434@example.com,0476093866,F,2026-06-10,Melbourne,VIC,2026-05-09 00:40:11,2026-09-30 12:00:00
C04435,Jack Hall,jack.hall4435@example.com,0433056413,M,2025-08-25,Hobart,TAS,2026-06-20 22:34:53,2026-09-30 12:00:00
C04436,Ava Hall,ava.hall4436@example.com,0490001038,M,2025-06-27,Parramatta,NSW,2026-06-30 03:56:21,2026-09-27 07:56:21
C04437,Liam Wright,liam.wright4437@example.com,0489545329,Other,2025-09-12,Adelaide,SA,2025-06-28 10:16:02,2025-08-24 19:16:02
C04438,Ella Martin,ella.martin4438@example.com,0482075603,F,2025-11-15,Adelaide,SA,2026-01-12 09:15:41,2026-02-25 01:15:41
C04439,Isla Scott,isla.scott4439@example.com,0487039524,M,2025-10-04,Brisbane,QLD,2026-04-11 17:03:03,2026-09-30 12:00:00
C04440,Grace Jackson,grace.jackson4440@example.com,0457028059,F,2026-01-10,Perth,WA,2026-02-25 19:53:33,2026-06-29 10:53:33
C04441,James Harris,james.harris4441@example.com,0411826832,Other,2026-05-27,Gold Coast,QLD,2026-07-12 07:34:31,2026-09-30 12:00:00
C04442,Charlie Brown,charlie.brown4442@example.com,0429436140,M,2025-03-21,Hobart,TAS,2026-08-19 01:46:12,2026-09-30 12:00:00
C04443,Mia Moore,mia.moore4443@example.com,0424762780,F,2026-03-07,Hobart,TAS,2026-05-28 00:18:12,2026-09-12 07:18:12
C04444,Lucas Walker,lucas.walker4444@example.com,0414159979,M,2026-09-25,Brisbane,QLD,2025-01-19 03:03:05,2025-06-27 15:03:05
C04445,William Jackson,william.jackson4445@example.com,0433373943,F,2025-02-25,Gold Coast,QLD,2025-07-10 00:54:59,2026-02-17 05:54:59
C04446,Lucas Jackson,lucas.jackson4446@example.com,0463500237,M,2025-08-25,Geelong,VIC,2026-02-02 23:17:08,2026-09-30 12:00:00
C04447,Emma Clark,emma.clark4447@example.com,0424147056,M,2025-03-07,Geelong,VIC,2025-10-27 01:57:35,2026-01-14 07:57:35
C04448,Chloe Wilson,chloe.wilson4448@example.com,0472426074,Other,2025-09-14,Adelaide,SA,2025-05-04 19:50:37,2025-10-03 05:50:37
C04449,Olivia Thompson,olivia.thompson4449@example.com,0484367308,M,2026-09-05,Geelong,VIC,2026-09-11 21:40:36,2026-09-30 12:00:00
C04450,James Smith,james.smith4450@example.com,0458064845,M,2026-03-04,Gold Coast,QLD,2026-02-27 14:51:51,2026-06-27 10:51:51
C04451,Mia Moore,mia.moore4451@example.com,0458521206,M,2025-09-28,Hobart,TAS,2026-01-13 02:30:51,2026-08-22 09:30:51
C04452,Emma White,emma.white4452@example.com,0474281852,M,2025-02-25,Melbourne,VIC,2025-06-03 22:11:51,2026-02-28 10:11:51
C04453,Leo Walker,leo.walker4453@example.com,0435940199,F,2026-04-02,Gold Coast,QLD,2026-03-10 00:10:18,2026-09-30 12:00:00
C04454,Charlie Hall,charlie.hall4454@example.com,0473192213,M,2026-05-26,Brisbane,QLD,2025-03-25 21:19:37,2025-04-17 08:19:37
C04455,Jack Jackson,jack.jackson4455@example.com,0492964958,F,2025-12-23,Sydney,NSW,2025-05-12 22:31:55,2026-04-27 17:31:55
C04456,Ava Clark,ava.clark4456@example.com,0480344519,Other,2025-04-29,Geelong,VIC,2025-11-20 16:29:58,2026-08-15 11:29:58
C04457,Leo King,leo.king4457@example.com,0418951153,F,2025-06-16,Parramatta,NSW,2025-04-12 15:06:20,2025-06-09 17:06:20
C04458,Henry Taylor,henry.taylor4458@example.com,0450983865,F,2026-03-27,Sydney,NSW,2025-10-27 22:51:32,2026-04-05 09:51:32
C04459,William Wilson,william.wilson4459@example.com,0445392913,M,2026-08-11,Parramatta,NSW,2026-03-31 02:59:47,2026-09-30 12:00:00
C04460,James Walker,james.walker4460@example.com,0417181290,Other,2025-12-27,Perth,WA,2026-09-04 10:19:57,2026-09-30 12:00:00
C04461,Chloe Smith,chloe.smith4461@example.com,0476158673,F,2025-04-02,Parramatta,NSW,2025-09-18 00:57:07,2026-08-16 02:57:07
C04462,Charlie Smith,charlie.smith4462@example.com,0423895390,Other,2025-05-09,Perth,WA,2025-04-17 06:41:56,2025-05-05 09:41:56
C04463,Charlie Jackson,charlie.jackson4463@example.com,0421790747,F,2025-06-16,Canberra,ACT,2025-08-15 02:42:33,2026-07-04 22:42:33
C04464,James White,james.white4464@example.com,0411639520,M,2025-03-07,Gold Coast,QLD,2026-04-27 18:24:22,2026-09-30 12:00:00
C04465,Lucas Wilson,lucas.wilson4465@example.com,0468745393,Other,2025-06-02,Gold Coast,QLD,2025-10-25 04:49:25,2026-09-30 12:00:00
C04466,Sophia Wilson,sophia.wilson4466@example.com,0433156305,F,2025-03-13,Geelong,VIC,2026-03-08 08:13:17,2026-09-30 12:00:00
C04467,Emma Harris,emma.harris4467@example.com,0446876393,Other,2025-05-30,Adelaide,SA,2025-11-21 09:42:25,2026-07-02 13:42:25
C04468,Liam White,liam.white4468@example.com,0466737754,Other,2025-09-25,Melbourne,VIC,2026-03-12 09:08:47,2026-04-18 11:08:47
C04469,Leo Brown,leo.brown4469@example.com,0455357539,Other,2025-06-02,Parramatta,NSW,2026-06-15 19:51:22,2026-08-05 15:51:22
C04470,Mia Harris,mia.harris4470@example.com,0448470063,F,2025-09-21,Perth,WA,2026-02-05 10:09:04,2026-09-30 12:00:00
C04471,Jack Jackson,jack.jackson4471@example.com,0452207890,M,2026-03-17,Parramatta,NSW,2025-04-11 13:48:55,2025-08-28 07:48:55
C04472,Olivia Thompson,olivia.thompson4472@example.com,0497679658,M,2025-08-18,Brisbane,QLD,2025-04-16 03:44:56,2025-08-03 18:44:56
C04473,Sophia Walker,sophia.walker4473@example.com,0416108651,Other,2026-05-11,Parramatta,NSW,2025-04-18 21:00:31,2026-01-22 16:00:31
C04474,Ella Walker,ella.walker4474@example.com,0484816737,Other,2025-08-21,Hobart,TAS,2025-11-25 14:47:24,2025-12-22 17:47:24
C04475,James Harris,james.harris4475@example.com,0475559149,F,2026-05-26,Geelong,VIC,2025-11-27 20:54:17,2026-09-30 12:00:00
C04476,Mia White,mia.white4476@example.com,0472920943,M,2026-03-19,Brisbane,QLD,2025-08-17 11:41:53,2026-07-18 06:41:53
C04477,Amelia Allen,amelia.allen4477@example.com,0430969734,F,2025-09-05,Melbourne,VIC,2025-04-07 21:27:32,2026-05-08 08:27:32
C04478,Noah Allen,noah.allen4478@example.com,0473588103,M,2025-03-26,Gold Coast,QLD,2025-02-19 08:00:50,2025-12-04 14:00:50
C04479,Emma Young,emma.young4479@example.com,0446059690,Other,2025-01-19,Gold Coast,QLD,2026-09-29 12:35:36,2026-09-30 12:00:00
C04480,Amelia Moore,amelia.moore4480@example.com,0414363324,Other,2025-12-25,Sydney,NSW,2026-08-02 00:20:46,2026-09-30 12:00:00
C04481,Chloe Wright,chloe.wright4481@example.com,0430578137,F,2026-02-12,Sydney,NSW,2026-05-30 02:33:17,2026-09-30 12:00:00
C04482,Thomas Brown,thomas.brown4482@example.com,0433073532,F,2025-03-20,Perth,WA,2025-07-30 23:56:38,2026-06-06 19:56:38
C04483,Grace Taylor,grace.taylor4483@example.com,0495397039,F,2025-07-01,Geelong,VIC,2026-09-04 11:55:17,2026-09-23 09:55:17
C04484,Chloe Young,chloe.young4484@example.com,0417237741,F,2026-05-30,Hobart,TAS,2025-01-27 16:34:47,2026-02-13 12:34:47
C04485,William Wilson,william.wilson4485@example.com,0454592113,Other,2025-05-23,Geelong,VIC,2025-06-03 21:52:07,2026-01-25 15:52:07
C04486,Ella Anderson,ella.anderson4486@example.com,0475235952,F,2025-05-21,Sydney,NSW,2025-08-03 07:05:11,2026-01-18 19:05:11
C04487,Isla Smith,isla.smith4487@example.com,0466991306,M,2026-04-17,Parramatta,NSW,2026-06-16 11:48:57,2026-09-30 12:00:00
C04488,Emma Harris,emma.harris4488@example.com,0476379262,M,2025-05-28,Geelong,VIC,2025-07-14 08:50:11,2026-03-26 04:50:11
C04489,William Thompson,william.thompson4489@example.com,0423587062,Other,2025-11-13,Adelaide,SA,2025-08-27 22:31:55,2026-01-05 03:31:55
C04490,Liam Smith,liam.smith4490@example.com,0474578630,F,2025-04-25,Hobart,TAS,2025-09-16 05:02:28,2026-07-17 12:02:28
C04491,Isla Young,isla.young4491@example.com,0455953395,M,2025-12-04,Adelaide,SA,2025-03-09 19:45:39,2025-08-03 23:45:39
C04492,Lucas Anderson,lucas.anderson4492@example.com,0458873515,F,2026-07-15,Gold Coast,QLD,2025-08-20 20:51:58,2025-08-22 14:51:58
C04493,Chloe Allen,chloe.allen4493@example.com,0475573877,M,2026-04-17,Hobart,TAS,2026-09-14 07:25:18,2026-09-30 12:00:00
C04494,Lucas Moore,lucas.moore4494@example.com,0466676860,Other,2025-03-15,Adelaide,SA,2025-06-02 07:33:46,2026-04-18 10:33:46
C04495,Liam Wright,liam.wright4495@example.com,0495448667,M,2025-09-03,Sydney,NSW,2025-03-29 07:20:06,2025-05-21 04:20:06
C04496,William Brown,william.brown4496@example.com,0415952730,M,2025-09-24,Geelong,VIC,2025-01-31 15:21:12,2025-08-10 12:21:12
C04497,Leo Wright,leo.wright4497@example.com,0438337282,M,2025-05-10,Brisbane,QLD,2026-06-22 09:45:46,2026-08-14 14:45:46
C04498,Ava White,ava.white4498@example.com,0453185111,Other,2026-05-01,Sydney,NSW,2025-02-04 17:30:50,2025-06-12 09:30:50
C04499,Olivia Wright,olivia.wright4499@example.com,0474429642,M,2026-06-24,Brisbane,QLD,2025-08-01 18:53:53,2025-09-24 01:53:53
C04500,Isla King,isla.king4500@example.com,0440224643,M,2026-03-11,Adelaide,SA,2026-06-16 06:30:39,2026-09-10 09:30:39
C04501,Ella Thomas,ella.thomas4501@example.com,0490001444,M,2026-04-03,Sydney,NSW,2026-01-20 20:03:33,2026-01-24 15:03:33
C04502,Noah Moore,noah.moore4502@example.com,0446232995,Other,2026-09-05,Geelong,VIC,2025-08-26 02:59:28,2026-05-31 11:59:28
C04503,Ella King,ella.king4503@example.com,0497244620,F,2025-08-25,Parramatta,NSW,2026-07-08 00:12:28,2026-09-30 12:00:00
C04504,Ella Taylor,ella.taylor4504@example.com,0487156792,F,2026-02-10,Geelong,VIC,2025-08-17 06:28:03,2026-07-26 14:28:03
C04505,Ava Martin,ava.martin4505@example.com,0412082372,F,2025-08-27,Gold Coast,QLD,2025-11-17 09:01:28,2026-07-24 09:01:28
C04506,Isla Thompson,isla.thompson4506@example.com,0423571789,Other,2025-05-08,Canberra,ACT,2026-06-16 04:54:13,2026-09-30 12:00:00
C04507,Thomas Smith,thomas.smith4507@example.com,0453219615,M,2025-05-20,Canberra,ACT,2025-07-03 18:41:47,2025-10-30 10:41:47
C04508,Ella Harris,ella.harris4508@example.com,0479181884,F,2025-12-29,Adelaide,SA,2026-05-08 18:35:48,2026-08-01 04:35:48
C04509,Mia Hall,mia.hall4509@example.com,0441522123,M,2025-02-04,Geelong,VIC,2026-01-16 13:49:18,2026-03-08 23:49:18
C04510,Charlie Smith,charlie.smith4510@example.com,0496521049,Other,2026-02-16,Perth,WA,2026-02-25 13:43:57,2026-09-30 12:00:00
C04511,William White,william.white4511@example.com,0422522362,M,2026-08-28,Geelong,VIC,2025-04-13 18:50:04,2026-04-16 07:50:04
C04512,Jack Thompson,jack.thompson4512@example.com,0425312753,M,2025-09-19,Parramatta,NSW,2025-01-27 19:15:31,2025-05-13 18:15:31
C04513,Olivia White,olivia.white4513@example.com,0475182224,Other,2025-08-05,Adelaide,SA,2026-05-20 19:04:29,2026-05-25 01:04:29
C04514,James Walker,james.walker4514@example.com,0448493069,F,2026-06-14,Geelong,VIC,2026-07-06 18:08:56,2026-08-01 18:08:56
C04515,Liam Brown,liam.brown4515@example.com,0450073227,M,2025-11-02,Adelaide,SA,2025-05-28 03:25:11,2025-10-13 17:25:11
C04516,Grace King,grace.king4516@example.com,0466988785,F,2025-05-18,Brisbane,QLD,2026-05-05 07:09:23,2026-09-30 12:00:00
C04517,Lucas Scott,lucas.scott4517@example.com,0493788326,Other,2025-05-03,Melbourne,VIC,2025-12-10 22:57:14,2026-06-25 12:57:14
C04518,Liam Smith,liam.smith4518@example.com,0473979702,Other,2026-09-12,Adelaide,SA,2025-06-12 23:46:02,2026-04-27 10:46:02
C04519,James White,james.white4519@example.com,0491133340,F,2026-07-07,Gold Coast,QLD,2025-11-25 00:58:34,2026-01-14 18:58:34
C04520,Henry Harris,henry.harris4520@example.com,0482293601,M,2026-04-03,Gold Coast,QLD,2026-03-22 10:45:28,2026-09-30 12:00:00
C04521,Henry Martin,henry.martin4521@example.com,0421397884,F,2025-11-30,Sydney,NSW,2025-02-04 10:16:03,2025-12-26 21:16:03
C04522,Grace Allen,grace.allen4522@example.com,0462822526,Other,2026-05-26,Brisbane,QLD,2025-01-10 18:50:11,2025-02-03 21:50:11
C04523,Jack Scott,jack.scott4523@example.com,0444560377,Other,2025-03-22,Hobart,TAS,2025-09-06 01:59:01,2025-10-12 08:59:01
C04524,Sophia Brown,sophia.brown4524@example.com,0486626397,M,2025-09-18,Gold Coast,QLD,2026-07-06 01:24:40,2026-09-30 12:00:00
C04525,Henry Walker,henry.walker4525@example.com,0415395591,F,2025-02-08,Gold Coast,QLD,2025-11-13 16:16:00,2025-12-08 16:16:00
C04526,James Martin,james.martin4526@example.com,0480923734,M,2025-10-30,Perth,WA,2025-09-18 11:16:39,2026-05-12 23:16:39
C04527,Ella Hall,ella.hall4527@example.com,0487975411,Other,2025-05-26,Gold Coast,QLD,2025-06-24 11:26:01,2025-11-16 04:26:01
C04528,Sophia Clark,sophia.clark4528@example.com,0435825654,Other,2025-02-10,Perth,WA,2025-05-18 10:28:27,2025-06-17 12:28:27
C04529,Chloe Scott,chloe.scott4529@example.com,0424330053,F,2025-12-28,Gold Coast,QLD,2025-03-23 02:32:07,2025-06-18 23:32:07
C04530,Ava Moore,ava.moore4530@example.com,0490753757,M,2025-11-12,Melbourne,VIC,2026-07-25 21:07:23,2026-09-30 12:00:00
C04531,Mia Taylor,mia.taylor4531@example.com,0444456751,M,2026-03-20,Gold Coast,QLD,2025-01-23 14:55:53,2025-03-01 05:55:53
C04532,Henry Allen,henry.allen4532@example.com,0415351193,Other,2025-08-23,Adelaide,SA,2026-02-01 06:52:49,2026-03-25 02:52:49
C04533,Ava White,ava.white4533@example.com,0458616548,F,2026-01-20,Geelong,VIC,2026-08-21 14:25:30,2026-09-19 19:25:30
C04534,Emma Walker,invalid-email,0447964342,F,2026-06-02,Canberra,ACT,2025-09-18 09:17:24,2026-07-18 22:17:24
C04535,Amelia Thomas,amelia.thomas4535@example.com,0478248170,M,2025-04-01,Brisbane,QLD,2025-11-12 02:42:34,2026-03-08 07:42:34
C04536,Mia Hall,mia.hall4536@example.com,0489953062,Other,2025-06-10,Sydney,NSW,2025-10-06 23:43:43,2026-02-26 14:43:43
C04537,Lucas Hall,lucas.hall4537@example.com,0481171981,Other,2025-11-10,Gold Coast,QLD,2026-08-12 02:45:54,2026-09-30 12:00:00
C04538,James Smith,james.smith4538@example.com,0444234733,F,2025-08-29,Hobart,TAS,2025-11-13 12:21:54,2026-09-30 12:00:00
C04539,Lucas Anderson,lucas.anderson4539@example.com,0485182045,M,2026-05-04,Brisbane,QLD,2026-07-28 23:53:51,2026-09-30 12:00:00
C04540,Mia Allen,mia.allen4540@example.com,0437619034,F,2026-06-28,Perth,WA,2026-05-04 13:51:16,2026-09-30 12:00:00
C04541,Olivia Thompson,olivia.thompson4541@example.com,0482211782,F,2025-05-06,Parramatta,NSW,2025-10-08 04:22:07,2026-07-23 07:22:07
C04542,Grace Anderson,grace.anderson4542@example.com,0468053270,F,2026-02-14,Canberra,ACT,2026-08-09 14:19:28,2026-09-30 12:00:00
C04543,Olivia Scott,olivia.scott4543@example.com,0461076274,F,2025-05-10,Geelong,VIC,2026-08-26 03:38:12,2026-09-30 12:00:00
C04544,Jack Wright,jack.wright4544@example.com,0412079760,Other,2025-12-30,Hobart,TAS,2025-08-04 03:28:27,2026-05-27 18:28:27
C04545,Grace Hall,grace.hall4545@example.com,0468528488,Other,2025-08-06,Gold Coast,QLD,2026-08-12 03:01:40,2026-09-30 12:00:00
C04546,Lucas Walker,lucas.walker4546@example.com,0474084715,F,2025-04-24,Adelaide,SA,2025-02-17 21:19:54,2025-07-10 11:19:54
C04547,Henry Brown,henry.brown4547@example.com,0412452387,Other,2025-03-29,Gold Coast,QLD,2026-04-07 14:59:03,2026-06-16 01:59:03
C04548,Isla Moore,isla.moore4548@example.com,0493615819,Other,2025-11-25,Brisbane,QLD,2025-09-20 19:18:02,2026-08-14 14:18:02
C04549,Charlie Thompson,charlie.thompson4549@example.com,0445851775,Other,2026-07-17,Sydney,NSW,2026-01-15 12:40:13,2026-09-23 20:40:13
C04550,Henry Moore,henry.moore4550@example.com,0465029330,M,2025-09-05,Gold Coast,QLD,2025-12-11 22:42:41,2026-08-11 10:42:41
C04551,Jack Harris,jack.harris4551@example.com,0455830158,M,2025-01-11,Sydney,NSW,2025-01-04 22:57:21,2025-01-18 16:57:21
C04552,Charlie Thomas,charlie.thomas4552@example.com,0429181101,F,2026-02-03,Adelaide,SA,2026-04-27 04:33:40,2026-09-30 12:00:00
C04553,Lucas Thompson,lucas.thompson4553@example.com,0446601492,M,2026-03-13,Canberra,ACT,2026-07-24 15:03:45,2026-09-30 12:00:00
C04554,Leo Smith,leo.smith4554@example.com,0495392172,M,2026-04-21,Parramatta,NSW,2026-02-24 13:51:39,2026-09-30 12:00:00
C04555,Grace Martin,grace.martin4555@example.com,0448315255,M,2026-01-05,Brisbane,QLD,2026-07-08 05:41:57,2026-09-30 12:00:00
C04556,Olivia Brown,olivia.brown4556@example.com,0440055936,F,2026-05-23,Adelaide,SA,2026-09-10 12:51:06,2026-09-30 12:00:00
C04557,Charlie Young,charlie.young4557@example.com,0485732526,M,2026-08-24,Brisbane,QLD,2025-05-23 08:31:06,2025-12-24 17:31:06
C04558,Emma Clark,emma.clark4558@example.com,0433300187,F,2026-09-14,Parramatta,NSW,2026-03-15 18:21:01,2026-09-30 12:00:00
C04559,Ava Moore,ava.moore4559@example.com,0492282050,F,2026-06-27,Melbourne,VIC,2025-04-12 12:38:04,2025-10-08 01:38:04
C04560,Olivia Allen,olivia.allen4560@example.com,0416184893,M,2026-06-21,Hobart,TAS,2026-06-06 04:13:03,2026-09-30 12:00:00
C04561,Noah Jackson,noah.jackson4561@example.com,0474468152,F,2025-08-26,Parramatta,NSW,2025-11-12 23:37:01,2026-01-24 05:37:01
C04562,Ava Walker,ava.walker4562@example.com,0410507455,M,2026-01-24,Hobart,TAS,2025-06-29 08:39:18,2025-08-19 01:39:18
C04563,Lucas Moore,lucas.moore4563@example.com,0486821268,F,2026-03-07,Hobart,TAS,2026-09-20 03:07:41,2026-09-30 12:00:00
C04564,Henry Brown,henry.brown4564@example.com,0490470634,M,2025-09-27,Parramatta,NSW,2025-03-11 03:34:09,2025-12-19 17:34:09
C04565,Grace Moore,grace.moore4565@example.com,0435308865,M,2026-07-31,Hobart,TAS,2025-12-24 03:05:41,2026-03-08 03:05:41
C04566,Olivia Moore,olivia.moore4566@example.com,0444065533,M,2025-08-11,Hobart,TAS,2026-01-30 13:43:27,2026-09-30 12:00:00
C04567,Lucas Martin,lucas.martin4567@example.com,0448519429,M,2026-06-27,Parramatta,NSW,2026-07-26 21:13:46,2026-09-30 12:00:00
C04568,Thomas Martin,thomas.martin4568@example.com,0494263003,Other,2025-11-29,Perth,WA,2025-09-06 15:46:30,2026-01-08 00:46:30
C04569,Olivia White,olivia.white4569@example.com,0420646302,F,2026-08-13,Melbourne,VIC,2025-07-03 14:30:50,2025-09-11 11:30:50
C04570,William Wilson,william.wilson4570@example.com,0436557364,M,2026-03-11,Perth,WA,2025-06-12 11:02:53,2025-11-27 22:02:53
C04571,Charlie Scott,charlie.scott4571@example.com,0450967625,Other,2026-06-08,Hobart,TAS,2025-05-30 08:55:53,2026-05-01 04:55:53
C04572,Mia Hall,mia.hall4572@example.com,0475419891,Other,2025-09-04,Sydney,NSW,2026-02-09 17:45:29,2026-09-30 12:00:00
C04573,Thomas Young,thomas.young4573@example.com,0468545769,F,2025-06-19,Hobart,TAS,2025-10-02 19:05:51,2025-12-29 11:05:51
C04574,Thomas Allen,thomas.allen4574@example.com,0421202489,M,2025-10-29,Adelaide,SA,2025-09-21 15:50:34,2026-04-06 10:50:34
C04575,James Hall,james.hall4575@example.com,0452076728,M,2025-10-16,Perth,WA,2025-06-19 19:24:55,2026-05-03 07:24:55
C04576,Emma Thompson,emma.thompson4576@example.com,0412449416,F,2025-01-21,Adelaide,SA,2025-08-14 02:42:32,2025-09-08 06:42:32
C04577,Henry Wilson,henry.wilson4577@example.com,0447558179,M,2025-09-12,Melbourne,VIC,2026-04-17 03:36:04,2026-06-24 22:36:04
C04578,Charlie Brown,charlie.brown4578@example.com,0493258457,F,2025-08-16,Sydney,NSW,2026-03-09 11:28:33,2026-04-29 20:28:33
C04579,Isla Thompson,isla.thompson4579@example.com,0498814834,M,2025-02-01,Melbourne,VIC,2025-03-22 18:13:23,2025-07-07 20:13:23
C04580,Emma Thompson,emma.thompson4580@example.com,0439380137,F,2025-02-28,Canberra,ACT,2025-11-06 11:25:28,2026-03-01 13:25:28
C04581,Olivia Wilson,olivia.wilson4581@example.com,0465680609,M,2026-05-27,Adelaide,SA,2025-10-09 18:12:05,2026-05-28 05:12:05
C04582,Mia Smith,mia.smith4582@example.com,0470819987,M,2025-08-30,Sydney,NSW,2025-04-17 22:59:44,2025-12-01 04:59:44
C04583,Amelia Allen,amelia.allen4583@example.com,0433059246,F,2025-06-10,Melbourne,VIC,2025-03-27 00:06:42,2025-08-22 18:06:42
C04584,Noah King,noah.king4584@example.com,0410011582,F,2025-03-21,Hobart,TAS,2025-06-11 05:46:43,2025-10-22 05:46:43
C04585,William Young,william.young4585@example.com,0464070952,M,2025-06-25,Perth,WA,2025-12-09 08:54:44,2026-09-30 12:00:00
C04586,Jack Wilson,jack.wilson4586@example.com,0473211287,M,2025-03-07,Brisbane,QLD,2025-09-13 10:34:46,2025-10-04 18:34:46
C04587,Ella Smith,ella.smith4587@example.com,0442537509,M,2025-04-26,Melbourne,VIC,2025-11-07 10:03:05,2026-04-18 09:03:05
C04588,Lucas Thompson,lucas.thompson4588@example.com,0490587725,M,2025-10-08,Hobart,TAS,2026-02-21 01:53:09,2026-09-30 12:00:00
C04589,Chloe Allen,chloe.allen4589@example.com,0477434347,F,2026-01-21,Hobart,TAS,2026-03-24 13:03:54,2026-09-07 21:03:54
C04590,Liam Thompson,liam.thompson4590@example.com,0451555860,F,2025-09-25,Adelaide,SA,2025-12-25 00:53:17,2026-03-21 05:53:17
C04591,Olivia Clark,olivia.clark4591@example.com,0424714183,Other,2026-05-19,Hobart,TAS,2025-09-27 21:47:44,2026-06-11 10:47:44
C04592,Jack Harris,jack.harris4592@example.com,0425543611,F,2026-07-30,Geelong,VIC,2026-06-15 05:31:49,2026-09-30 12:00:00
C04593,Ella Taylor,ella.taylor4593@example.com,0477003652,Other,2025-12-05,Perth,WA,2025-02-26 11:35:01,2025-04-06 05:35:01
C04594,Isla Allen,isla.allen4594@example.com,0461192844,F,2025-02-17,Melbourne,VIC,2026-07-25 05:25:31,2026-09-30 12:00:00
C04595,Henry Harris,henry.harris4595@example.com,0493769469,F,2025-05-29,Brisbane,QLD,2025-04-04 09:57:17,2026-04-21 13:57:17
C04596,Leo Allen,leo.allen4596@example.com,0418696979,F,2025-05-07,Melbourne,VIC,2026-06-27 17:03:44,2026-09-30 12:00:00
C04597,Mia Hall,mia.hall4597@example.com,0469625575,M,2025-10-28,Canberra,ACT,2026-03-02 05:26:32,2026-07-10 00:26:32
C04598,Liam Harris,liam.harris4598@example.com,0449569133,M,2025-01-06,Geelong,VIC,2026-02-25 23:36:42,2026-09-30 12:00:00
C04599,Charlie Clark,charlie.clark4599@example.com,0481789674,M,2025-09-29,Canberra,ACT,2025-03-22 14:41:00,2025-04-14 03:41:00
C04600,Mia Walker,mia.walker4600@example.com,0497316295,F,2026-02-05,Gold Coast,QLD,2026-08-14 15:09:42,2026-09-30 12:00:00
C04601,Grace Taylor,grace.taylor4601@example.com,0453277974,M,2025-01-30,Melbourne,VIC,2025-11-17 08:07:55,2026-07-10 10:07:55
C04602,Chloe Walker,chloe.walker4602@example.com,0424882321,Other,2026-07-04,Melbourne,VIC,2025-03-24 22:53:55,2025-11-14 09:53:55
C04603,James Smith,james.smith4603@example.com,0459354974,F,2026-04-13,Adelaide,SA,2026-04-30 17:16:11,2026-09-30 12:00:00
C04604,Grace Taylor,grace.taylor4604@example.com,0467427682,F,2025-05-15,Canberra,ACT,2026-03-15 15:30:51,2026-04-08 04:30:51
C04605,Noah Scott,noah.scott4605@example.com,0425746460,F,2025-07-30,Sydney,NSW,2025-07-01 17:48:14,2025-12-02 11:48:14
C04606,James Wright,james.wright4606@example.com,0458794012,Other,2026-05-12,Sydney,NSW,2025-04-24 11:10:28,2025-07-24 10:10:28
C04607,Ella White,ella.white4607@example.com,0480313639,Other,2026-08-14,Parramatta,NSW,2026-03-09 14:58:17,2026-09-30 12:00:00
C04608,Emma Thomas,emma.thomas4608@example.com,0472454752,Other,2026-02-05,Melbourne,VIC,2025-12-20 18:37:51,2026-05-07 03:37:51
C04609,Lucas King,lucas.king4609@example.com,0455934951,F,2025-05-13,Canberra,ACT,2025-01-30 02:11:42,2026-03-02 07:11:42
C04610,Olivia King,olivia.king4610@example.com,0415140778,M,2026-01-02,Parramatta,NSW,2026-03-01 03:47:00,2026-09-30 12:00:00
C04611,Chloe Brown,chloe.brown4611@example.com,0497747615,F,2025-09-04,Geelong,VIC,2026-02-18 20:10:45,2026-03-15 19:10:45
C04612,Charlie Brown,charlie.brown4612@example.com,0452686567,M,2026-02-05,Parramatta,NSW,2026-01-16 10:39:22,2026-09-30 12:00:00
C04613,Charlie Clark,charlie.clark4613@example.com,0456603072,Other,2026-02-11,Geelong,VIC,2026-03-23 22:26:09,2026-09-30 12:00:00
C04614,William Clark,william.clark4614@example.com,0475521964,M,2025-05-28,Melbourne,VIC,2025-05-16 11:15:55,2025-11-25 03:15:55
C04615,Olivia Scott,olivia.scott4615@example.com,0483763349,M,2026-02-01,Sydney,NSW,2025-07-02 10:55:17,2026-01-02 11:55:17
C04616,Amelia Harris,amelia.harris4616@example.com,0497166965,Other,2026-05-25,Melbourne,VIC,2026-09-20 14:35:51,2026-09-30 12:00:00
C04617,Emma King,emma.king4617@example.com,0410599392,F,2026-02-03,Parramatta,NSW,2025-10-22 03:48:03,2025-11-17 23:48:03
C04618,Jack King,jack.king4618@example.com,0441063143,M,2025-01-06,Brisbane,QLD,2026-06-12 09:15:54,2026-09-30 12:00:00
C04619,Henry Walker,henry.walker4619@example.com,0465578052,M,2026-07-01,Melbourne,VIC,2025-08-19 22:51:20,2026-07-18 20:51:20
C04620,Amelia Allen,amelia.allen4620@example.com,0473124020,F,2025-01-06,Melbourne,VIC,2026-01-29 08:36:55,2026-09-30 12:00:00
C04621,Sophia Martin,sophia.martin4621@example.com,0484417119,M,2025-03-01,Adelaide,SA,2026-09-18 01:40:53,2026-09-30 12:00:00
C04622,Henry Allen,henry.allen4622@example.com,0431448774,F,2026-03-12,Melbourne,VIC,2025-05-10 15:41:33,2026-03-01 15:41:33
C04623,Henry Moore,henry.moore4623@example.com,0494634650,M,2025-05-02,Geelong,VIC,2025-07-12 00:43:49,2025-08-05 10:43:49
C04624,Amelia King,amelia.king4624@example.com,0478174916,M,2026-07-09,Gold Coast,QLD,2026-05-18 10:19:30,2026-09-03 03:19:30
C04625,Sophia Thomas,sophia.thomas4625@example.com,0477293217,F,2025-01-03,Adelaide,SA,2025-11-11 00:24:10,2026-07-30 05:24:10
C04626,Charlie Thomas,charlie.thomas4626@example.com,0428795225,Other,2026-01-05,Gold Coast,QLD,2025-11-19 07:11:00,2026-05-28 05:11:00
C04627,Noah Thompson,noah.thompson4627@example.com,0472829336,M,2025-04-05,Gold Coast,QLD,2025-02-27 03:12:21,2025-05-18 11:12:21
C04628,Charlie King,charlie.king4628@example.com,0458512142,M,2025-08-02,Canberra,ACT,2026-05-01 21:48:49,2026-09-30 12:00:00
C04629,Amelia Taylor,amelia.taylor4629@example.com,0422426963,F,2025-04-15,Canberra,ACT,2025-10-01 02:32:01,2026-04-03 01:32:01
C04630,Liam Smith,liam.smith4630@example.com,0460154723,M,2025-12-06,Melbourne,VIC,2026-05-20 08:40:59,2026-06-10 16:40:59
C04631,Grace Wright,grace.wright4631@example.com,0464648873,Other,2025-05-29,Hobart,TAS,2025-08-06 06:51:49,2025-10-23 21:51:49
C04632,Leo King,leo.king4632@example.com,0492107937,M,2025-02-13,Hobart,TAS,2026-08-21 08:28:14,2026-09-30 12:00:00
C04633,Lucas Anderson,lucas.anderson4633@example.com,0459253550,F,2025-07-23,Gold Coast,QLD,2025-07-02 06:38:03,2026-01-10 07:38:03
C04634,Grace Brown,grace.brown4634@example.com,0474046237,M,2026-09-17,Adelaide,SA,2025-03-24 04:19:53,2025-05-26 10:19:53
C04635,Sophia Scott,sophia.scott4635@example.com,0439773258,F,2026-02-03,Geelong,VIC,2025-05-21 20:20:34,2025-06-26 14:20:34
C04636,Lucas Martin,lucas.martin4636@example.com,0436166926,M,2025-11-10,Parramatta,NSW,2026-03-18 09:13:27,2026-09-14 06:13:27
C04637,Jack Scott,jack.scott4637@example.com,0414258407,Other,2026-08-21,Brisbane,QLD,2026-01-17 13:35:48,2026-03-19 00:35:48
C04638,Jack Taylor,jack.taylor4638@example.com,0481686996,F,2026-09-25,Brisbane,QLD,2026-01-26 22:14:50,2026-09-30 12:00:00
C04639,Ella Wright,ella.wright4639@example.com,0427277547,M,2025-01-09,Adelaide,SA,2026-02-25 07:15:43,2026-09-30 12:00:00
C04640,Henry Anderson,henry.anderson4640@example.com,0442120560,M,2026-08-07,Parramatta,NSW,2025-09-04 07:44:33,2026-05-31 03:44:33
C04641,Leo Smith,leo.smith4641@example.com,0430610448,F,2025-01-17,Sydney,NSW,2025-11-29 00:39:46,2026-09-30 12:00:00
C04642,Henry Smith,henry.smith4642@example.com,0460940235,F,2026-06-12,Melbourne,VIC,2025-11-14 07:49:53,2026-08-20 20:49:53
C04643,Sophia Hall,sophia.hall4643@example.com,0431500638,F,2025-11-19,Melbourne,VIC,2026-05-27 20:09:24,2026-06-18 19:09:24
C04644,Chloe Young,chloe.young4644@example.com,0457905434,M,2026-05-13,Hobart,TAS,2026-03-05 13:12:26,2026-09-30 12:00:00
C04645,William Young,william.young4645@example.com,0485731046,F,2025-01-31,Melbourne,VIC,2026-07-23 16:09:12,2026-09-30 12:00:00
C04646,Noah Scott,noah.scott4646@example.com,0494678589,Other,2026-04-23,Hobart,TAS,2026-07-10 05:18:29,2026-09-30 12:00:00
C04647,Isla Taylor,isla.taylor4647@example.com,0498614349,Other,2026-02-28,Canberra,ACT,2026-02-10 04:06:00,2026-09-30 12:00:00
C04648,William Clark,william.clark4648@example.com,0419129640,F,2026-07-12,Adelaide,SA,2026-06-25 21:11:32,2026-09-30 12:00:00
C04649,Lucas Clark,lucas.clark4649@example.com,0480273663,M,2025-06-13,Melbourne,VIC,2025-01-15 12:49:56,2025-08-08 04:49:56
C04650,Chloe Wright,chloe.wright4650@example.com,0483054486,Other,2025-09-30,Melbourne,VIC,2025-11-16 23:55:10,2026-05-25 04:55:10
C04651,Leo Thompson,leo.thompson4651@example.com,0470342521,Other,2025-05-18,Canberra,ACT,2025-01-24 13:34:49,2025-03-04 10:34:49
C04652,Ava Martin,ava.martin4652@example.com,0411125829,M,2025-05-07,Geelong,VIC,2026-09-18 19:50:29,2026-09-30 12:00:00
C04653,Olivia King,olivia.king4653@example.com,0492919916,Other,2025-12-21,Melbourne,VIC,2026-06-28 06:16:35,2026-09-30 12:00:00
C04654,Henry Harris,henry.harris4654@example.com,0443109316,M,2025-09-19,Canberra,ACT,2026-04-12 17:36:02,2026-08-30 10:36:02
C04655,Grace Thompson,grace.thompson4655@example.com,0428186165,F,2025-03-03,Canberra,ACT,2026-01-22 22:29:58,2026-09-30 12:00:00
C04656,Ava Taylor,ava.taylor4656@example.com,0466706653,Other,2026-03-01,Parramatta,NSW,2025-03-13 21:32:44,2025-03-29 10:32:44
C04657,Sophia Brown,sophia.brown4657@example.com,0439872900,Other,2025-01-25,Gold Coast,QLD,2026-09-13 18:30:40,2026-09-30 12:00:00
C04658,Thomas Allen,thomas.allen4658@example.com,0496223499,F,2025-09-04,Canberra,ACT,2025-01-09 22:13:28,2025-10-05 03:13:28
C04659,Charlie Taylor,charlie.taylor4659@example.com,0476637972,M,2025-10-22,Sydney,NSW,2026-03-05 23:56:55,2026-09-30 12:00:00
C04660,Noah Thompson,noah.thompson4660@example.com,0469003304,M,2025-03-21,Gold Coast,QLD,2026-05-14 17:40:06,2026-09-12 13:40:06
C04661,Sophia Thomas,sophia.thomas4661@example.com,0474488097,Other,2026-09-09,Geelong,VIC,2026-05-05 21:21:24,2026-07-15 05:21:24
C04662,Henry Harris,henry.harris4662@example.com,0440337472,Other,2025-02-09,Parramatta,NSW,2025-07-21 03:31:34,2025-10-10 17:31:34
C04663,Isla Scott,isla.scott4663@example.com,0411883615,F,2026-06-18,Adelaide,SA,2026-02-23 13:08:02,2026-09-30 12:00:00
C04664,Henry Clark,henry.clark4664@example.com,0464530300,F,2025-05-23,Brisbane,QLD,2025-01-14 03:21:28,2025-08-31 12:21:28
C04665,Emma Scott,emma.scott4665@example.com,0494708451,M,2025-11-20,Hobart,TAS,2026-05-13 16:42:20,2026-09-30 12:00:00
C04666,Jack Martin,jack.martin4666@example.com,0470990839,M,2026-09-17,Sydney,NSW,2025-09-27 10:35:50,2026-05-01 22:35:50
C04667,Ava Wright,ava.wright4667@example.com,0473374797,Other,2025-10-05,Hobart,TAS,2025-02-26 14:10:08,2026-03-01 03:10:08
C04668,Olivia Walker,olivia.walker4668@example.com,0479358895,M,2026-03-25,Melbourne,VIC,2025-04-12 10:49:16,2025-06-04 17:49:16
C04669,Mia King,mia.king4669@example.com,0437231256,Other,2026-09-13,Perth,WA,2026-07-05 16:13:15,2026-09-30 12:00:00
C04670,Thomas Clark,thomas.clark4670@example.com,0497131924,Other,2026-03-08,Sydney,NSW,2025-06-08 11:41:56,2025-10-16 00:41:56
C04671,Ava Wright,ava.wright4671@example.com,0460053192,F,2025-10-03,Perth,WA,2026-03-18 02:03:14,2026-09-18 14:03:14
C04672,Ella Brown,ella.brown4672@example.com,0450990965,Other,2025-06-14,Canberra,ACT,2025-11-16 06:31:41,2025-12-27 04:31:41
C04673,Grace Anderson,grace.anderson4673@example.com,0414221767,M,2025-03-21,Adelaide,SA,2025-08-26 20:23:00,2026-07-24 08:23:00
C04674,Liam Walker,liam.walker4674@example.com,0468242380,M,2025-10-19,Perth,WA,2025-10-20 12:40:52,2025-11-08 06:40:52
C04675,Amelia Brown,amelia.brown4675@example.com,0462643935,F,2026-08-31,Hobart,TAS,2025-03-27 00:03:38,2025-05-20 13:03:38
C04676,Jack Martin,jack.martin4676@example.com,0473695759,Other,2025-10-03,Gold Coast,QLD,2025-11-15 23:15:02,2025-12-13 02:15:02
C04677,Leo Anderson,leo.anderson4677@example.com,0452250575,M,2025-05-14,Adelaide,SA,2025-11-02 20:44:10,2025-11-05 16:44:10
C04678,Jack King,jack.king4678@example.com,0476984696,M,2025-06-11,Hobart,TAS,2026-06-03 14:43:59,2026-09-12 15:43:59
C04679,Emma Walker,emma.walker4679@example.com,0470053637,M,2026-06-29,Perth,WA,2026-01-18 12:36:56,2026-03-13 13:36:56
C04680,Leo Wilson,leo.wilson4680@example.com,0495809463,M,2026-01-02,Geelong,VIC,2026-05-22 02:13:42,2026-09-28 02:13:42
C04681,Olivia Smith,olivia.smith4681@example.com,0442910103,F,2026-08-13,Perth,WA,2025-10-04 05:09:29,2026-05-07 13:09:29
C04682,Sophia Walker,sophia.walker4682@example.com,0452933672,M,2025-10-19,Gold Coast,QLD,2025-05-24 13:43:43,2025-11-22 14:43:43
C04683,Chloe Allen,chloe.allen4683@example.com,0460198579,Other,2026-08-10,Brisbane,QLD,2025-03-23 02:26:00,2025-06-11 18:26:00
C04684,Isla Jackson,isla.jackson4684@example.com,0495807447,Other,2026-05-21,Canberra,ACT,2026-07-05 23:31:21,2026-09-30 12:00:00
C04685,Jack Wright,jack.wright4685@example.com,0453372139,M,2026-06-27,Sydney,NSW,2025-03-02 08:46:04,2026-02-09 19:46:04
C04686,Ava White,ava.white4686@example.com,0412747509,Other,2025-09-10,Melbourne,VIC,2025-04-12 12:59:17,2026-04-20 19:59:17
C04687,Liam Scott,liam.scott4687@example.com,0440502785,M,2025-05-29,Adelaide,SA,2026-04-14 22:17:18,2026-09-30 12:00:00
C04688,Lucas Martin,lucas.martin4688@example.com,0496376260,Other,2025-10-17,Gold Coast,QLD,2026-04-13 16:27:58,2026-09-30 12:00:00
C04689,Olivia Martin,olivia.martin4689@example.com,0446768638,Other,2026-05-08,Adelaide,SA,2026-04-11 04:16:40,2026-09-30 12:00:00
C04690,Liam Young,liam.young4690@example.com,0470489549,Other,2025-03-18,Parramatta,NSW,2025-10-30 03:36:50,2025-11-04 16:36:50
C04691,James Brown,james.brown4691@example.com,0492357168,Other,2025-06-19,Hobart,TAS,2026-08-10 14:35:18,2026-09-30 12:00:00
C04692,Lucas Wright,lucas.wright4692@example.com,0427270695,Other,2025-05-10,Parramatta,NSW,2025-03-09 12:40:16,2025-05-15 15:40:16
C04693,Grace Moore,grace.moore4693@example.com,0448142768,Other,2026-08-30,Canberra,ACT,2025-12-24 19:30:49,2026-01-19 00:30:49
C04694,Noah Smith,noah.smith4694@example.com,0458541273,Other,2025-09-25,Gold Coast,QLD,2026-01-08 15:36:36,2026-09-30 12:00:00
C04695,Mia Harris,mia.harris4695@example.com,0448496523,M,2025-09-29,Gold Coast,QLD,2026-01-23 11:07:41,2026-04-08 18:07:41
C04696,Henry Brown,henry.brown4696@example.com,0439052145,M,2025-09-03,Adelaide,SA,2025-01-28 16:49:01,2025-08-29 12:49:01
C04697,Lucas Thompson,lucas.thompson4697@example.com,0498022959,F,2025-11-30,Hobart,TAS,2025-10-27 07:20:59,2026-06-15 00:20:59
C04698,Amelia Smith,amelia.smith4698@example.com,0480202195,M,2025-03-17,Adelaide,SA,2025-08-03 22:46:53,2025-10-06 02:46:53
C04699,Emma Wilson,emma.wilson4699@example.com,0478567218,M,2025-11-24,Sydney,NSW,2026-02-07 09:40:09,2026-03-28 06:40:09
C04700,Henry Harris,henry.harris4700@example.com,0495315100,F,2025-02-23,Adelaide,SA,2026-07-21 16:37:13,2026-09-30 12:00:00
C04701,Chloe Brown,chloe.brown4701@example.com,0412679025,Other,2026-02-16,Gold Coast,QLD,2025-01-29 14:01:39,2025-08-07 10:01:39
C04702,Liam Clark,liam.clark4702@example.com,0498150417,M,2025-05-14,Parramatta,NSW,2025-07-09 14:25:11,2025-11-17 12:25:11
C04703,Grace Thompson,grace.thompson4703@example.com,0417056731,F,2026-05-18,Adelaide,SA,2025-06-06 00:49:31,2026-04-12 16:49:31
C04704,Olivia Allen,olivia.allen4704@example.com,0491103186,Other,2026-05-26,Canberra,ACT,2026-09-29 23:54:41,2026-09-30 12:00:00
C04705,Chloe Thompson,chloe.thompson4705@example.com,0462184259,Other,2025-04-22,Sydney,NSW,2025-07-15 19:37:39,2026-02-23 01:37:39
C04706,Thomas Martin,thomas.martin4706@example.com,0483195283,Other,2025-08-18,Gold Coast,QLD,2025-10-11 08:06:55,2026-09-24 02:06:55
C04707,Thomas Moore,thomas.moore4707@example.com,0491160751,M,2025-04-14,Adelaide,SA,2026-08-06 04:33:10,2026-09-30 12:00:00
C04708,Grace Moore,grace.moore4708@example.com,0474649094,F,2026-04-03,Geelong,VIC,2025-11-20 19:46:36,2026-04-30 00:46:36
C04709,Ella Allen,ella.allen4709@example.com,0437484932,M,2026-04-02,Geelong,VIC,2026-01-05 20:21:47,2026-04-30 02:21:47
C04710,Lucas White,lucas.white4710@example.com,0461395031,M,2026-09-24,Geelong,VIC,2025-08-07 20:19:52,2026-04-18 06:19:52
C04711,Grace Taylor,grace.taylor4711@example.com,0412737251,M,2025-02-14,Adelaide,SA,2026-01-24 11:40:03,2026-04-06 14:40:03
C04712,Ava Allen,ava.allen4712@example.com,0457885668,Other,2026-04-21,Canberra,ACT,2026-03-11 09:42:39,2026-09-30 12:00:00
C04713,Olivia Smith,olivia.smith4713@example.com,0497489300,M,2026-03-08,Gold Coast,QLD,2025-05-04 20:08:20,2025-08-29 12:08:20
C04714,William Taylor,william.taylor4714@example.com,0490273248,M,2025-06-24,Hobart,TAS,2025-01-03 10:57:13,2025-09-13 22:57:13
C04715,Ella Hall,ella.hall4715@example.com,0461646980,M,2025-07-03,Hobart,TAS,2025-06-21 22:55:59,2026-03-03 07:55:59
C04716,Leo Young,leo.young4716@example.com,0456696130,M,2025-09-24,Hobart,TAS,2026-05-03 10:12:05,2026-06-12 09:12:05
C04717,William King,william.king4717@example.com,0490878513,M,2025-04-10,Adelaide,SA,2025-05-18 21:01:28,2025-11-01 11:01:28
C04718,Sophia Martin,sophia.martin4718@example.com,0485763939,F,2025-10-04,Brisbane,QLD,2026-09-16 08:51:50,2026-09-30 12:00:00
C04719,Jack Wright,jack.wright4719@example.com,0447306306,M,2026-08-12,Perth,WA,2025-06-30 20:16:42,2025-10-12 13:16:42
C04720,Liam Allen,liam.allen4720@example.com,0495384800,F,2026-06-25,Adelaide,SA,2025-03-18 11:28:54,2025-07-14 08:28:54
C04721,Jack Smith,jack.smith4721@example.com,0456919123,M,2025-05-02,Adelaide,SA,2025-03-02 10:43:07,2025-12-04 14:43:07
C04722,James Jackson,james.jackson4722@example.com,0457664508,Other,2025-04-18,Geelong,VIC,2026-06-29 13:28:08,2026-07-09 04:28:08
C04723,Henry Harris,henry.harris4723@example.com,0464012399,Other,2026-04-16,Gold Coast,QLD,2026-03-01 13:58:04,2026-09-30 12:00:00
C04724,Leo Smith,leo.smith4724@example.com,0410197299,M,2025-01-02,Geelong,VIC,2025-12-07 01:45:17,2026-04-06 09:45:17
C04725,Ava Clark,ava.clark4725@example.com,0459679621,F,2026-02-09,Gold Coast,QLD,2025-12-17 14:24:44,2026-05-22 04:24:44
C04726,Isla Hall,isla.hall4726@example.com,0421219138,M,2025-12-12,Parramatta,NSW,2025-05-23 18:41:30,2026-01-24 03:41:30
C04727,James Walker,james.walker4727@example.com,0430386442,M,2025-09-07,Canberra,ACT,2025-11-29 19:01:50,2026-09-30 12:00:00
C04728,Olivia Scott,olivia.scott4728@example.com,0475126483,Other,2025-01-24,Brisbane,QLD,2026-03-13 22:11:07,2026-08-20 20:11:07
C04729,Grace Taylor,grace.taylor4729@example.com,0411703582,F,2025-07-28,Perth,WA,2025-12-09 07:54:53,2026-08-02 14:54:53
C04730,Sophia Thomas,sophia.thomas4730@example.com,0495220908,F,2025-06-02,Canberra,ACT,2026-09-03 00:31:45,2026-09-30 12:00:00
C04731,Lucas Jackson,lucas.jackson4731@example.com,0474290678,M,2025-02-21,Melbourne,VIC,2026-08-13 20:24:07,2026-09-30 12:00:00
C04732,Grace Clark,grace.clark4732@example.com,0417741609,F,2026-08-14,Geelong,VIC,2026-02-11 19:03:14,2026-09-21 09:03:14
C04733,Olivia Harris,olivia.harris4733@example.com,0472985871,F,2026-09-16,Geelong,VIC,2025-05-03 14:42:53,2026-02-21 10:42:53
C04734,Grace Jackson,grace.jackson4734@example.com,0486197359,Other,2026-02-01,Geelong,VIC,2026-09-01 18:18:26,2026-09-30 12:00:00
C04735,Olivia King,olivia.king4735@example.com,0430075546,Other,2026-06-08,Adelaide,SA,2025-10-05 19:26:52,2025-11-09 23:26:52
C04736,Mia Smith,mia.smith4736@example.com,0470709172,Other,2026-07-07,Canberra,ACT,2026-05-17 17:33:19,2026-09-30 12:00:00
C04737,Thomas Young,thomas.young4737@example.com,0481273514,Other,2026-02-06,Sydney,NSW,2025-09-20 06:29:22,2026-08-04 18:29:22
C04738,Ella Walker,ella.walker4738@example.com,0441451524,M,2025-02-06,Sydney,NSW,2026-04-03 08:58:32,2026-07-08 06:58:32
C04739,Lucas Hall,lucas.hall4739@example.com,0457638271,M,2025-04-29,Geelong,VIC,2025-11-29 08:31:52,2026-05-19 02:31:52
C04740,William Jackson,william.jackson4740@example.com,0453960295,F,2026-04-02,Perth,WA,2026-04-09 04:46:42,2026-05-23 06:46:42
C04741,Thomas Wilson,thomas.wilson4741@example.com,0449429976,F,2025-11-12,Brisbane,QLD,2025-01-19 17:10:58,2025-10-19 22:10:58
C04742,Amelia Taylor,amelia.taylor4742@example.com,0486222084,F,2025-06-21,Parramatta,NSW,2026-04-06 02:26:50,2026-09-19 03:26:50
C04743,William Taylor,william.taylor4743@example.com,0421514888,M,2025-05-01,Gold Coast,QLD,2026-08-07 13:40:15,2026-09-30 12:00:00
C04744,Amelia Wilson,amelia.wilson4744@example.com,0461164770,Other,2025-01-24,Gold Coast,QLD,2025-04-19 16:46:04,2026-04-17 23:46:04
C04745,James Harris,james.harris4745@example.com,0447771840,Other,2025-09-26,Adelaide,SA,2026-09-01 01:19:27,2026-09-30 12:00:00
C04746,Olivia Moore,olivia.moore4746@example.com,0492708627,F,2025-06-09,Canberra,ACT,2025-03-08 10:06:38,2026-04-01 17:06:38
C04747,Chloe King,chloe.king4747@example.com,0431546542,F,2026-07-02,Hobart,TAS,2025-04-06 22:40:04,2026-02-19 19:40:04
C04748,Amelia Brown,amelia.brown4748@example.com,0480147046,M,2025-10-26,Melbourne,VIC,2026-05-28 13:43:03,2026-09-30 12:00:00
C04749,Sophia Wilson,sophia.wilson4749@example.com,0472625478,Other,2025-06-05,Perth,WA,2026-03-13 23:24:06,2026-05-05 14:24:06
C04750,Amelia Harris,amelia.harris4750@example.com,0484775375,M,2025-12-17,Sydney,NSW,2025-01-03 13:56:55,2025-08-31 14:56:55
C04751,Thomas Moore,thomas.moore4751@example.com,0496910438,F,2026-05-12,Canberra,ACT,2025-06-07 08:43:00,2025-10-16 03:43:00
C04752,Lucas Thompson,lucas.thompson4752@example.com,0436480611,M,2026-01-10,Adelaide,SA,2025-06-30 09:00:02,2025-10-26 10:00:02
C04753,Noah Young,noah.young4753@example.com,0468412066,M,2025-06-05,Perth,WA,2025-04-05 14:22:37,2026-01-16 09:22:37
C04754,Sophia Scott,sophia.scott4754@example.com,0446303309,Other,2025-12-21,Brisbane,QLD,2026-04-25 13:16:41,2026-06-16 08:16:41
C04755,Thomas Jackson,thomas.jackson4755@example.com,0411345171,M,2026-02-18,Sydney,NSW,2026-01-07 02:38:36,2026-01-26 04:38:36
C04756,Mia Jackson,mia.jackson4756@example.com,0473548749,M,2026-06-29,Brisbane,QLD,2026-09-30 04:09:28,2026-09-30 12:00:00
C04757,Jack Wright,jack.wright4757@example.com,0498411989,Other,2026-01-05,Brisbane,QLD,2025-06-19 13:32:11,2025-10-18 08:32:11
C04758,Isla Harris,isla.harris4758@example.com,0442352073,Other,2025-01-05,Parramatta,NSW,2025-10-12 08:34:50,2026-01-13 10:34:50
C04759,Emma Taylor,emma.taylor4759@example.com,0459748834,M,2025-08-04,Gold Coast,QLD,2025-12-14 15:25:38,2026-05-04 18:25:38
C04760,Amelia King,amelia.king4760@example.com,0458535261,M,2026-06-01,Gold Coast,QLD,2026-01-13 07:10:57,2026-04-27 22:10:57
C04761,William Scott,william.scott4761@example.com,0430086148,Other,2025-08-14,Adelaide,SA,2025-09-06 03:29:20,2025-11-30 13:29:20
C04762,Liam Harris,liam.harris4762@example.com,0486361595,F,2026-05-10,Parramatta,NSW,2025-09-15 22:09:06,2026-09-29 04:09:06
C04763,Lucas Walker,lucas.walker4763@example.com,0439889065,F,2025-01-20,Gold Coast,QLD,2026-03-24 05:35:00,2026-09-30 12:00:00
C04764,James Walker,james.walker4764@example.com,0479595130,M,2026-09-20,Brisbane,QLD,2025-11-30 10:46:33,2025-12-22 19:46:33
C04765,Sophia Brown,sophia.brown4765@example.com,0456613678,Other,2026-03-28,Adelaide,SA,2026-07-09 05:33:24,2026-09-30 12:00:00
C04766,Ava Wright,ava.wright4766@example.com,0494562069,Other,2026-01-05,Parramatta,NSW,2026-04-08 00:49:27,2026-09-30 12:00:00
C04767,Thomas Hall,thomas.hall4767@example.com,0482275179,M,2025-05-20,Parramatta,NSW,2026-01-25 00:33:03,2026-08-01 11:33:03
C04768,Grace Anderson,grace.anderson4768@example.com,0421322225,F,2025-07-22,Parramatta,NSW,2025-03-26 13:29:23,2025-04-05 15:29:23
C04769,Liam Hall,liam.hall4769@example.com,0473994924,F,2026-01-24,Melbourne,VIC,2025-08-09 09:49:06,2026-01-02 23:49:06
C04770,Ella Young,ella.young4770@example.com,0489203510,Other,2026-07-05,Perth,WA,2025-08-05 23:31:05,2025-12-05 13:31:05
C04771,Chloe Smith,chloe.smith4771@example.com,0434737815,Other,2026-08-21,Canberra,ACT,2025-02-01 22:54:21,2025-06-09 14:54:21
C04772,Ella Wilson,ella.wilson4772@example.com,0492106739,F,2025-12-05,Sydney,NSW,2025-06-03 20:50:49,2025-09-26 17:50:49
C04773,Charlie Moore,charlie.moore4773@example.com,0425270299,M,2025-12-02,Parramatta,NSW,2026-05-14 12:17:51,2026-09-30 12:00:00
C04774,Leo Anderson,leo.anderson4774@example.com,0447665192,F,2025-09-20,Sydney,NSW,2025-06-06 00:34:56,2026-05-08 06:34:56
C04775,Henry Anderson,henry.anderson4775@example.com,0479498850,M,2026-04-04,Hobart,TAS,2026-08-03 21:46:24,2026-09-30 12:00:00
C04776,Noah King,noah.king4776@example.com,0437168096,Other,2026-09-06,Perth,WA,2025-02-15 23:27:36,2025-12-16 19:27:36
C04777,Henry Thompson,henry.thompson4777@example.com,0479618672,Other,2025-06-05,Geelong,VIC,2025-02-07 12:42:54,2025-11-04 18:42:54
C04778,Amelia Anderson,amelia.anderson4778@example.com,0411974297,F,2025-07-09,Geelong,VIC,2026-01-26 04:37:33,2026-09-30 12:00:00
C04779,Chloe Young,chloe.young4779@example.com,0497366137,M,2025-01-13,Gold Coast,QLD,2026-05-23 03:48:03,2026-09-25 16:48:03
C04780,Isla Clark,isla.clark4780@example.com,0452409912,Other,2025-02-05,Hobart,TAS,2025-12-08 20:41:48,2026-07-09 01:41:48
C04781,Lucas Clark,lucas.clark4781@example.com,0483432718,Other,2026-07-14,Hobart,TAS,2025-11-04 02:08:13,2026-04-16 07:08:13
C04782,Amelia Wright,amelia.wright4782@example.com,0414167756,Other,2025-03-12,Melbourne,VIC,2026-07-16 16:48:48,2026-09-30 12:00:00
C04783,Noah Smith,noah.smith4783@example.com,0463721182,M,2025-09-08,Adelaide,SA,2025-04-12 09:38:47,2025-07-10 15:38:47
C04784,Grace Young,grace.young4784@example.com,0448413664,F,2025-10-06,Melbourne,VIC,2026-06-04 20:21:35,2026-09-30 12:00:00
C04785,William Allen,william.allen4785@example.com,0476350662,F,2026-03-03,Sydney,NSW,2025-04-26 06:11:27,2026-04-27 04:11:27
C04786,William King,william.king4786@example.com,0417358037,F,2025-08-27,Parramatta,NSW,2025-03-16 22:37:04,2026-03-02 14:37:04
C04787,Thomas Martin,thomas.martin4787@example.com,0460439067,Other,2025-09-25,Parramatta,NSW,2025-02-17 18:30:36,2025-10-25 04:30:36
C04788,Ava Taylor,ava.taylor4788@example.com,0473421110,F,2026-04-19,Canberra,ACT,2025-05-05 17:48:02,2025-06-08 09:48:02
C04789,Ava Scott,ava.scott4789@example.com,0493096530,Other,2026-03-28,Geelong,VIC,2025-08-22 03:07:10,2026-03-07 14:07:10
C04790,Sophia Clark,sophia.clark4790@example.com,0427841713,M,2026-05-17,Melbourne,VIC,2025-08-11 01:08:43,2025-11-27 04:08:43
C04791,Thomas Taylor,thomas.taylor4791@example.com,0476294163,F,2026-06-23,Adelaide,SA,2025-01-18 09:11:45,2025-05-23 13:11:45
C04792,Ella King,ella.king4792@example.com,0465633923,M,2025-01-25,Geelong,VIC,2025-03-23 17:20:39,2025-06-16 17:20:39
C04793,Henry Taylor,henry.taylor4793@example.com,0422003202,Other,2026-08-04,Perth,WA,2025-12-19 04:55:29,2026-03-14 16:55:29
C04794,Emma Smith,emma.smith4794@example.com,0419320635,F,2026-09-09,Hobart,TAS,2025-12-19 07:06:59,2026-01-09 07:06:59
C04795,Ava Thompson,ava.thompson4795@example.com,0436168209,Other,2025-01-19,Geelong,VIC,2025-08-19 12:55:40,2025-11-13 16:55:40
C04796,Noah Jackson,noah.jackson4796@example.com,0485165321,M,2026-09-04,Adelaide,SA,2025-02-02 05:01:54,2025-11-19 01:01:54
C04797,Sophia Smith,sophia.smith4797@example.com,0441704978,F,2025-02-06,Geelong,VIC,2025-10-11 12:39:24,2025-11-23 10:39:24
C04798,Charlie Allen,charlie.allen4798@example.com,0458917187,M,2026-08-09,Sydney,NSW,2026-05-18 05:02:40,2026-09-30 12:00:00
C04799,Ella Smith,ella.smith4799@example.com,0442343454,M,2026-01-07,Perth,WA,2025-07-29 22:43:56,2026-01-25 05:43:56
C04800,James Taylor,james.taylor4800@example.com,0451917429,Other,2025-10-06,Perth,WA,2025-07-11 13:08:20,2025-08-14 14:08:20
C04801,Leo Taylor,leo.taylor4801@example.com,0420015089,Other,2025-12-13,Adelaide,SA,2025-09-08 01:56:57,2026-03-12 22:56:57
C04802,Emma Jackson,emma.jackson4802@example.com,0417396764,Other,2025-06-03,Parramatta,NSW,2025-05-09 00:37:25,2025-12-21 06:37:25
C04803,Sophia Smith,sophia.smith4803@example.com,0486109929,Other,2026-03-06,Adelaide,SA,2025-11-13 02:40:53,2026-02-24 12:40:53
C04804,Grace Thompson,grace.thompson4804@example.com,0498709251,Other,2026-01-06,Parramatta,NSW,2025-08-31 18:03:14,2026-03-16 01:03:14
C04805,Chloe Harris,chloe.harris4805@example.com,0412608239,Other,2025-01-12,Parramatta,NSW,2025-08-15 19:06:37,2026-01-26 11:06:37
C04806,James King,james.king4806@example.com,0458396198,M,2025-04-05,Brisbane,QLD,2025-04-15 12:09:43,2025-10-26 03:09:43
C04807,Sophia Walker,sophia.walker4807@example.com,0410730034,M,2025-08-19,Canberra,ACT,2025-09-04 20:07:17,2026-03-24 07:07:17
C04808,Lucas Harris,lucas.harris4808@example.com,0448984039,F,2025-10-22,Gold Coast,QLD,2026-01-05 16:45:43,2026-09-30 12:00:00
C04809,Ava Brown,ava.brown4809@example.com,0428850158,M,2025-06-23,Geelong,VIC,2026-05-30 03:48:41,2026-09-30 12:00:00
C04810,James Taylor,james.taylor4810@example.com,0410934934,F,2025-01-17,Perth,WA,2025-12-23 03:38:33,2026-09-29 22:38:33
C04811,Amelia Taylor,amelia.taylor4811@example.com,0487627415,M,2026-02-04,Adelaide,SA,2025-12-24 01:29:21,2026-02-24 00:29:21
C04812,Charlie Allen,charlie.allen4812@example.com,0431406375,Other,2025-05-29,Gold Coast,QLD,2025-01-22 08:25:06,2025-08-11 04:25:06
C04813,Thomas Martin,thomas.martin4813@example.com,0495423995,Other,2026-05-27,Parramatta,NSW,2026-09-11 21:27:22,2026-09-30 12:00:00
C04814,Ava Smith,ava.smith4814@example.com,0414009933,M,2026-01-28,Sydney,NSW,2025-01-04 08:54:35,2025-09-09 10:54:35
C04815,Jack White,jack.white4815@example.com,0449120460,M,2026-04-26,Brisbane,QLD,2026-05-15 12:48:18,2026-06-29 20:48:18
C04816,Emma Wright,emma.wright4816@example.com,0487909110,F,2025-12-30,Adelaide,SA,2025-10-30 10:13:04,2026-03-30 21:13:04
C04817,James King,james.king4817@example.com,0488213528,F,2025-11-09,Melbourne,VIC,2025-02-20 04:40:39,2025-03-01 17:40:39
C04818,Chloe Jackson,chloe.jackson4818@example.com,0428656008,Other,2025-09-18,Gold Coast,QLD,2026-03-11 08:08:51,2026-09-30 12:00:00
C04819,William Walker,william.walker4819@example.com,0445040338,F,2025-02-28,Geelong,VIC,2025-02-08 19:01:36,2025-11-02 00:01:36
C04820,Thomas Taylor,thomas.taylor4820@example.com,0436589942,F,2025-01-07,Brisbane,QLD,2026-03-17 21:19:28,2026-04-08 01:19:28
C04821,Charlie Martin,charlie.martin4821@example.com,0433281487,F,2025-06-23,Geelong,VIC,2026-05-19 01:50:27,2026-05-25 06:50:27
C04822,Jack Thompson,jack.thompson4822@example.com,0466540768,M,2025-07-11,Parramatta,NSW,2025-03-24 06:16:47,2025-05-10 20:16:47
C04823,Ella Smith,ella.smith4823@example.com,0445688957,Other,2025-02-02,Hobart,TAS,2025-12-21 09:59:04,2026-08-29 20:59:04
C04824,Emma Clark,emma.clark4824@example.com,0445992099,Other,2025-06-18,Parramatta,NSW,2026-04-05 19:02:22,2026-09-30 12:00:00
C04825,Ella Taylor,ella.taylor4825@example.com,0464506267,Other,2025-04-16,Adelaide,SA,2025-07-12 19:13:13,2026-08-03 14:13:13
C04826,James King,james.king4826@example.com,0424641609,M,2025-03-04,Sydney,NSW,2026-08-23 13:41:42,2026-09-30 12:00:00
C04827,Leo Martin,leo.martin4827@example.com,0444858154,F,2026-07-23,Perth,WA,2025-10-12 23:26:53,2026-06-15 11:26:53
C04828,Isla Clark,isla.clark4828@example.com,0420436550,Other,2025-11-10,Sydney,NSW,2025-12-05 01:35:16,2026-06-03 02:35:16
C04829,Mia Wright,mia.wright4829@example.com,0487705551,M,2026-06-11,Hobart,TAS,2026-08-02 04:22:29,2026-08-09 22:22:29
C04830,Grace Taylor,grace.taylor4830@example.com,0443673119,M,2026-06-26,Melbourne,VIC,2025-05-28 16:22:40,2025-11-15 19:22:40
C04831,Liam Thompson,liam.thompson4831@example.com,0482679492,F,2025-12-12,Gold Coast,QLD,2025-05-25 00:15:11,2026-05-04 23:15:11
C04832,Lucas Taylor,lucas.taylor4832@example.com,0456827127,M,2026-06-27,Canberra,ACT,2025-05-06 18:50:54,2026-01-31 19:50:54
C04833,William Scott,william.scott4833@example.com,0412009221,Other,2026-07-09,Melbourne,VIC,2025-12-13 06:00:27,2026-08-20 13:00:27
C04834,Mia Brown,mia.brown4834@example.com,0467816416,Other,2026-05-02,Parramatta,NSW,2026-07-30 16:18:01,2026-09-22 15:18:01
C04835,Charlie Clark,charlie.clark4835@example.com,0496797358,M,2025-01-18,Hobart,TAS,2025-05-26 22:44:55,2025-06-29 16:44:55
C04836,Jack Smith,jack.smith4836@example.com,0475100428,F,2025-11-10,Adelaide,SA,2025-04-14 18:29:02,2026-02-17 05:29:02
C04837,Isla Harris,isla.harris4837@example.com,0478428857,F,2026-03-21,Melbourne,VIC,2026-03-23 18:07:56,2026-08-29 01:07:56
C04838,Chloe Jackson,chloe.jackson4838@example.com,0452604474,Other,2026-01-17,Canberra,ACT,2025-11-09 07:07:49,2026-09-30 12:00:00
C04839,Grace Allen,grace.allen4839@example.com,0431944468,Other,2026-01-22,Perth,WA,2026-09-15 10:38:58,2026-09-30 12:00:00
C04840,Ava Walker,ava.walker4840@example.com,0440650223,F,2025-02-13,Parramatta,NSW,2025-06-18 22:30:13,2025-09-12 06:30:13
C04841,William Scott,william.scott4841@example.com,0453103312,Other,2025-04-22,Geelong,VIC,2026-08-08 21:02:20,2026-09-30 12:00:00
C04842,Henry Wilson,henry.wilson4842@example.com,0479573553,Other,2025-08-25,Parramatta,NSW,2025-11-12 06:01:57,2026-06-29 18:01:57
C04843,Liam Wright,liam.wright4843@example.com,0496025578,Other,2026-03-18,Canberra,ACT,2026-03-31 12:51:44,2026-09-30 12:00:00
C04844,Olivia Moore,olivia.moore4844@example.com,0445973860,M,2025-09-01,Geelong,VIC,2026-08-21 03:30:50,2026-08-24 08:30:50
C04845,Grace White,grace.white4845@example.com,0481687404,M,2025-03-10,Adelaide,SA,2025-09-14 23:42:13,2026-05-09 06:42:13
C04846,William Wilson,william.wilson4846@example.com,0474632066,Other,2025-05-03,Canberra,ACT,2025-09-27 06:18:04,2026-01-01 17:18:04
C04847,Grace King,grace.king4847@example.com,0471910120,F,2025-06-24,Sydney,NSW,2026-02-28 03:04:06,2026-09-30 12:00:00
C04848,James Hall,james.hall4848@example.com,0456145337,F,2025-05-04,Parramatta,NSW,2025-09-19 14:34:30,2026-09-30 12:00:00
C04849,Henry Thompson,henry.thompson4849@example.com,0497497502,M,2026-02-10,Gold Coast,QLD,2026-03-04 09:28:57,2026-06-11 11:28:57
C04850,Thomas King,thomas.king4850@example.com,0495508509,Other,2025-01-20,Gold Coast,QLD,2026-08-30 05:25:25,2026-09-30 12:00:00
C04851,James King,james.king4851@example.com,0426720230,F,2026-07-15,Canberra,ACT,2026-09-11 08:14:35,2026-09-30 12:00:00
C04852,Isla Allen,isla.allen4852@example.com,0479670047,Other,2025-02-18,Canberra,ACT,2025-04-17 12:23:57,2025-11-24 12:23:57
C04853,Henry Wilson,henry.wilson4853@example.com,0448162499,F,2025-07-09,Canberra,ACT,2026-09-28 01:48:42,2026-09-30 12:00:00
C04854,Ella Young,ella.young4854@example.com,0460671655,M,2026-07-13,Sydney,NSW,2026-03-19 02:29:13,2026-08-01 00:29:13
C04855,Charlie Jackson,charlie.jackson4855@example.com,0422574690,Other,2025-03-29,Perth,WA,2025-07-26 02:16:36,2025-11-03 00:16:36
C04856,William Hall,,0410927942,F,2025-12-14,Sydney,NSW,2025-06-05 18:47:12,2026-02-27 17:47:12
C04857,James White,james.white4857@example.com,0497849807,M,2026-02-16,Melbourne,VIC,2026-06-22 23:14:17,2026-09-30 12:00:00
C04858,Sophia Allen,sophia.allen4858@example.com,0485277976,Other,2026-02-21,Perth,WA,2025-09-19 18:11:46,2026-05-22 00:11:46
C04859,Ella Taylor,ella.taylor4859@example.com,0431658059,Other,2026-05-15,Parramatta,NSW,2025-08-28 23:30:41,2025-11-04 21:30:41
C04860,Ella Taylor,ella.taylor4860@example.com,0487797891,M,2026-01-09,Canberra,ACT,2025-03-18 11:22:57,2025-07-03 08:22:57
C04861,Thomas King,thomas.king4861@example.com,0418517411,F,2025-02-22,Parramatta,NSW,2025-02-04 05:05:12,2025-08-26 20:05:12
C04862,Mia White,mia.white4862@example.com,0471079355,F,2025-01-14,Canberra,ACT,2025-11-15 02:58:46,2026-07-15 18:58:46
C04863,Liam Young,liam.young4863@example.com,0443671926,Other,2026-06-06,Adelaide,SA,2025-11-14 19:00:30,2026-02-04 08:00:30
C04864,Noah Smith,noah.smith4864@example.com,0482078519,M,2025-06-27,Gold Coast,QLD,2025-02-01 07:37:05,2025-09-02 22:37:05
C04865,Thomas Young,thomas.young4865@example.com,0482483854,F,2026-08-04,Parramatta,NSW,2026-03-31 19:40:14,2026-09-30 12:00:00
C04866,Mia Brown,mia.brown4866@example.com,0422939371,F,2026-03-12,Canberra,ACT,2025-06-08 05:50:28,2026-05-04 21:50:28
C04867,Lucas Moore,lucas.moore4867@example.com,0489196559,Other,2025-06-02,Parramatta,NSW,2026-08-31 10:15:52,2026-09-30 12:00:00
C04868,Mia Thomas,mia.thomas4868@example.com,0423305397,Other,2025-03-29,Melbourne,VIC,2026-03-26 05:40:19,2026-09-30 12:00:00
C04869,Jack Walker,jack.walker4869@example.com,0484160740,M,2025-03-08,Sydney,NSW,2025-08-25 01:52:44,2026-03-12 16:52:44
C04870,Lucas Harris,lucas.harris4870@example.com,0430188465,Other,2025-01-01,Perth,WA,2026-05-19 01:05:17,2026-09-30 12:00:00
C04871,Henry Martin,henry.martin4871@example.com,0427201397,F,2026-07-16,Adelaide,SA,2025-04-18 05:02:35,2025-07-30 18:02:35
C04872,Charlie Martin,charlie.martin4872@example.com,0496777171,Other,2026-03-12,Canberra,ACT,2025-12-04 12:11:13,2026-07-22 05:11:13
C04873,Noah Allen,noah.allen4873@example.com,0465836568,M,2026-09-18,Parramatta,NSW,2025-05-14 14:29:26,2025-05-27 12:29:26
C04874,Jack Wilson,jack.wilson4874@example.com,0467263128,F,2026-05-01,Parramatta,NSW,2026-02-22 17:36:55,2026-09-30 12:00:00
C04875,Sophia Wilson,sophia.wilson4875@example.com,0464313362,Other,2025-09-07,Perth,WA,2026-08-31 17:16:41,2026-09-30 12:00:00
C04876,Mia Allen,mia.allen4876@example.com,0457452078,M,2025-12-17,Gold Coast,QLD,2026-03-03 02:57:55,2026-09-30 12:00:00
C04877,Chloe Hall,chloe.hall4877@example.com,0491790169,F,2025-12-14,Adelaide,SA,2026-05-23 16:23:36,2026-08-02 14:23:36
C04878,Thomas White,thomas.white4878@example.com,0435749854,F,2025-10-26,Perth,WA,2025-03-17 17:43:59,2025-12-05 15:43:59
C04879,Sophia King,sophia.king4879@example.com,0447855818,M,2025-10-03,Hobart,TAS,2025-06-20 06:48:39,2025-12-30 07:48:39
C04880,Henry Thompson,henry.thompson4880@example.com,0495957290,M,2025-06-09,Melbourne,VIC,2025-07-06 11:53:54,2026-01-22 02:53:54
C04881,Emma Allen,emma.allen4881@example.com,0483357669,M,2026-02-12,Canberra,ACT,2025-06-27 19:21:50,2026-04-24 12:21:50
C04882,Emma Smith,emma.smith4882@example.com,0489067663,F,2025-01-03,Parramatta,NSW,2026-03-25 23:26:13,2026-09-30 12:00:00
C04883,Mia Young,mia.young4883@example.com,0431040512,F,2026-09-18,Melbourne,VIC,2025-11-08 06:31:16,2025-12-25 02:31:16
C04884,Ella Smith,ella.smith4884@example.com,0480331332,F,2025-04-15,Canberra,ACT,2026-01-20 10:20:54,2026-03-22 10:20:54
C04885,Amelia Wright,amelia.wright4885@example.com,0437780148,Other,2025-07-31,Adelaide,SA,2025-01-04 15:54:46,2026-01-22 07:54:46
C04886,Noah White,noah.white4886@example.com,0459276962,Other,2025-10-25,Sydney,NSW,2026-09-30 09:02:10,2026-09-30 12:00:00
C04887,Ava Moore,ava.moore4887@example.com,0452861515,F,2025-11-05,Melbourne,VIC,2025-03-09 12:23:28,2025-09-11 23:23:28
C04888,Thomas Clark,thomas.clark4888@example.com,0476492787,Other,2025-01-04,Parramatta,NSW,2025-06-02 17:04:00,2026-05-19 14:04:00
C04889,Jack Clark,jack.clark4889@example.com,0493960183,F,2025-04-29,Melbourne,VIC,2025-12-12 10:30:13,2026-09-06 08:30:13
C04890,Olivia Wright,olivia.wright4890@example.com,0464763549,Other,2025-03-10,Perth,WA,2025-01-07 00:47:27,2025-07-20 03:47:27
C04891,Jack Jackson,jack.jackson4891@example.com,0449363766,F,2026-01-19,Geelong,VIC,2026-03-28 12:25:01,2026-09-30 12:00:00
C04892,Leo Scott,leo.scott4892@example.com,0440889293,Other,2026-02-01,Adelaide,SA,2026-08-28 02:32:05,2026-09-30 12:00:00
C04893,Amelia Hall,amelia.hall4893@example.com,0462774253,M,2026-01-29,Gold Coast,QLD,2026-04-15 10:54:50,2026-09-30 12:00:00
C04894,Ella Jackson,ella.jackson4894@example.com,0480449660,Other,2025-06-11,Brisbane,QLD,2025-07-04 13:01:23,2025-10-11 20:01:23
C04895,Sophia Scott,sophia.scott4895@example.com,0483381520,Other,2025-04-29,Hobart,TAS,2026-03-22 18:25:24,2026-09-30 12:00:00
C04896,Thomas Hall,thomas.hall4896@example.com,0495822144,M,2025-07-17,Gold Coast,QLD,2026-06-14 17:02:18,2026-08-09 02:02:18
C04897,Grace White,grace.white4897@example.com,0462390820,M,2026-08-01,Brisbane,QLD,2026-06-24 14:16:21,2026-08-16 18:16:21
C04898,Mia Hall,mia.hall4898@example.com,0437955933,M,2026-09-08,Hobart,TAS,2025-02-27 05:10:41,2026-03-15 00:10:41
C04899,Sophia Martin,sophia.martin4899@example.com,0453425075,F,2026-03-27,Parramatta,NSW,2025-03-13 21:10:05,2025-06-23 05:10:05
C04900,Amelia Scott,amelia.scott4900@example.com,0461990796,Other,2026-05-12,Hobart,TAS,2025-02-01 01:30:11,2025-07-26 13:30:11
C04901,Liam White,liam.white4901@example.com,0480716765,M,2026-03-29,Melbourne,VIC,2026-01-26 20:13:26,2026-07-24 10:13:26
C04902,Noah Moore,noah.moore4902@example.com,0471127013,F,2026-01-24,Geelong,VIC,2025-02-23 09:06:15,2025-09-16 00:06:15
C04903,Chloe Scott,chloe.scott4903@example.com,0427263070,Other,2025-05-16,Gold Coast,QLD,2026-08-17 21:44:41,2026-09-30 12:00:00
C04904,Henry Scott,henry.scott4904@example.com,0473304155,F,2025-12-03,Perth,WA,2026-05-06 06:29:05,2026-09-30 12:00:00
C04905,Charlie Wright,charlie.wright4905@example.com,0445429736,Other,2025-01-25,Geelong,VIC,2025-05-16 00:53:38,2025-10-19 10:53:38
C04906,Ava King,ava.king4906@example.com,0428555229,F,2026-08-26,Hobart,TAS,2025-10-12 09:13:35,2026-09-30 12:00:00
C04907,Charlie Clark,charlie.clark4907@example.com,0475351199,F,2026-07-14,Hobart,TAS,2025-10-13 03:15:43,2026-04-29 15:15:43
C04908,Thomas Walker,thomas.walker4908@example.com,0474280797,Other,2026-03-11,Canberra,ACT,2026-09-11 18:25:38,2026-09-16 10:25:38
C04909,Mia Wright,mia.wright4909@example.com,0488394636,M,2025-10-20,Geelong,VIC,2025-11-01 03:34:44,2026-03-03 13:34:44
C04910,Amelia Brown,amelia.brown4910@example.com,0417153289,F,2025-05-22,Brisbane,QLD,2025-10-26 08:29:17,2026-01-29 22:29:17
C04911,Isla Martin,isla.martin4911@example.com,0418555544,M,2026-09-09,Brisbane,QLD,2025-12-18 23:09:30,2026-09-30 12:00:00
C04912,Jack Harris,jack.harris4912@example.com,0452628326,M,2026-09-21,Adelaide,SA,2025-06-17 17:30:17,2025-07-16 07:30:17
C04913,Mia Scott,mia.scott4913@example.com,0483301442,M,2026-07-27,Geelong,VIC,2025-09-16 12:51:00,2026-01-17 02:51:00
C04914,James White,james.white4914@example.com,0412496864,Other,2026-01-17,Gold Coast,QLD,2026-02-28 16:38:38,2026-09-30 12:00:00
C04915,Ella Allen,ella.allen4915@example.com,0413946400,M,2025-07-15,Adelaide,SA,2026-04-16 00:57:46,2026-09-30 12:00:00
C04916,Lucas Scott,lucas.scott4916@example.com,0492135579,F,2025-11-08,Parramatta,NSW,2026-09-08 20:11:20,2026-09-30 12:00:00
C04917,Leo White,leo.white4917@example.com,0464536887,F,2026-03-27,Geelong,VIC,2026-05-06 15:04:33,2026-09-30 12:00:00
C04918,Thomas Walker,thomas.walker4918@example.com,0462657439,M,2026-07-01,Geelong,VIC,2026-02-18 07:50:14,2026-09-30 12:00:00
C04919,Emma White,emma.white4919@example.com,0450674177,Other,2026-09-22,Melbourne,VIC,2025-07-22 04:47:51,2026-02-16 08:47:51
C04920,Thomas Walker,thomas.walker4920@example.com,0447152167,Other,2026-05-14,Brisbane,QLD,2025-01-28 19:16:25,2025-08-20 06:16:25
C04921,Charlie Smith,charlie.smith4921@example.com,0485584161,Other,2025-12-11,Gold Coast,QLD,2025-08-19 12:19:17,2025-12-24 20:19:17
C04922,Sophia Taylor,sophia.taylor4922@example.com,0482595012,Other,2025-02-02,Sydney,NSW,2025-04-22 20:29:24,2025-07-18 21:29:24
C04923,Noah Thomas,noah.thomas4923@example.com,0481489107,M,2025-01-25,Canberra,ACT,2026-09-23 07:57:16,2026-09-30 12:00:00
C04924,Lucas Thomas,lucas.thomas4924@example.com,0448766825,Other,2025-12-30,Melbourne,VIC,2025-12-30 07:54:24,2026-06-12 07:54:24
C04925,Leo Young,leo.young4925@example.com,0490679552,M,2025-08-12,Perth,WA,2026-09-26 13:38:02,2026-09-30 12:00:00
C04926,William Wilson,william.wilson4926@example.com,0495532165,F,2025-12-01,Gold Coast,QLD,2025-05-17 09:00:17,2025-07-18 19:00:17
C04927,Thomas Harris,thomas.harris4927@example.com,0433428258,F,2026-04-05,Sydney,NSW,2026-04-19 13:33:26,2026-06-06 09:33:26
C04928,Lucas Jackson,lucas.jackson4928@example.com,0451703184,M,2025-01-21,Parramatta,NSW,2025-08-20 07:53:21,2026-04-01 02:53:21
C04929,Noah King,noah.king4929@example.com,0465588835,Other,2025-06-29,Brisbane,QLD,2025-09-20 10:28:25,2026-04-01 12:28:25
C04930,Lucas Moore,lucas.moore4930@example.com,0481757471,F,2025-03-06,Melbourne,VIC,2026-03-01 09:04:00,2026-06-18 11:04:00
C04931,Chloe White,chloe.white4931@example.com,0495166204,F,2026-01-14,Sydney,NSW,2026-02-22 11:52:08,2026-06-10 19:52:08
C04932,Isla Martin,isla.martin4932@example.com,0482698101,F,2026-02-26,Perth,WA,2025-03-07 04:52:42,2025-04-07 11:52:42
C04933,Charlie Thomas,charlie.thomas4933@example.com,0478855398,Other,2025-06-27,Perth,WA,2025-09-24 09:43:03,2025-11-02 04:43:03
C04934,Thomas Scott,thomas.scott4934@example.com,0455587114,Other,2025-09-26,Geelong,VIC,2025-11-04 21:13:52,2026-04-24 03:13:52
C04935,Ava Thompson,ava.thompson4935@example.com,0496774369,M,2026-05-24,Perth,WA,2025-05-09 17:42:55,2025-12-12 16:42:55
C04936,Thomas Wilson,thomas.wilson4936@example.com,0442865053,Other,2025-09-21,Parramatta,NSW,2026-06-03 09:45:29,2026-09-30 12:00:00
C04937,Olivia Hall,olivia.hall4937@example.com,0412477146,F,2026-07-03,Brisbane,QLD,2026-09-26 02:32:55,2026-09-30 12:00:00
C04938,Liam Harris,liam.harris4938@example.com,0466058440,Other,2025-12-26,Melbourne,VIC,2025-12-21 21:59:20,2026-09-30 12:00:00
C04939,Noah Anderson,noah.anderson4939@example.com,0467815238,M,2025-04-09,Melbourne,VIC,2026-02-16 19:01:42,2026-09-30 12:00:00
C04940,Amelia Moore,amelia.moore4940@example.com,0441997664,M,2025-08-26,Hobart,TAS,2026-04-11 06:40:28,2026-06-29 16:40:28
C04941,Emma Thompson,emma.thompson4941@example.com,0443589412,F,2025-05-11,Canberra,ACT,2025-10-07 12:19:14,2026-09-30 12:00:00
C04942,Ella Smith,ella.smith4942@example.com,0438280261,M,2026-08-12,Gold Coast,QLD,2025-09-18 21:01:03,2026-07-15 02:01:03
C04943,Isla Brown,isla.brown4943@example.com,0435360345,Other,2025-01-28,Adelaide,SA,2026-07-28 15:15:00,2026-09-30 12:00:00
C04944,Olivia White,olivia.white4944@example.com,0429084167,M,2025-12-05,Brisbane,QLD,2025-08-03 05:47:39,2025-10-23 17:47:39
C04945,Isla Moore,isla.moore4945@example.com,0476817037,F,2026-01-29,Gold Coast,QLD,2026-01-27 04:56:32,2026-06-30 23:56:32
C04946,Isla Hall,isla.hall4946@example.com,0448827210,M,2025-03-15,Canberra,ACT,2025-08-13 07:38:15,2026-06-18 01:38:15
C04947,James Wright,james.wright4947@example.com,0483409743,F,2026-06-28,Gold Coast,QLD,2025-03-23 17:32:32,2025-09-20 07:32:32
C04948,Ava Young,ava.young4948@example.com,0442514110,Other,2026-04-02,Melbourne,VIC,2026-08-03 10:30:11,2026-09-30 12:00:00
C04949,Thomas Jackson,thomas.jackson4949@example.com,0494713208,Other,2026-08-26,Melbourne,VIC,2025-03-14 17:38:35,2025-10-22 04:38:35
C04950,Thomas Martin,thomas.martin4950@example.com,0431121184,Other,2025-11-24,Perth,WA,2025-01-19 14:48:18,2025-07-13 03:48:18
C04951,Leo Hall,leo.hall4951@example.com,0478125483,F,2026-01-01,Melbourne,VIC,2025-08-03 05:28:06,2026-05-04 01:28:06
C04952,Thomas Hall,thomas.hall4952@example.com,0427737889,M,2026-05-13,Gold Coast,QLD,2025-02-24 18:35:55,2025-03-13 15:35:55
C04953,Jack Anderson,jack.anderson4953@example.com,0472103995,F,2025-08-02,Melbourne,VIC,2025-09-16 12:50:57,2026-07-12 13:50:57
C04954,Lucas Smith,lucas.smith4954@example.com,0492393249,M,2025-02-12,Perth,WA,2025-09-23 17:16:30,2026-06-03 23:16:30
C04955,Liam Martin,liam.martin4955@example.com,0423588436,Other,2026-05-11,Brisbane,QLD,2025-10-03 00:43:30,2026-01-31 20:43:30
C04956,Noah King,noah.king4956@example.com,0463360110,F,2025-07-04,Hobart,TAS,2025-01-01 03:04:11,2025-01-30 09:04:11
C04957,Amelia Wilson,amelia.wilson4957@example.com,0421080244,Other,2026-02-06,Perth,WA,2026-09-26 20:16:59,2026-09-30 12:00:00
C04958,Grace Walker,grace.walker4958@example.com,0439511127,F,2025-07-07,Brisbane,QLD,2026-05-11 02:01:31,2026-09-30 12:00:00
C04959,Charlie Thompson,charlie.thompson4959@example.com,0443281302,M,2025-07-17,Perth,WA,2026-01-11 04:44:45,2026-01-23 21:44:45
C04960,James Smith,james.smith4960@example.com,0433954309,M,2025-12-05,Geelong,VIC,2026-01-31 02:40:55,2026-09-30 12:00:00
C04961,Ava Wright,ava.wright4961@example.com,0460673912,Other,2025-10-02,Melbourne,VIC,2025-03-02 15:18:04,2026-03-16 03:18:04
C04962,William Brown,william.brown4962@example.com,0499045683,M,2025-04-09,Canberra,ACT,2026-01-22 00:51:18,2026-04-07 17:51:18
C04963,Leo Allen,leo.allen4963@example.com,0443840797,F,2026-05-01,Sydney,NSW,2025-08-06 04:54:19,2026-02-18 03:54:19
C04964,Emma Brown,emma.brown4964@example.com,0441795833,F,2026-04-10,Perth,WA,2025-02-19 12:03:27,2025-10-10 08:03:27
C04965,Thomas King,thomas.king4965@example.com,0415282137,M,2026-04-16,Hobart,TAS,2025-06-18 02:16:07,2026-03-23 05:16:07
C04966,Ava Scott,ava.scott4966@example.com,0416239416,Other,2025-04-18,Melbourne,VIC,2026-05-31 21:16:30,2026-09-30 12:00:00
C04967,Emma Hall,emma.hall4967@example.com,0467520586,Other,2025-12-05,Melbourne,VIC,2025-12-20 12:17:29,2026-09-30 12:00:00
C04968,Ella Moore,ella.moore4968@example.com,0440188089,F,2026-04-18,Adelaide,SA,2026-01-09 14:37:01,2026-05-05 13:37:01
C04969,Jack Wright,jack.wright4969@example.com,0492945169,Other,2026-09-26,Brisbane,QLD,2026-05-16 19:05:53,2026-05-27 13:05:53
C04970,Lucas Jackson,lucas.jackson4970@example.com,0431774815,M,2025-02-14,Adelaide,SA,2026-06-26 09:34:45,2026-09-30 12:00:00
C04971,Ella Smith,ella.smith4971@example.com,0445398349,Other,2026-07-12,Brisbane,QLD,2025-11-20 06:12:16,2026-03-08 06:12:16
C04972,Ava Smith,ava.smith4972@example.com,0456910960,F,2025-09-26,Adelaide,SA,2025-02-03 00:01:09,2025-08-23 14:01:09
C04973,Charlie Moore,charlie.moore4973@example.com,0466960271,M,2026-06-26,Parramatta,NSW,2026-09-23 13:51:18,2026-09-30 12:00:00
C04974,Liam Thompson,liam.thompson4974@example.com,0437155220,M,2025-07-17,Geelong,VIC,2025-04-17 15:54:52,2025-06-29 11:54:52
C04975,Isla Young,isla.young4975@example.com,0443312361,M,2026-07-12,Sydney,NSW,2025-04-02 15:51:11,2025-10-17 22:51:11
C04976,Olivia Harris,olivia.harris4976@example.com,0467611394,Other,2025-03-22,Canberra,ACT,2025-01-14 17:56:44,2025-10-05 15:56:44
C04977,Emma Thomas,emma.thomas4977@example.com,0418063407,F,2025-11-23,Gold Coast,QLD,2026-05-30 00:19:19,2026-09-30 12:00:00
C04978,Charlie Allen,charlie.allen4978@example.com,0464313762,Other,2025-04-19,Sydney,NSW,2025-04-05 03:08:28,2025-05-30 01:08:28
C04979,James Wright,james.wright4979@example.com,0441269925,F,2025-05-12,Canberra,ACT,2025-04-08 21:55:29,2025-11-07 10:55:29
C04980,Noah Thompson,noah.thompson4980@example.com,0425374095,M,2025-01-13,Sydney,NSW,2026-03-05 15:12:52,2026-09-30 12:00:00
C04981,Charlie Smith,charlie.smith4981@example.com,0466261978,Other,2025-11-11,Perth,WA,2026-07-01 13:33:41,2026-09-30 12:00:00
C04982,Emma Martin,emma.martin4982@example.com,0483719889,Other,2025-12-10,Adelaide,SA,2025-08-29 11:55:38,2026-02-05 00:55:38
C04983,William Hall,william.hall4983@example.com,0460980053,Other,2026-08-20,Brisbane,QLD,2025-07-10 10:11:20,2026-03-03 00:11:20
C04984,Lucas Allen,lucas.allen4984@example.com,0462080402,Other,2026-01-31,Adelaide,SA,2025-08-15 21:53:36,2026-02-22 23:53:36
C04985,Olivia White,olivia.white4985@example.com,0445572859,Other,2025-01-18,Sydney,NSW,2025-09-13 21:30:47,2025-09-29 00:30:47
C04986,Amelia Moore,amelia.moore4986@example.com,0423099098,Other,2026-09-17,Melbourne,VIC,2026-03-27 20:51:04,2026-09-23 16:51:04
C04987,Leo White,leo.white4987@example.com,0430259794,F,2026-08-29,Sydney,NSW,2025-08-17 01:41:19,2026-04-23 16:41:19
C04988,Grace Wilson,grace.wilson4988@example.com,0494415276,M,2025-08-24,Geelong,VIC,2026-01-06 20:41:38,2026-09-30 12:00:00
C04989,Thomas Martin,thomas.martin4989@example.com,0412323115,F,2025-07-09,Geelong,VIC,2026-02-07 04:59:48,2026-09-30 12:00:00
C04990,Ella Young,ella.young4990@example.com,0417189981,Other,2025-07-17,Geelong,VIC,2025-11-25 23:44:46,2026-06-23 11:44:46
C04991,James Wright,james.wright4991@example.com,0445307128,M,2025-10-08,Canberra,ACT,2025-03-01 11:05:40,2025-11-23 17:05:40
C04992,Lucas Jackson,lucas.jackson4992@example.com,0480102110,F,2026-03-30,Perth,WA,2025-09-13 10:27:33,2025-10-15 08:27:33
C04993,Amelia White,amelia.white4993@example.com,0422629343,Other,2026-03-11,Brisbane,QLD,2026-05-14 04:18:57,2026-09-30 12:00:00
C04994,Charlie Clark,charlie.clark4994@example.com,0412763625,Other,2026-02-21,Sydney,NSW,2025-04-07 17:31:47,2025-09-03 00:31:47
C04995,Sophia Allen,sophia.allen4995@example.com,0480902870,M,2025-11-06,Brisbane,QLD,2025-05-14 19:40:12,2025-07-25 07:40:12
C04996,Thomas Allen,thomas.allen4996@example.com,0423991925,F,2025-06-22,Melbourne,VIC,2026-09-11 23:40:11,2026-09-30 12:00:00
C04997,Ella Wright,ella.wright4997@example.com,0460684249,M,2026-03-25,Melbourne,VIC,2026-07-24 09:22:16,2026-09-30 12:00:00
C04998,Chloe Jackson,chloe.jackson4998@example.com,0499980099,Other,2026-04-22,Parramatta,NSW,2025-04-15 05:21:33,2025-06-03 09:21:33
C04999,Leo Clark,leo.clark4999@example.com,0469367715,Other,2025-09-16,Parramatta,NSW,2025-09-30 00:16:51,2025-11-22 19:16:51
C05000,Henry Hall,henry.hall5000@example.com,0450715093,F,2026-09-18,Perth,WA,2025-12-16 22:11:54,2026-09-30 12:00:00
C00036,Ella Walker,ella.walker36@example.com,0483227889,M,2026-01-14,Canberra,ACT,2025-01-10 03:04:56,2025-12-29 07:04:56
C00037,Lucas King,lucas.king37@example.com,0458024342,M,2025-09-13,Sydney,NSW,2026-03-17 04:02:19,2026-09-19 05:02:19
C00038,Emma Moore,emma.moore38@example.com,0433763566,F,2025-01-26,Canberra,ACT,2026-02-21 19:47:09,2026-06-23 00:47:09
C00039,Ava Thompson,ava.thompson39@example.com,0461343880,M,2026-04-27,Perth,WA,2025-09-12 08:10:50,2026-09-06 11:10:50
C00040,Mia Jackson,mia.jackson40@example.com,0413176186,Other,2025-07-17,Adelaide,SA,2025-12-25 09:52:50,2026-04-20 16:52:50
