ReturnID,OrderID,ProductID,CustomerID,ReturnDate,ReturnQuantity,ReturnReason,RefundAmount,ModifiedDate
R000001,O0067431,P0047,C03386,2025-11-18,3,Changed Mind,249.98,2025-07-11 02:38:24
R000002,O0072791,P0061,C01329,2026-03-28,2,Not as Described,839.44,2025-05-10 18:45:58
R000003,O0036245,P0463,C02453,2025-01-15,1,Changed Mind,224.2,2025-12-14 16:57:44
R000004,O0021097,P0373,C01497,2025-09-10,3,Damaged,-417.27,2026-06-06 11:18:33
R000005,O0069139,P0326,C01897,2025-08-25,1,Not as Described,942.62,2025-11-27 09:03:14
R000006,O0065432,P0086,C03615,2025-06-05,3,Wrong Item,987.13,2026-02-14 08:11:42
R000007,O0024969,P0320,C03343,2025-06-15,1,Late Delivery,800.47,2025-04-05 07:07:57
R000008,O0004630,P0491,C04506,2025-01-25,1,Wrong Item,731.56,2026-08-14 21:57:39
R000009,O0054156,P0104,C01634,2026-08-20,2,Wrong Item,250.53,2025-07-28 13:25:18
R000010,O0077757,P0017,C03803,2026-08-16,1,Not as Described,217.06,2025-08-23 15:13:43
R000011,O0010255,P0212,C00755,2026-06-03,1,Wrong Item,337.16,2025-04-29 01:48:27
R000012,O0017111,P0468,C01897,2025-12-26,1,Wrong Item,630.13,2025-10-23 17:09:25
R000013,O0065380,P0210,C03208,2025-07-13,3,Changed Mind,108.93,2025-08-29 21:20:08
R000014,O0093696,P0366,C01407,2025-12-28,1,Late Delivery,431.59,2026-04-19 15:41:12
R000015,O0037808,P0290,C02078,2026-07-13,3,Damaged,884.5,2025-03-02 00:02:20
R000016,O0042015,P0188,C02656,2025-01-10,3,Not as Described,904.04,2025-06-08 19:06:30
R000017,O0073009,P0295,C03617,2025-01-21,1,Damaged,886.98,2025-02-08 12:59:07
R000018,O0029321,P0354,C02643,2026-04-07,1,Wrong Item,931.26,2025-05-24 20:12:04
R000019,O0004738,P0013,C04859,2026-02-18,3,Late Delivery,567.44,2025-01-24 10:15:13
R000020,O0089659,P0175,C02277,2025-02-08,2,Damaged,858.57,2025-08-05 18:53:33
R000021,O0033872,P0164,C04520,2025-05-31,2,Not as Described,735.41,2025-04-12 16:45:39
R000022,O0075854,P0121,C00228,2025-02-15,3,Damaged,37.21,2025-01-06 12:54:42
R000023,O0034451,P0465,C02286,2025-01-08,3,Not as Described,245.92,2025-03-04 01:30:37
R000024,O0042554,P0180,C02246,2025-03-06,3,Wrong Item,316.95,2025-08-31 20:14:29
R000025,O0006958,P0301,C02378,2026-08-13,1,Wrong Item,241.58,2026-07-02 09:04:51
R000026,O0040054,P0054,C01411,2025-04-25,2,Late Delivery,691.84,2025-03-14 21:37:03
R000027,O0025121,P0012,C02817,2025-03-11,3,Changed Mind,895.92,2026-03-16 17:29:25
R000028,O0053204,P0136,C03394,2025-11-07,2,Changed Mind,896.97,2025-02-09 07:23:41
R000029,O0031444,P0260,C03889,2025-09-06,1,Late Delivery,737.36,2025-01-26 05:13:27
R000030,O0007829,P0435,C02925,2025-06-26,1,Late Delivery,87.51,2026-01-05 20:59:15
R000031,O0071549,P0301,C03912,2025-10-30,3,Not as Described,929.6,2025-06-25 21:27:42
R000032,O0058862,P0197,C04721,2026-04-17,3,Damaged,159.59,2026-03-30 12:02:54
R000033,O0025579,P0073,C00625,2025-12-22,3,Not as Described,276.12,2025-05-01 08:19:52
R000034,O0032723,P0216,C04696,2026-09-01,2,Damaged,371.4,2026-04-20 19:54:43
R000035,O0042944,P0413,C00129,2025-07-10,2,Wrong Item,745.78,2025-10-07 20:45:24
R000036,O0003217,P0396,C00177,2025-12-23,1,Wrong Item,947.99,2025-11-29 18:28:47
R000037,O0008676,P0422,C00211,2026-03-22,2,Changed Mind,826.43,2026-07-06 23:07:11
R000038,O0023538,P0332,C00111,2025-03-20,3,Wrong Item,283.8,2026-04-14 23:01:17
R000039,O0090725,P0307,C02885,2025-07-11,1,Not as Described,672.52,2025-01-27 23:43:50
R000040,O0034058,P0406,C04563,2025-04-28,1,Late Delivery,472.11,2026-07-28 01:38:26
R000041,O0099644,P0086,C01512,2025-08-21,3,Late Delivery,682.26,2026-06-14 08:41:47
R000042,O0045609,P0364,C00526,2026-07-16,3,Damaged,21.96,2025-09-05 23:13:16
R000043,O0090911,P0415,C03851,2025-12-19,3,Late Delivery,220.05,2025-06-30 08:10:25
R000044,O0000700,P0361,C02598,2025-10-21,1,Damaged,79.37,2025-02-18 02:35:31
R000045,O0069708,P0394,C04204,2025-10-31,3,Not as Described,756.39,2025-03-18 22:29:47
R000046,O0007785,P0483,C03517,2026-07-08,2,Not as Described,666.56,2026-04-19 07:20:14
R000047,O0077184,P0259,C02257,2025-08-06,3,Damaged,235.52,2026-07-10 05:01:07
R000048,O0061274,P0151,C00568,2025-01-19,2,Late Delivery,135.73,2026-01-14 08:53:00
R000049,O0025204,P0183,C01223,2025-11-18,2,Damaged,633.32,2025-05-11 01:54:48
R000050,O0076363,P0414,C03288,2025-09-25,3,Not as Described,585.81,2026-09-25 04:52:52
R000051,O0018361,P0424,C03039,2026-06-16,2,Changed Mind,84.41,2026-01-06 21:42:43
R000052,O0054356,P0432,C00759,2026-09-17,1,Changed Mind,484.77,2026-02-14 06:41:53
R000053,O0027602,P0064,C03826,2025-12-01,2,Late Delivery,418.66,2026-03-21 07:22:32
R000054,O0005969,P0328,C01700,2025-04-29,2,Late Delivery,472.51,2025-05-29 18:17:21
R000055,O0040551,P0069,C00158,2025-07-18,2,Changed Mind,160.98,2025-03-18 02:55:40
R000056,O0010732,P0010,C04300,2025-09-16,3,Damaged,990.57,2026-07-14 23:24:27
R000057,O0047133,P0479,C03646,2025-05-04,2,Wrong Item,212.89,2026-08-03 22:40:46
R000058,O0011060,P0390,C01626,2026-01-12,3,Wrong Item,666.57,2026-08-29 02:06:34
R000059,O0098978,P0016,C01966,2026-02-02,3,Changed Mind,616.08,2025-11-18 10:34:56
R000060,O0061523,P0401,C01331,2026-05-18,1,Wrong Item,221.69,2026-07-11 07:04:40
R000061,O0038166,P0214,C02641,2026-01-28,1,Not as Described,620.74,2025-10-18 19:32:18
R000062,O0052621,P0463,C01193,2026-08-17,1,Late Delivery,668.94,2026-08-27 13:37:26
R000063,O0066424,P0370,C00197,2025-12-02,1,Damaged,790.66,2026-07-30 23:39:56
R000064,O0014830,P0312,C01110,2025-10-06,2,Late Delivery,662.67,2026-06-14 05:36:07
R000065,O0002527,P0311,C02595,2025-09-27,2,Wrong Item,668.89,2026-02-01 18:03:24
R000066,O0043094,P0465,C02075,2025-06-13,3,Late Delivery,832.5,2025-01-31 07:33:50
R000067,O0096597,P0452,C01066,2025-05-21,1,Not as Described,838.05,2025-01-05 04:26:06
R000068,O0022004,P0132,C02121,2026-02-17,3,Late Delivery,863.62,2026-01-19 21:37:43
R000069,O0064295,P0366,C02372,2025-08-25,2,Late Delivery,969.83,2025-05-13 06:23:21
R000070,O0009594,P0303,C03889,2025-10-01,1,Changed Mind,370.21,2025-06-10 22:24:37
R000071,O0084791,P0129,C02588,2025-04-26,3,Damaged,126.85,2026-03-18 23:35:52
R000072,O0006412,P0271,C01149,2025-08-03,3,Wrong Item,33.19,2025-09-02 05:42:25
R000073,O0061083,P0463,C00255,2025-05-01,2,Late Delivery,605.45,2026-05-07 05:38:03
R000074,O0068982,P0336,C00795,2026-07-02,2,Damaged,779.36,2025-01-11 21:14:52
R000075,O0075651,P0113,C01125,2025-03-09,3,Changed Mind,103.9,2026-02-18 02:27:46
R000076,O0067648,P0075,C01902,2025-09-29,1,Damaged,258.89,2026-05-14 10:15:30
R000077,O0038344,P0193,C04873,2026-04-04,1,Damaged,798.23,2026-03-09 05:15:06
R000078,O0086264,P0320,C02665,2025-11-18,1,Damaged,698.13,2026-08-11 09:38:25
R000079,O0066742,P0233,C04063,2026-09-08,1,Not as Described,547.87,2025-08-19 04:39:55
R000080,O0051934,P0257,C03233,2025-11-13,3,Changed Mind,-574.22,2026-05-17 21:40:30
R000081,O0014454,P0308,C00862,2025-09-08,1,Changed Mind,247.36,2026-01-08 21:59:14
R000082,O0020091,P0215,C03991,2026-02-17,2,Not as Described,469.62,2025-06-27 17:58:59
R000083,O0074315,P0220,C00540,2026-01-13,2,Wrong Item,288.81,2026-02-05 13:59:12
R000084,O0044285,P0191,C03627,2025-02-18,3,Not as Described,592.84,2025-06-24 05:42:18
R000085,O0097367,P0282,C02340,2026-07-26,2,Late Delivery,456.49,2025-12-11 04:26:14
R000086,O0074618,P0129,C04659,2025-04-11,1,Late Delivery,19.83,2025-11-14 16:59:08
R000087,O0007084,P0186,C04520,2025-05-20,3,Late Delivery,972.75,2025-01-04 16:28:31
R000088,O0001508,P0299,C04702,2025-07-16,2,Wrong Item,555.69,2025-03-23 03:57:59
R000089,O0098948,P0415,C03762,2026-07-02,2,Not as Described,475.01,2025-06-01 09:10:35
R000090,O0063372,P0244,C02240,2025-03-11,2,Damaged,635.5,2026-09-10 08:12:27
R000091,O0066205,P0162,C00517,2026-03-16,3,Late Delivery,419.59,2025-04-17 16:01:32
R000092,O0074444,P0442,C03562,2025-10-17,1,Late Delivery,710.78,2025-07-04 21:04:22
R000093,O0024494,P0304,C04281,2026-07-27,3,Late Delivery,187.39,2025-05-11 02:29:39
R000094,O0022246,P0486,C00506,2025-09-12,1,Damaged,413.58,2025-12-26 16:26:03
R000095,O0071347,P0420,C04843,2025-05-25,2,Changed Mind,643.74,2025-06-29 05:10:17
R000096,O0079606,P0267,C01741,2025-07-10,3,Wrong Item,770.31,2025-05-12 21:46:13
R000097,O0084715,P0033,C02228,2025-09-11,3,Not as Described,117.65,2026-02-06 07:41:59
R000098,O0086212,P0490,C03239,2026-09-29,3,Not as Described,477.37,2025-08-01 06:40:37
R000099,O0074344,P0093,C04061,2025-08-18,3,Changed Mind,208.77,2025-10-24 14:29:10
R000100,O0095176,P0103,C04583,2025-02-23,2,Late Delivery,136.08,2026-07-28 00:50:08
R000101,O0083891,P0138,C02430,2026-05-12,3,Late Delivery,467.45,2026-07-27 23:37:02
R000102,O0046421,P0330,C00295,2026-08-13,1,Late Delivery,881.56,2025-08-29 03:13:34
R000103,O0008932,P0357,C03449,2026-04-09,2,Changed Mind,156.94,2025-09-04 02:49:52
R000104,O0084798,P0122,C02216,2026-05-21,1,Damaged,695.59,2026-09-06 05:40:20
R000105,O0076031,P0116,C00520,2025-08-19,3,Damaged,668.13,2025-03-11 00:00:31
R000106,O0021152,P0164,C00621,2026-02-14,3,Damaged,408.25,2025-04-27 19:02:31
R000107,O0004815,P0082,C03083,2026-02-26,3,Wrong Item,51.12,2026-06-06 19:32:25
R000108,O0007547,P0021,C03829,2026-06-17,2,Late Delivery,836.35,2025-03-14 18:48:30
R000109,O0023703,P0483,C01891,2026-02-16,1,Changed Mind,933.76,2026-07-21 23:13:18
R000110,O0046966,P0089,C01971,2026-09-19,2,Changed Mind,280.36,2025-02-28 08:09:27
R000111,O0074897,P0382,C00433,2025-05-30,3,Changed Mind,132.28,2025-09-26 10:58:26
R000112,O0093949,P0468,C01002,2025-02-28,1,Wrong Item,377.91,2025-12-28 04:33:41
R000113,O0055248,P0155,C00701,2025-03-25,3,Changed Mind,841.22,2025-01-31 21:17:26
R000114,O0037286,P0069,C03326,2026-02-06,3,Damaged,28.07,2025-08-14 01:57:43
R000115,O0072038,P0359,C04508,2025-12-24,1,Late Delivery,787.37,2025-03-13 14:38:23
R000116,O0056735,P0448,C02709,2025-04-30,2,Late Delivery,938.98,2026-01-29 18:52:00
R000117,O0032065,P0215,C01216,2026-07-20,3,Damaged,991.04,2026-04-26 03:15:16
R000118,O0033063,P0013,C00451,2025-02-26,3,Wrong Item,533.98,2025-01-05 02:36:25
R000119,O0020068,P0190,C03123,2025-03-19,3,Wrong Item,811.98,2025-05-20 03:11:34
R000120,O0036514,P0204,C02215,2026-08-30,3,Changed Mind,99.33,2025-07-30 12:02:46
R000121,O0098911,P0464,C02598,2025-02-12,2,Changed Mind,372.95,2026-01-09 16:30:35
R000122,O0061065,P0225,C03772,2025-09-09,1,Changed Mind,46.19,2025-08-27 07:03:54
R000123,O0077119,P0393,C04664,2025-02-25,3,Wrong Item,746.47,2025-02-23 11:10:31
R000124,O0003887,P0066,C01917,2026-09-12,1,Wrong Item,577.8,2026-07-15 04:31:49
R000125,O0025292,P0479,C02278,2025-08-07,1,Late Delivery,161.67,2026-09-16 05:11:03
R000126,O0088419,P0454,C04350,2025-06-21,2,Damaged,809.05,2025-09-21 03:36:37
R000127,O0026689,P0266,C05000,2025-08-27,2,Late Delivery,852.75,2026-05-12 01:11:17
R000128,O0056447,P0007,C02467,2026-05-06,3,Damaged,766.77,2025-11-09 15:28:12
R000129,O0006729,P0140,C02119,2025-09-15,3,Damaged,758.75,2025-09-04 15:14:11
R000130,O0076240,P0289,C03451,2025-03-24,1,Wrong Item,10.38,2025-03-01 17:59:02
R000131,O0046581,P0020,C03808,2026-02-19,1,Changed Mind,671.74,2026-04-24 18:40:51
R000132,O0088211,P0015,C02775,2025-01-02,2,Damaged,621.94,2025-12-18 22:10:45
R000133,O0081766,P0031,C00841,2025-02-04,3,Damaged,503.2,2025-04-10 21:32:26
R000134,O0086071,P0403,C04526,2026-02-02,2,Not as Described,956.69,2026-05-16 08:19:44
R000135,O0072739,P0184,C02064,2025-10-22,1,Changed Mind,-530.5,2026-09-10 02:01:32
R000136,O0092720,P0188,C03191,2026-04-13,3,Late Delivery,979.13,2026-01-30 00:58:33
R000137,O0025866,P0118,C00038,2025-12-08,2,Not as Described,682.67,2025-12-19 11:03:16
R000138,O0004879,P0117,C00655,2025-01-30,2,Changed Mind,615.75,2026-03-04 00:38:48
R000139,O0021356,P0110,C03443,2025-03-08,3,Changed Mind,302.6,2025-09-26 12:57:30
R000140,O0041089,P0059,C01617,2026-01-03,2,Wrong Item,269.03,2026-07-12 08:36:01
R000141,O0087343,P0216,C00606,2026-07-14,3,Damaged,24.09,2025-03-23 17:45:53
R000142,O0043388,P0413,C02406,2025-09-05,2,Wrong Item,86.88,2025-03-21 10:51:49
R000143,O0085055,P0100,C02743,2026-04-29,1,Late Delivery,68.3,2025-04-22 08:33:47
R000144,O0053880,P0008,C04033,2025-08-28,3,Wrong Item,731.68,2025-09-08 03:46:13
R000145,O0065022,P0270,C03829,2025-01-22,2,Late Delivery,107.7,2025-04-09 09:43:36
R000146,O0040356,P0197,C04963,2025-02-22,2,Late Delivery,775.54,2026-08-05 00:07:02
R000147,O0001762,P0014,C00546,2025-06-08,1,Not as Described,610.34,2025-05-25 08:15:08
R000148,O0097297,P0263,C00264,2025-04-14,3,Damaged,588.5,2025-04-09 19:27:47
R000149,O0024835,P0210,C04536,2025-03-21,2,Changed Mind,798.42,2026-06-24 00:31:48
R000150,O0038636,P0251,C00634,2025-02-04,3,Changed Mind,846.39,2026-03-15 22:09:52
R000151,O0012027,P0310,C04721,2025-01-29,2,Not as Described,89.94,2025-01-16 10:36:48
R000152,O0024905,P0091,C04717,2026-08-05,1,Wrong Item,463.97,2025-02-23 05:43:12
R000153,O0019440,P0061,C04882,2025-11-09,3,Damaged,874.31,2025-02-26 17:04:40
R000154,O0044167,P0106,C00406,2025-06-19,3,Damaged,734.13,2025-08-14 12:23:32
R000155,O0077890,P0129,C00277,2025-03-15,2,Not as Described,105.72,2025-10-30 22:22:58
R000156,O0045159,P0378,C01390,2026-03-15,3,Wrong Item,688.01,2025-11-07 17:45:28
R000157,O0018633,P0186,C04062,2026-06-02,1,Changed Mind,62.88,2026-01-31 19:31:13
R000158,O0086300,P0324,C00690,2025-04-24,3,Late Delivery,320.11,2025-05-02 11:02:56
R000159,O0069434,P0377,C01396,2025-06-13,3,Damaged,40.4,2025-06-17 19:13:16
R000160,O0075580,P0463,C00264,2025-05-10,3,Changed Mind,772.9,2025-08-06 15:24:30
R000161,O0090750,P0347,C01405,2026-08-04,2,Not as Described,599.02,2025-06-09 19:25:40
R000162,O0070837,P0213,C00100,2026-05-21,3,Changed Mind,782.51,2025-03-09 07:50:18
R000163,O0049257,P0477,C02127,2026-05-07,1,Damaged,581.15,2025-02-20 09:42:55
R000164,O0057478,P0252,C01824,2026-02-06,2,Wrong Item,213.91,2025-02-03 08:55:15
R000165,O0010938,P0111,C01525,2025-05-25,3,Late Delivery,898.63,2026-06-01 11:00:40
R000166,O0078302,P0145,C01566,2026-01-03,3,Late Delivery,452.58,2025-05-04 14:36:36
R000167,O0054181,P0089,C02556,2025-10-06,3,Changed Mind,220.51,2025-05-27 02:49:31
R000168,O0019931,P0375,C02290,2026-03-20,1,Not as Described,627.87,2025-12-17 20:17:40
R000169,O0078563,P0319,C00540,2025-10-08,2,Wrong Item,593.71,2025-08-27 02:26:44
R000170,O0021865,P0261,C02116,2026-06-30,3,Damaged,144.6,2026-07-24 13:09:52
R000171,O0086926,P0134,C02222,2026-07-26,2,Wrong Item,50.04,2026-09-22 03:47:06
R000172,O0072864,P0499,C02705,2026-08-27,1,Not as Described,334.46,2026-08-06 22:20:37
R000173,O0008316,P0117,C00980,2025-12-13,3,Not as Described,349.12,2025-12-02 16:31:21
R000174,O0067949,P0311,C01137,2026-02-19,1,Damaged,325.2,2026-02-05 07:18:37
R000175,O0086663,P0277,C00454,2025-10-02,3,Late Delivery,867.77,2026-01-14 21:42:51
R000176,O0054341,P0039,C00713,2026-07-20,2,Not as Described,147.16,2026-03-15 04:55:51
R000177,O0026307,P0473,C01955,2026-05-31,2,Late Delivery,713.23,2025-03-27 23:45:13
R000178,O0025403,P0323,C04419,2026-03-05,3,Damaged,888.58,2025-10-14 16:34:01
R000179,O0082720,P0435,C04870,2025-04-01,3,Late Delivery,402.36,2025-05-26 17:22:12
R000180,O0043573,P0422,C02873,2026-09-27,1,Not as Described,804.75,2025-06-20 03:54:54
R000181,O0070969,P0480,C01983,2026-03-26,3,Changed Mind,502.28,2026-09-24 00:20:01
R000182,O0092352,P0132,C00734,2026-02-08,1,Wrong Item,390.29,2026-01-30 09:26:32
R000183,O0026031,P0224,C04567,2025-12-02,2,Wrong Item,114.77,2025-04-25 12:55:26
R000184,O0002208,P0488,C04439,2026-04-19,1,Late Delivery,732.0,2025-12-13 23:03:38
R000185,O0060239,P0450,C04744,2025-03-27,3,Late Delivery,455.71,2026-07-11 09:23:51
R000186,O0061183,P0118,C03262,2025-02-15,3,Changed Mind,955.14,2025-01-13 08:24:54
R000187,O0087892,P0353,C02596,2026-08-24,2,Changed Mind,995.72,2026-02-11 17:40:56
R000188,O0026684,P0339,C03678,2026-06-13,2,Wrong Item,447.81,2025-03-09 02:24:18
R000189,O0058679,P0127,C00542,2025-01-07,1,Damaged,652.39,2025-06-03 02:22:35
R000190,O0073757,P0457,C00617,2026-04-30,1,Not as Described,133.52,2025-10-14 06:38:46
R000191,O0091675,P0458,C03099,2025-01-11,2,Not as Described,17.31,2025-01-11 14:12:17
R000192,O0074168,P0278,C03826,2025-10-30,2,Wrong Item,555.15,2025-06-16 10:17:04
R000193,O0023163,P0398,C03912,2025-06-25,2,Late Delivery,933.24,2026-05-18 19:57:48
R000194,O0012129,P0183,C01273,2025-10-29,2,Damaged,644.07,2026-07-27 02:53:45
R000195,O0043038,P0035,C03124,2026-01-23,2,Wrong Item,738.34,2026-08-15 07:30:08
R000196,O0095702,P0060,C01541,2025-05-20,2,Not as Described,812.37,2026-07-18 00:20:10
R000197,O0060858,P0107,C03308,2025-02-22,3,Not as Described,233.29,2025-05-30 07:24:00
R000198,O0013869,P0435,C04297,2025-08-12,3,Not as Described,547.48,2025-02-24 23:27:51
R000199,O0091093,P0451,C01474,2025-05-04,3,Wrong Item,661.83,2025-11-29 21:55:07
R000200,O0059857,P0021,C04228,2026-09-27,1,Not as Described,686.48,2026-08-10 04:04:30
R000201,O0035796,P0041,C02830,2025-04-23,1,Late Delivery,21.57,2026-09-09 03:28:32
R000202,O0099593,P0209,C02757,2026-08-02,3,Wrong Item,435.74,2025-04-25 19:12:37
R000203,O0029160,P0256,C03352,2026-05-28,3,Wrong Item,128.24,2026-03-21 20:08:34
R000204,O0015503,P0029,C01401,2025-06-04,1,Wrong Item,683.92,2025-10-08 07:46:15
R000205,O0060702,P0471,C03335,2025-08-30,1,Changed Mind,907.8,2025-09-06 17:31:15
R000206,O0075748,P0416,C03674,2025-04-26,1,Damaged,516.12,2025-03-25 17:23:55
R000207,O0003951,P0392,C03729,2026-04-03,2,Not as Described,857.36,2025-07-01 15:56:41
R000208,O0013708,P0002,C03491,2026-08-07,3,Late Delivery,727.54,2025-03-11 23:48:23
R000209,O0028549,P0103,C04721,2026-08-15,3,Damaged,931.5,2025-11-21 13:43:52
R000210,O0006557,P0362,C03277,2025-06-03,1,Wrong Item,864.38,2026-08-15 21:24:05
R000211,O0024594,P0299,C02475,2026-09-28,1,Wrong Item,270.98,2025-01-30 02:01:59
R000212,O0017727,P0086,C00880,2025-10-27,1,Damaged,190.48,2025-09-08 19:57:59
R000213,O0032236,P0325,C03413,2025-03-05,2,Changed Mind,713.15,2026-01-30 09:32:01
R000214,O0063847,P0490,C03892,2025-11-15,3,Damaged,40.19,2025-03-25 12:29:32
R000215,O9999999,P0033,C04459,2025-02-08,1,Changed Mind,28.14,2025-04-11 16:42:50
R000216,O0083752,P0384,C03890,2026-06-25,1,Wrong Item,352.13,2026-07-08 03:18:02
R000217,O0086633,P0036,C00564,2026-08-10,1,Late Delivery,468.66,2025-03-29 11:21:47
R000218,O0017523,P0438,C00564,2025-03-09,1,Wrong Item,884.66,2025-06-12 20:00:58
R000219,O0017204,P0056,C03244,2025-03-19,1,Changed Mind,510.02,2025-12-02 16:56:47
R000220,O0079326,P0194,C04433,2025-09-30,1,Changed Mind,743.43,2025-09-05 10:17:06
R000221,O0056899,P0229,C02998,2025-12-07,3,Late Delivery,590.51,2026-01-18 10:31:36
R000222,O0010229,P0442,C03458,2026-04-09,3,Not as Described,354.34,2026-09-18 12:24:36
R000223,O0068817,P0013,C01443,2025-02-23,3,Late Delivery,93.5,2026-07-12 10:28:20
R000224,O0037036,P0196,C04298,2025-04-10,3,Not as Described,968.67,2025-03-03 21:58:48
R000225,O0074860,P0355,C01287,2025-08-08,1,Late Delivery,96.51,2026-02-16 05:43:30
R000226,O0070827,P0030,C00647,2025-02-27,3,Damaged,700.58,2025-03-01 09:08:31
R000227,O0086430,P0414,C01936,2026-09-17,1,Damaged,796.22,2025-09-03 19:47:03
R000228,O0004806,P0426,C02130,2025-06-30,1,Wrong Item,974.8,2025-12-05 23:24:16
R000229,O0060127,P0435,C00460,2025-07-26,2,Damaged,246.4,2025-07-26 00:11:29
R000230,O0010325,P0478,C03344,2025-03-17,3,Wrong Item,625.0,2025-12-14 12:49:55
R000231,O0094177,P0066,C02497,2026-06-09,3,Changed Mind,457.46,2025-06-17 21:06:51
R000232,O0067067,P0442,C02108,2026-03-15,2,Late Delivery,869.61,2026-01-18 09:32:20
R000233,O0028558,P0254,C01437,2025-08-14,2,Late Delivery,427.1,2025-09-05 07:53:01
R000234,O0029501,P0307,C02629,2026-09-18,3,Not as Described,572.67,2025-10-08 00:28:37
R000235,O0025834,P0471,C03970,2025-09-01,2,Not as Described,568.78,2025-04-14 16:14:44
R000236,O0073698,P0400,C00731,2025-08-31,3,Not as Described,617.46,2026-08-08 19:46:38
R000237,O0056574,P0298,C03211,2025-09-01,1,Wrong Item,572.06,2025-01-01 22:57:14
R000238,O0083761,P0345,C02849,2025-01-10,3,Wrong Item,842.74,2026-03-07 20:09:41
R000239,O0074152,P0009,C00939,2026-09-23,3,Changed Mind,730.42,2025-10-10 01:52:27
R000240,O0079464,P0413,C03983,2026-04-19,1,Wrong Item,111.74,2025-12-13 18:31:02
R000241,O0099580,P0002,C01677,2026-06-14,2,Changed Mind,863.38,2025-07-03 17:23:13
R000242,O0019322,P0208,C02748,2026-04-18,1,Changed Mind,678.5,2026-07-17 17:46:28
R000243,O0050337,P0110,C00065,2026-09-08,2,Damaged,416.16,2025-03-31 08:37:18
R000244,O0095065,P0315,C03099,2026-09-01,3,Not as Described,236.6,2026-06-24 01:22:45
R000245,O0095968,P0158,C04766,2026-07-02,2,Damaged,896.54,2025-05-04 00:22:21
R000246,O0069135,P0386,C04159,2026-01-06,1,Damaged,47.39,2025-03-04 23:16:04
R000247,O0084282,P0234,C04458,2026-05-19,3,Changed Mind,908.39,2025-03-15 01:29:18
R000248,O0098024,P0494,C01763,2026-07-14,3,Damaged,335.56,2026-07-18 07:59:00
R000249,O0073856,P0226,C03762,2026-09-03,1,Late Delivery,547.48,2025-05-05 12:50:47
R000250,O0015238,P0080,C02446,2026-03-08,1,Late Delivery,306.53,2025-01-19 01:32:27
R000251,O0082220,P0403,C03417,2026-07-16,1,Damaged,330.43,2026-02-16 00:36:57
R000252,O0037886,P0109,C04800,2025-12-01,2,Wrong Item,189.44,2025-06-27 07:28:02
R000253,O0071846,P0001,C04231,2025-03-30,3,Changed Mind,964.71,2026-09-12 18:44:22
R000254,O0037714,P0339,C02869,2026-01-11,3,Wrong Item,918.55,2025-04-12 04:07:00
R000255,O0055700,P0012,C01357,2026-09-15,1,Changed Mind,768.05,2026-04-11 10:38:59
R000256,O0071492,P0240,C03107,2025-09-26,3,Late Delivery,220.21,2025-05-22 09:45:47
R000257,O0093483,P0129,C03036,2025-06-06,3,Damaged,289.59,2025-05-08 09:02:54
R000258,O0061080,P0272,C03550,2025-08-01,1,Wrong Item,856.7,2026-04-10 13:58:18
R000259,O0021858,P0152,C01080,2026-01-25,1,Wrong Item,69.65,2026-08-12 20:00:48
R000260,O0001587,P0099,C00143,2025-11-28,1,Damaged,220.44,2025-04-05 17:41:31
R000261,O0056295,P0379,C02363,2026-06-23,1,Wrong Item,442.15,2026-05-30 10:59:35
R000262,O0068789,P0186,C04698,2025-08-31,1,Wrong Item,798.1,2025-10-23 20:07:43
R000263,O0026533,P0129,C00012,2026-01-26,2,Damaged,403.78,2025-11-15 22:37:40
R000264,O0000569,P0005,C01600,2026-05-30,3,Late Delivery,835.45,2026-04-08 10:10:47
R000265,O0040174,P0495,C00752,2026-04-30,3,Not as Described,408.22,2025-06-07 04:47:15
R000266,O0000173,P0272,C02722,2026-09-10,3,Not as Described,605.99,2025-02-06 03:09:11
R000267,O0089417,P0421,C04086,2026-03-07,3,Damaged,763.1,2025-06-02 09:50:22
R000268,O0047012,P0492,C03981,2025-05-22,2,Damaged,580.4,2025-04-22 10:22:51
R000269,O0055188,P0213,C02787,2025-03-22,3,Late Delivery,50.25,2026-01-16 09:30:04
R000270,O0066964,P0161,C04358,2025-12-30,3,Damaged,328.79,2025-06-13 09:25:37
R000271,O0013233,P0331,C02988,2026-06-22,2,Wrong Item,457.22,2025-03-02 04:10:21
R000272,O0099302,P0040,C02482,2026-06-10,2,Not as Described,727.83,2025-05-12 23:00:51
R000273,O0037794,P0232,C00455,2026-07-07,2,Changed Mind,310.7,2025-11-20 06:13:34
R000274,O0003730,P0331,C02138,2025-11-22,3,Changed Mind,584.28,2026-05-26 14:33:54
R000275,O0025236,P0092,C02890,2026-04-10,1,Damaged,38.9,2026-03-22 18:57:12
R000276,O0001537,P0039,C02558,2026-07-08,2,Changed Mind,876.75,2026-06-04 05:37:36
R000277,O0097203,P0208,C04677,2025-02-17,2,Not as Described,971.64,2025-05-02 04:47:21
R000278,O0067323,P0113,C01949,2025-01-09,1,Not as Described,237.35,2026-07-24 21:47:21
R000279,O0035440,P0116,C04695,2026-05-05,2,Changed Mind,853.0,2025-05-18 12:45:50
R000280,O0026516,P0217,C02362,2025-05-03,2,Not as Described,752.45,2026-05-21 03:52:33
R000281,O0016666,P0102,C03404,2025-07-05,3,Damaged,704.63,2026-05-08 04:09:58
R000282,O0075456,P0136,C01800,2025-08-25,3,Damaged,637.99,2026-05-03 21:21:59
R000283,O0048723,P0429,C04255,2025-06-11,1,Changed Mind,750.35,2026-05-28 10:14:56
R000284,O0096146,P0283,C04436,2026-01-10,3,Not as Described,443.67,2025-01-05 14:58:56
R000285,O0070411,P0239,C00454,2025-07-08,1,Not as Described,269.8,2025-05-29 14:22:03
R000286,O0035916,P0409,C01341,2026-09-12,3,Wrong Item,807.29,2026-03-25 04:48:20
R000287,O0056879,P0342,C01101,2025-01-20,1,Damaged,162.73,2026-06-08 05:34:09
R000288,O0052661,P0428,C01320,2025-08-10,1,Wrong Item,217.69,2025-10-03 01:13:38
R000289,O0090150,P0455,C03440,2025-01-30,3,Late Delivery,641.69,2025-03-12 15:23:24
R000290,O0064513,P0206,C00306,2026-03-31,2,Damaged,220.18,2025-02-06 16:03:15
R000291,O0041153,P0357,C02789,2025-07-18,1,Wrong Item,937.77,2025-10-12 02:41:51
R000292,O0076635,P0417,C03495,2025-01-31,1,Wrong Item,121.02,2025-11-29 00:47:05
R000293,O0086985,P0341,C01930,2025-12-28,3,Changed Mind,76.58,2025-02-19 07:50:15
R000294,O0092843,P0453,C02078,2025-03-09,2,Not as Described,915.97,2026-06-15 15:11:51
R000295,O0086788,P0188,C03144,2025-01-15,2,Wrong Item,377.1,2025-04-09 13:36:16
R000296,O0037005,P0180,C01203,2026-03-09,1,Wrong Item,330.88,2025-12-21 01:36:44
R000297,O0019552,P0205,C01459,2026-03-13,2,Changed Mind,474.35,2026-05-16 04:12:24
R000298,O0066870,P0113,C04552,2025-05-07,3,Wrong Item,473.37,2026-08-21 05:18:47
R000299,O0070707,P0171,C03291,2025-12-16,1,Not as Described,224.19,2026-07-11 03:33:43
R000300,O0047641,P0064,C04866,2026-05-06,1,Changed Mind,629.9,2025-04-02 07:23:42
R000301,O0094214,P0418,C01535,2026-03-13,1,Damaged,-292.97,2025-06-03 11:03:04
R000302,O0078633,P0196,C00190,2026-01-13,1,Late Delivery,196.15,2025-03-31 04:18:45
R000303,O0062239,P0067,C02565,2025-01-30,2,Damaged,589.12,2025-09-20 05:48:19
R000304,O0069760,P0113,C03991,2025-02-08,3,Damaged,523.61,2026-06-21 01:16:45
R000305,O0034263,P0317,C03380,2025-02-05,1,Damaged,947.07,2025-07-01 01:39:47
R000306,O0043641,P0471,C00186,2026-06-03,1,Late Delivery,534.43,2025-04-25 14:34:15
R000307,O0006532,P0089,C03639,2025-08-31,1,Damaged,248.74,2026-02-19 21:43:40
R000308,O0083325,P0482,C03312,2025-12-16,3,Wrong Item,471.74,2025-09-12 20:07:38
R000309,O0086949,P0300,C00106,2026-04-23,3,Wrong Item,907.69,2025-12-13 08:09:09
R000310,O0024606,P0258,C04336,2025-07-02,3,Late Delivery,201.13,2026-04-19 13:02:29
R000311,O0094918,P0121,C04055,2025-07-25,1,Changed Mind,585.26,2025-05-16 17:21:23
R000312,O0088702,P0248,C02989,2026-01-02,3,Damaged,466.37,2025-11-29 14:22:24
R000313,O0049666,P0366,C01837,2026-05-29,3,Damaged,949.38,2026-05-20 03:02:50
R000314,O0023614,P0115,C03277,2026-08-05,3,Damaged,472.23,2026-07-22 02:28:43
R000315,O9999999,P0318,C04439,2025-09-16,3,Wrong Item,207.82,2026-04-29 01:39:46
R000316,O0018857,P0039,C03140,2026-02-11,1,Wrong Item,868.03,2025-10-25 15:52:44
R000317,O0035555,P0137,C00177,2026-05-03,3,Not as Described,777.37,2025-08-10 15:20:51
R000318,O0084925,P0306,C04647,2026-01-16,2,Changed Mind,842.12,2025-03-14 07:50:30
R000319,O0055101,P0242,C00541,2026-04-05,3,Wrong Item,667.17,2025-02-21 13:55:56
R000320,O0019215,P0141,C02540,2025-05-15,3,Wrong Item,850.73,2025-09-20 16:16:29
R000321,O0094917,P0249,C00186,2025-11-17,3,Changed Mind,739.31,2026-07-08 00:03:38
R000322,O0010038,P0084,C00293,2026-03-04,1,Late Delivery,508.33,2025-09-08 12:26:15
R000323,O0016192,P0081,C04586,2025-04-18,3,Changed Mind,157.28,2026-03-18 10:10:33
R000324,O0089390,P0391,C01500,2025-01-19,2,Wrong Item,854.17,2025-07-02 20:12:32
R000325,O0056819,P0374,C04880,2025-10-15,3,Late Delivery,765.37,2025-03-08 13:55:10
R000326,O0069055,P0339,C01554,2025-12-24,3,Not as Described,512.22,2026-09-26 22:10:22
R000327,O0078437,P0456,C00511,2025-01-28,3,Damaged,814.0,2026-04-13 16:13:21
R000328,O0006456,P0049,C02184,2025-03-11,3,Late Delivery,114.86,2025-05-23 09:14:56
R000329,O0016289,P0181,C02127,2026-07-17,3,Damaged,867.72,2026-04-11 05:43:46
R000330,O0012873,P0198,C03445,2025-11-23,1,Wrong Item,495.14,2025-05-11 21:20:36
R000331,O0048214,P0382,C00236,2026-01-24,2,Changed Mind,418.96,2025-10-23 17:11:31
R000332,O0075708,P0137,C02830,2025-01-17,3,Late Delivery,403.03,2025-10-27 10:59:22
R000333,O0061742,P0412,C00999,2025-05-06,2,Damaged,915.15,2026-07-15 13:43:14
R000334,O0095857,P0183,C04531,2025-03-07,1,Late Delivery,-285.14,2025-04-22 12:57:13
R000335,O0027103,P0419,C03722,2025-05-11,3,Wrong Item,429.04,2025-02-18 16:53:22
R000336,O0038045,P0112,C00396,2025-07-08,1,Wrong Item,376.16,2025-06-02 13:35:40
R000337,O0000690,P0035,C02205,2026-08-01,3,Changed Mind,447.81,2025-11-26 19:42:15
R000338,O0049277,P0179,C03331,2026-06-11,2,Damaged,596.53,2025-09-14 05:47:26
R000339,O0059381,P0339,C00633,2026-08-16,2,Late Delivery,967.88,2025-08-05 02:41:48
R000340,O0038371,P0334,C03921,2026-02-17,3,Changed Mind,327.88,2026-03-05 12:20:57
R000341,O0050950,P0227,C00187,2025-08-05,2,Late Delivery,77.96,2026-04-16 18:30:36
R000342,O0014352,P0498,C02968,2026-01-05,1,Late Delivery,490.13,2025-05-29 16:19:05
R000343,O0062633,P0318,C00310,2026-04-29,1,Changed Mind,783.78,2025-02-23 09:30:07
R000344,O0001250,P0149,C04620,2025-03-24,1,Damaged,148.01,2025-06-30 21:44:56
R000345,O0063349,P0437,C04358,2026-02-07,3,Damaged,880.54,2026-06-03 13:04:58
R000346,O0065030,P0386,C04611,2026-07-19,1,Damaged,282.11,2025-08-18 05:11:12
R000347,O0069369,P0328,C01554,2026-01-29,2,Late Delivery,36.4,2025-08-20 22:33:02
R000348,O0003806,P0192,C01592,2026-01-26,2,Damaged,524.31,2025-07-31 09:32:49
R000349,O0093875,P0483,C02654,2025-06-03,1,Wrong Item,799.34,2025-08-25 05:16:59
R000350,O0041244,P0056,C00174,2026-03-24,3,Late Delivery,341.03,2026-03-08 09:26:57
R000351,O0017066,P0444,C02340,2025-06-04,1,Damaged,815.81,2026-03-29 00:08:44
R000352,O0012027,P0123,C01802,2026-03-21,1,Changed Mind,589.06,2025-12-23 14:55:06
R000353,O0056770,P0083,C04408,2026-06-22,2,Wrong Item,677.18,2025-04-21 17:45:12
R000354,O0035934,P0277,C02027,2026-01-17,1,Damaged,364.88,2025-09-08 11:45:45
R000355,O0032339,P0449,C01945,2025-08-24,2,Changed Mind,839.48,2025-01-29 07:15:14
R000356,O0089413,P0219,C02009,2025-06-17,1,Changed Mind,345.49,2025-04-14 18:09:24
R000357,O0068797,P0464,C02686,2026-03-07,2,Damaged,288.96,2025-08-24 21:38:07
R000358,O0004544,P0245,C02800,2025-01-07,2,Late Delivery,948.79,2025-06-27 22:17:33
R000359,O0046652,P0015,C02814,2026-07-07,3,Late Delivery,430.16,2025-01-14 21:28:06
R000360,O0066284,P0073,C02924,2025-09-12,1,Late Delivery,284.84,2025-06-21 19:05:02
R000361,O0022317,P0259,C03933,2025-11-24,2,Damaged,601.01,2025-05-10 13:26:53
R000362,O0095205,P0228,C03777,2025-05-15,3,Late Delivery,289.49,2026-09-19 10:44:19
R000363,O0083565,P0242,C00583,2025-01-15,1,Late Delivery,340.41,2026-08-20 12:52:59
R000364,O0048164,P0408,C04920,2025-10-31,1,Not as Described,102.64,2026-09-16 03:49:03
R000365,O0016905,P0477,C04248,2025-05-06,1,Late Delivery,804.01,2025-02-24 05:51:45
R000366,O0000002,P0214,C03009,2025-03-09,2,Not as Described,875.39,2025-08-01 11:39:27
R000367,O0015637,P0462,C04290,2025-05-28,2,Not as Described,650.1,2026-08-21 16:32:13
R000368,O0042062,P0449,C03084,2025-05-06,1,Late Delivery,318.65,2026-08-21 03:50:16
R000369,O0018926,P0465,C01402,2025-08-05,2,Late Delivery,609.53,2025-09-25 06:31:48
R000370,O0024925,P0034,C02738,2026-07-04,3,Late Delivery,949.3,2025-11-02 10:21:36
R000371,O0004142,P0269,C00952,2025-01-02,3,Not as Described,607.46,2025-09-01 14:36:25
R000372,O0024309,P0213,C02797,2026-07-31,2,Changed Mind,287.54,2026-09-28 21:28:23
R000373,O0039496,P0166,C02547,2025-05-26,3,Changed Mind,695.13,2025-01-12 07:49:18
R000374,O0013996,P0101,C03811,2025-04-09,1,Damaged,566.5,2025-01-06 09:42:03
R000375,O0057556,P0063,C00485,2025-09-27,1,Wrong Item,801.65,2026-07-03 22:15:38
R000376,O0040974,P0080,C02348,2025-06-08,3,Wrong Item,666.77,2025-01-24 01:31:48
R000377,O0072544,P0492,C01896,2026-08-06,3,Not as Described,349.49,2025-09-05 06:54:43
R000378,O0037773,P0005,C03722,2025-03-28,1,Damaged,86.96,2025-06-14 05:46:37
R000379,O0002117,P0048,C00823,2026-08-16,2,Wrong Item,185.87,2025-04-15 18:52:40
R000380,O0040047,P0028,C00306,2025-02-09,1,Wrong Item,494.32,2026-02-05 06:31:51
R000381,O0016750,P0065,C03874,2025-06-08,2,Wrong Item,557.51,2026-03-11 20:00:13
R000382,O0061405,P0447,C04427,2026-03-30,2,Changed Mind,327.22,2026-02-17 11:22:44
R000383,O0057949,P0486,C02693,2025-11-05,1,Late Delivery,-447.47,2026-04-24 21:47:13
R000384,O0041890,P0157,C02689,2025-03-27,3,Wrong Item,735.34,2025-10-01 01:14:31
R000385,O0024592,P0430,C04364,2025-12-19,2,Damaged,697.05,2025-08-28 21:20:04
R000386,O0033120,P0410,C01367,2025-05-06,3,Not as Described,950.52,2025-08-01 12:02:26
R000387,O0054045,P0321,C01134,2026-08-26,3,Wrong Item,347.43,2026-06-26 16:00:53
R000388,O0081815,P0133,C01898,2026-09-14,2,Damaged,691.43,2025-08-17 11:13:37
R000389,O0024816,P0140,C01835,2025-02-06,2,Changed Mind,287.21,2026-05-19 09:16:00
R000390,O0065248,P0421,C01193,2026-03-31,2,Wrong Item,903.6,2025-06-03 18:22:07
R000391,O0030439,P0254,C01048,2025-05-13,1,Damaged,402.1,2026-03-21 01:42:37
R000392,O0090895,P0413,C01520,2026-06-16,3,Wrong Item,492.96,2025-06-24 16:28:46
R000393,O0058497,P0468,C03511,2026-08-25,3,Late Delivery,130.23,2026-05-23 21:21:24
R000394,O0082511,P0364,C01733,2025-07-28,3,Changed Mind,737.34,2026-05-09 13:01:57
R000395,O0084906,P0206,C00333,2025-04-24,2,Damaged,747.33,2026-06-11 00:58:13
R000396,O0026587,P0349,C03577,2025-05-14,1,Not as Described,598.71,2025-08-11 18:14:18
R000397,O0092133,P0252,C04060,2025-05-24,2,Wrong Item,154.66,2025-04-03 12:42:16
R000398,O0043684,P0089,C01994,2026-01-09,2,Not as Described,199.5,2025-05-04 16:29:24
R000399,O0018757,P0214,C04566,2026-08-02,1,Damaged,881.52,2025-11-30 09:46:53
R000400,O0015193,P0037,C04183,2026-02-14,3,Damaged,577.67,2025-10-16 04:23:34
R000401,O0082685,P0406,C01156,2026-05-29,1,Not as Described,94.66,2026-03-27 03:50:13
R000402,O0047061,P0215,C00157,2026-06-06,1,Changed Mind,224.02,2025-04-03 02:46:45
R000403,O0075292,P0146,C01325,2026-09-14,2,Wrong Item,533.97,2025-10-18 00:14:38
R000404,O0073929,P0372,C00036,2025-02-08,3,Damaged,411.85,2026-04-06 21:33:10
R000405,O0051665,P0227,C03838,2025-08-03,2,Not as Described,795.55,2026-02-13 03:14:01
R000406,O0085166,P0068,C02941,2025-09-10,2,Wrong Item,46.33,2025-05-18 18:24:19
R000407,O0044842,P0075,C01573,2025-04-12,2,Not as Described,220.14,2025-05-12 03:09:45
R000408,O0001924,P0377,C01086,2025-11-14,1,Damaged,78.39,2026-09-08 22:55:54
R000409,O0047804,P0399,C01525,2025-11-16,3,Late Delivery,925.85,2026-06-25 17:31:49
R000410,O0063760,P0352,C03205,2025-10-14,3,Wrong Item,861.63,2025-06-23 05:01:47
R000411,O0041855,P0197,C01521,2026-03-26,2,Late Delivery,218.63,2026-01-27 12:35:44
R000412,O0066993,P0454,C00331,2025-05-12,2,Late Delivery,760.48,2026-09-10 19:58:42
R000413,O0038088,P0421,C03155,2025-12-09,3,Wrong Item,740.61,2026-07-20 08:42:38
R000414,O0016292,P0448,C01953,2025-12-13,3,Changed Mind,750.58,2025-07-27 03:21:51
R000415,O0095358,P0186,C03563,2025-12-24,2,Wrong Item,288.68,2025-01-14 00:15:50
R000416,O0083377,P0146,C01634,2025-08-25,2,Changed Mind,20.55,2025-08-09 14:43:24
R000417,O0049768,P0284,C01152,2025-03-23,3,Damaged,680.38,2026-07-03 00:47:30
R000418,O0032660,P0210,C03058,2025-10-15,1,Late Delivery,812.42,2026-07-17 06:52:30
R000419,O0034131,P0494,C02670,2026-09-03,3,Changed Mind,87.85,2025-11-12 10:20:06
R000420,O0091408,P0138,C04295,2025-07-03,3,Damaged,470.35,2026-02-03 22:25:05
R000421,O0002438,P0287,C02450,2026-03-04,1,Not as Described,947.61,2026-02-05 04:14:12
R000422,O0012392,P0095,C04126,2026-09-25,3,Not as Described,110.65,2026-09-30 20:37:47
R000423,O0048781,P0184,C04028,2025-10-19,3,Not as Described,615.02,2025-07-28 02:46:47
R000424,O0078721,P0158,C02177,2026-04-29,1,Changed Mind,349.73,2026-08-02 08:44:09
R000425,O0013670,P0137,C04653,2026-03-02,3,Late Delivery,951.9,2026-06-23 03:51:54
R000426,O0033997,P0348,C00511,2025-09-19,1,Wrong Item,621.11,2025-02-08 22:00:52
R000427,O0059342,P0292,C01944,2026-03-21,1,Late Delivery,602.36,2025-01-10 05:16:03
R000428,O0059260,P0328,C00203,2025-07-15,3,Not as Described,748.61,2025-10-17 00:53:04
R000429,O0003667,P0218,C03976,2025-11-15,3,Not as Described,288.78,2026-02-21 16:58:33
R000430,O0073540,P0397,C01200,2025-04-29,3,Late Delivery,989.08,2025-01-01 06:47:01
R000431,O0002604,P0334,C00426,2025-03-18,2,Wrong Item,988.82,2025-06-22 01:12:51
R000432,O0036528,P0317,C04489,2026-06-09,1,Not as Described,10.7,2025-03-24 19:23:33
R000433,O0081833,P0031,C01484,2025-06-08,2,Late Delivery,936.96,2025-12-27 00:04:37
R000434,O0053555,P0323,C03222,2026-05-06,3,Late Delivery,825.63,2025-11-14 04:34:35
R000435,O0063598,P0222,C03302,2025-01-07,3,Damaged,291.23,2025-09-11 02:24:39
R000436,O0076427,P0142,C02396,2025-09-04,1,Wrong Item,455.3,2025-02-08 19:25:27
R000437,O0079484,P0065,C01243,2025-11-27,2,Late Delivery,218.66,2025-01-17 09:42:58
R000438,O0021298,P0194,C00431,2026-07-22,1,Wrong Item,801.87,2026-01-28 17:34:08
R000439,O0015963,P0071,C04268,2025-03-31,1,Changed Mind,912.62,2025-02-05 00:14:33
R000440,O0020347,P0214,C04722,2026-03-12,3,Damaged,680.89,2025-01-11 04:30:35
R000441,O0087222,P0133,C02771,2025-12-23,3,Not as Described,681.85,2025-09-26 02:12:23
R000442,O0070692,P0402,C00881,2026-07-23,2,Late Delivery,660.5,2026-07-20 05:16:10
R000443,O0075239,P0201,C04025,2026-06-06,2,Not as Described,432.45,2026-05-07 02:04:39
R000444,O0091356,P0095,C00120,2025-07-28,2,Late Delivery,859.56,2025-01-24 14:48:11
R000445,O0059466,P0053,C01950,2026-09-25,1,Late Delivery,776.19,2026-03-03 02:56:40
R000446,O0071644,P0426,C03511,2025-04-07,1,Changed Mind,247.57,2025-06-26 18:30:05
R000447,O0095458,P0351,C03513,2025-08-22,1,Not as Described,751.99,2026-01-14 01:52:22
R000448,O0029541,P0047,C00972,2025-05-31,1,Not as Described,925.18,2026-01-02 17:43:13
R000449,O0020462,P0393,C04986,2026-08-16,1,Not as Described,906.43,2025-04-24 16:11:38
R000450,O0054401,P0270,C03274,2025-09-13,2,Late Delivery,532.29,2026-05-24 03:13:49
R000451,O0022615,P0385,C03617,2025-11-14,2,Damaged,830.47,2025-10-26 03:15:07
R000452,O0099074,P0353,C01593,2026-02-02,2,Damaged,748.1,2026-05-15 08:54:21
R000453,O0064659,P0400,C02921,2025-10-15,3,Not as Described,638.1,2025-03-07 11:15:59
R000454,O0083972,P0112,C00478,2026-08-17,3,Not as Described,664.16,2026-07-10 07:07:12
R000455,O0061291,P0324,C00500,2026-01-02,2,Late Delivery,369.15,2025-05-30 21:39:19
R000456,O0063038,P0356,C02472,2025-01-03,1,Changed Mind,649.12,2025-02-09 14:10:27
R000457,O0066833,P0478,C01209,2026-09-27,1,Not as Described,449.01,2026-02-22 00:39:14
R000458,O0003989,P0136,C04582,2025-01-11,2,Wrong Item,847.71,2026-02-21 21:56:15
R000459,O0079053,P0488,C03239,2025-09-08,3,Late Delivery,983.53,2025-02-27 19:51:05
R000460,O0005602,P0355,C01279,2025-07-01,3,Late Delivery,957.66,2025-08-09 11:35:52
R000461,O0076199,P0467,C03864,2026-09-26,2,Not as Described,129.46,2025-06-20 11:54:26
R000462,O0003759,P0272,C02915,2026-07-18,2,Late Delivery,592.17,2025-05-02 07:37:07
R000463,O0013063,P0385,C04837,2026-07-22,1,Changed Mind,317.55,2026-08-30 14:14:13
R000464,O0049791,P0025,C04088,2025-11-03,1,Late Delivery,478.52,2026-03-21 17:30:37
R000465,O0096008,P0362,C04516,2025-08-27,3,Wrong Item,87.79,2026-07-31 03:15:13
R000466,O0069398,P0328,C04424,2026-02-14,2,Changed Mind,302.33,2026-02-28 03:15:45
R000467,O0075035,P0466,C00593,2025-02-23,2,Wrong Item,376.39,2026-05-13 12:50:37
R000468,O0020833,P0238,C03761,2025-05-20,1,Changed Mind,458.58,2025-07-30 19:31:33
R000469,O0032297,P0354,C00431,2025-04-25,2,Wrong Item,51.69,2025-09-21 11:06:40
R000470,O0078990,P0475,C00840,2025-06-28,1,Late Delivery,521.12,2026-08-24 10:03:49
R000471,O0086846,P0486,C02977,2026-06-17,2,Late Delivery,915.64,2026-01-08 11:02:21
R000472,O0029446,P0173,C02220,2025-01-23,2,Not as Described,350.79,2025-11-26 07:08:25
R000473,O0077960,P0059,C01072,2025-04-23,2,Changed Mind,907.22,2025-04-26 18:33:00
R000474,O0081567,P0142,C02729,2025-07-06,1,Wrong Item,438.73,2025-04-12 13:01:08
R000475,O0093614,P0422,C02412,2026-02-05,3,Late Delivery,294.91,2026-08-16 04:31:25
R000476,O0072493,P0335,C04965,2025-08-20,1,Late Delivery,944.48,2025-06-09 08:09:39
R000477,O0031648,P0253,C04071,2025-01-10,1,Late Delivery,229.02,2025-04-27 18:00:52
R000478,O0094584,P0261,C04910,2025-12-27,3,Wrong Item,639.25,2026-08-27 00:08:25
R000479,O0059673,P0135,C02411,2026-09-25,2,Wrong Item,350.86,2025-10-15 02:05:44
R000480,O0063712,P0088,C00843,2025-03-13,1,Changed Mind,999.19,2025-08-04 11:24:32
R000481,O0055278,P0236,C03461,2025-01-14,3,Late Delivery,692.16,2026-07-03 19:35:30
R000482,O0091216,P0458,C00724,2025-05-20,3,Wrong Item,409.84,2026-02-08 17:15:13
R000483,O0069477,P0068,C04934,2025-07-04,3,Damaged,714.24,2025-09-28 05:51:42
R000484,O0058588,P0348,C02031,2025-11-06,1,Damaged,544.88,2025-04-17 04:55:33
R000485,O0013756,P0049,C00369,2025-08-05,1,Late Delivery,735.38,2025-06-08 12:03:55
R000486,O0077871,P0291,C03414,2025-05-11,1,Wrong Item,413.54,2025-09-01 08:11:10
R000487,O0080959,P0241,C04337,2026-09-04,2,Late Delivery,609.86,2025-04-12 03:28:03
R000488,O0095038,P0242,C00606,2025-12-10,1,Late Delivery,451.56,2025-12-27 19:41:47
R000489,O0036177,P0359,C02122,2025-10-09,2,Late Delivery,669.45,2025-09-27 21:54:52
R000490,O0003683,P0148,C01306,2025-11-27,1,Late Delivery,81.3,2025-03-31 14:08:04
R000491,O0011509,P0238,C00710,2025-06-24,2,Wrong Item,63.09,2025-02-22 03:38:51
R000492,O0070633,P0132,C01787,2026-02-05,2,Not as Described,837.62,2025-08-19 00:03:13
R000493,O0013515,P0059,C04587,2025-07-19,3,Late Delivery,139.02,2026-02-05 17:03:13
R000494,O0070052,P0276,C02328,2025-04-01,2,Late Delivery,518.44,2026-08-31 00:04:28
R000495,O0037597,P0470,C01806,2025-02-22,2,Wrong Item,628.16,2026-01-21 15:17:31
R000496,O0052497,P0338,C02993,2026-07-16,3,Changed Mind,809.42,2026-07-22 06:42:08
R000497,O0066247,P0185,C04662,2025-07-17,2,Not as Described,602.05,2025-06-01 04:44:35
R000498,O0000794,P0299,C01930,2025-06-02,1,Damaged,464.17,2026-04-20 06:58:49
R000499,O0091129,P0046,C04991,2026-06-04,1,Damaged,168.42,2026-01-20 05:52:38
R000500,O0039593,P0161,C02155,2026-04-13,2,Damaged,533.71,2025-03-26 15:20:40
R000501,O0026604,P0112,C03697,2026-01-11,1,Late Delivery,332.37,2026-03-11 05:11:51
R000502,O0071590,P0074,C03982,2026-09-26,3,Damaged,296.02,2025-05-05 03:52:31
R000503,O0069324,P0366,C03762,2026-06-19,3,Changed Mind,797.77,2025-07-14 20:09:56
R000504,O0099247,P0445,C04878,2025-12-30,3,Not as Described,54.05,2026-03-11 21:37:23
R000505,O0067788,P0076,C00408,2026-06-24,2,Not as Described,190.4,2025-03-20 22:40:10
R000506,O0078935,P0046,C04267,2025-03-20,3,Not as Described,402.7,2025-08-08 16:55:09
R000507,O0040200,P0417,C00624,2025-04-04,3,Damaged,230.42,2026-06-11 09:19:13
R000508,O0053890,P0082,C00319,2026-05-22,1,Wrong Item,627.0,2026-05-04 23:01:45
R000509,O0051276,P0388,C01860,2026-07-11,3,Wrong Item,57.2,2026-03-27 05:09:53
R000510,O0013874,P0357,C04620,2025-04-25,3,Changed Mind,15.02,2026-01-29 03:08:25
R000511,O0085254,P0150,C01643,2025-02-11,1,Changed Mind,285.16,2026-05-04 11:18:30
R000512,O0061362,P0064,C02077,2026-05-03,2,Damaged,443.43,2025-09-18 07:50:14
R000513,O0017609,P0045,C04616,2026-03-22,1,Changed Mind,759.41,2026-07-07 15:36:22
R000514,O0076531,P0044,C02653,2025-05-20,3,Not as Described,457.99,2025-08-26 18:48:40
R000515,O0017209,P0097,C02251,2026-03-23,1,Not as Described,991.23,2026-03-30 17:29:45
R000516,O0081848,P0415,C01487,2026-04-02,3,Not as Described,181.76,2025-01-09 02:04:06
R000517,O0019148,P0482,C03557,2026-01-11,2,Damaged,310.22,2025-07-22 17:14:06
R000518,O0052321,P0319,C02536,2026-03-14,3,Late Delivery,296.05,2026-06-10 06:27:19
R000519,O0034600,P0375,C01394,2026-02-27,3,Damaged,761.04,2025-11-08 21:03:13
R000520,O0098723,P0220,C00299,2026-07-16,1,Damaged,289.05,2025-08-09 01:17:29
R000521,O0081047,P0184,C02688,2026-06-04,2,Late Delivery,180.61,2025-02-28 13:39:23
R000522,O0011083,P0428,C01599,2025-03-14,2,Changed Mind,390.46,2025-10-10 03:28:42
R000523,O0023476,P0451,C04534,2025-12-31,1,Changed Mind,576.69,2025-03-16 11:33:59
R000524,O0017690,P0176,C00705,2025-05-21,3,Wrong Item,264.33,2026-04-03 19:05:17
R000525,O0024043,P0464,C00642,2026-05-20,3,Late Delivery,931.84,2026-04-07 20:47:06
R000526,O0019246,P0176,C01304,2026-08-04,3,Wrong Item,846.99,2025-05-19 03:40:53
R000527,O0041599,P0198,C01989,2026-08-21,1,Changed Mind,343.65,2026-06-23 14:28:01
R000528,O0076540,P0470,C04078,2026-07-24,1,Late Delivery,43.08,2025-12-28 09:40:22
R000529,O0042611,P0405,C02010,2026-01-20,3,Late Delivery,141.14,2026-05-12 20:21:58
R000530,O0008122,P0472,C03434,2026-06-20,3,Not as Described,495.48,2025-07-02 20:07:22
R000531,O0065533,P0443,C03403,2025-05-28,3,Not as Described,347.2,2025-04-11 16:18:09
R000532,O0089223,P0237,C01632,2026-05-12,1,Not as Described,934.7,2025-01-22 05:06:46
R000533,O0079591,P0445,C01980,2025-05-20,2,Not as Described,281.09,2025-08-04 01:47:06
R000534,O0056588,P0335,C01029,2025-07-03,1,Damaged,71.05,2025-09-09 15:44:50
R000535,O0014413,P0246,C03196,2025-04-09,1,Wrong Item,152.76,2025-04-15 04:30:40
R000536,O0083917,P0057,C04648,2026-03-22,2,Damaged,245.38,2026-09-12 06:14:20
R000537,O0003110,P0103,C01735,2025-05-30,3,Not as Described,77.63,2025-08-12 19:23:49
R000538,O0076320,P0014,C00909,2025-07-18,3,Not as Described,846.47,2025-10-02 20:26:11
R000539,O0013590,P0113,C00598,2026-04-11,3,Damaged,816.44,2025-08-25 11:31:10
R000540,O0080927,P0131,C02778,2026-07-06,3,Not as Described,949.64,2026-09-11 20:59:41
R000541,O0025148,P0438,C02749,2026-01-02,3,Late Delivery,90.76,2025-01-25 16:42:05
R000542,O0087209,P0260,C01151,2026-06-07,1,Late Delivery,802.83,2025-07-02 00:21:04
R000543,O0051265,P0120,C00746,2026-08-14,3,Damaged,966.88,2026-06-05 00:17:34
R000544,O0091331,P0011,C00408,2026-02-01,2,Not as Described,741.27,2025-03-14 17:46:11
R000545,O0020966,P0207,C04012,2026-08-15,2,Wrong Item,770.2,2026-01-03 06:11:15
R000546,O0095178,P0066,C00996,2025-12-11,2,Changed Mind,130.75,2025-03-12 13:24:14
R000547,O0073208,P0327,C01356,2025-06-28,3,Late Delivery,932.81,2025-06-26 14:20:30
R000548,O0020352,P0106,C03563,2026-06-18,3,Changed Mind,742.84,2026-08-13 02:45:44
R000549,O0074455,P0269,C00909,2026-03-04,1,Changed Mind,36.84,2025-08-31 21:39:09
R000550,O0060315,P0266,C00790,2025-11-10,2,Late Delivery,866.5,2026-08-04 22:08:10
R000551,O0091976,P0383,C01397,2025-02-24,2,Damaged,212.01,2025-01-04 15:28:17
R000552,O0041507,P0008,C04686,2025-04-11,1,Wrong Item,865.81,2025-09-11 19:43:52
R000553,O0015096,P0156,C00552,2026-03-03,1,Late Delivery,653.04,2026-05-13 10:20:26
R000554,O0089414,P0113,C02033,2025-04-25,3,Changed Mind,268.46,2025-07-20 11:43:31
R000555,O0071490,P0398,C00874,2026-09-10,3,Not as Described,35.16,2026-04-08 11:17:56
R000556,O0056787,P0465,C04968,2025-01-17,2,Damaged,208.46,2026-08-11 18:05:22
R000557,O0076655,P0410,C02903,2025-10-06,3,Late Delivery,389.43,2025-11-19 10:18:07
R000558,O0046482,P0291,C02770,2025-12-10,1,Late Delivery,718.5,2025-08-28 14:58:14
R000559,O9999999,P0209,C02695,2026-05-14,1,Wrong Item,168.36,2025-11-03 20:51:38
R000560,O0003874,P0130,C00347,2026-05-20,1,Changed Mind,945.96,2025-08-07 03:19:46
R000561,O0056223,P0366,C01103,2025-11-23,3,Changed Mind,754.53,2025-12-28 23:21:51
R000562,O0029491,P0019,C04331,2026-06-21,2,Late Delivery,834.88,2025-03-28 13:19:15
R000563,O0086478,P0230,C01340,2025-05-15,1,Changed Mind,53.92,2026-06-04 09:59:35
R000564,O0007402,P0131,C04836,2025-06-25,1,Wrong Item,486.98,2026-07-30 22:09:54
R000565,O0080072,P0303,C01661,2025-03-21,1,Damaged,329.17,2025-05-02 15:44:42
R000566,O0094827,P0108,C03322,2025-05-08,2,Wrong Item,-400.16,2026-06-13 22:04:15
R000567,O0046479,P0101,C00496,2025-02-19,3,Late Delivery,777.8,2026-04-25 16:01:32
R000568,O0089789,P0309,C00185,2025-11-03,3,Wrong Item,819.03,2026-03-05 13:18:33
R000569,O0095538,P0027,C01179,2025-08-29,1,Wrong Item,862.44,2025-12-03 08:24:48
R000570,O0011660,P0378,C04330,2025-11-04,3,Changed Mind,450.23,2025-12-14 21:08:51
R000571,O0063130,P0328,C04090,2026-09-03,2,Not as Described,406.77,2025-03-14 04:16:16
R000572,O0024183,P0132,C03181,2026-05-30,2,Not as Described,676.66,2025-07-28 10:47:12
R000573,O0078333,P0200,C02699,2026-02-20,2,Damaged,977.21,2026-01-01 21:10:29
R000574,O0093886,P0302,C00549,2026-01-01,1,Not as Described,213.07,2026-08-03 22:21:14
R000575,O0095089,P0049,C00612,2026-01-23,1,Damaged,439.39,2025-06-20 15:27:08
R000576,O0057097,P0443,C01041,2025-09-28,3,Changed Mind,483.24,2026-08-21 23:00:53
R000577,O0014444,P0144,C01304,2025-04-14,1,Changed Mind,901.94,2025-06-04 12:50:55
R000578,O0034994,P0086,C00937,2025-03-24,2,Damaged,478.3,2025-06-05 08:55:58
R000579,O0005273,P0312,C01700,2025-12-03,2,Not as Described,638.14,2025-02-11 17:56:50
R000580,O0083869,P0072,C02364,2025-09-22,3,Damaged,124.73,2025-03-15 16:11:48
R000581,O0082945,P0091,C04715,2025-10-25,3,Late Delivery,322.99,2026-06-05 02:31:21
R000582,O0014291,P0471,C00575,2025-03-30,1,Late Delivery,779.08,2025-05-13 07:30:54
R000583,O0014188,P0378,C02853,2025-12-29,2,Changed Mind,477.84,2025-11-28 00:42:44
R000584,O0013812,P0327,C04283,2025-06-25,2,Wrong Item,627.29,2025-02-21 03:32:21
R000585,O0074535,P0449,C03108,2025-10-21,2,Wrong Item,725.12,2025-10-29 20:22:51
R000586,O0097848,P0130,C02412,2025-10-26,3,Damaged,359.12,2025-08-18 16:37:30
R000587,O0055449,P0408,C00177,2026-07-31,2,Wrong Item,786.19,2026-01-24 21:21:12
R000588,O0013003,P0283,C02003,2025-01-09,1,Not as Described,514.12,2025-04-12 19:01:20
R000589,O0068627,P0004,C01580,2025-11-18,1,Damaged,738.1,2026-01-10 22:40:40
R000590,O0008166,P0185,C02732,2025-10-09,3,Not as Described,272.75,2026-05-31 15:53:31
R000591,O0094621,P0164,C02539,2026-06-03,3,Late Delivery,754.1,2026-06-18 08:48:31
R000592,O0048081,P0151,C02491,2025-08-07,1,Late Delivery,944.08,2026-04-17 21:48:10
R000593,O0060103,P0417,C01351,2025-12-19,3,Damaged,971.69,2025-04-28 08:25:53
R000594,O0074038,P0436,C03121,2026-07-22,3,Changed Mind,103.57,2026-05-13 13:18:04
R000595,O0041097,P0269,C03502,2026-04-06,1,Late Delivery,462.75,2025-10-02 10:30:23
R000596,O0066906,P0142,C02313,2025-07-18,3,Late Delivery,725.52,2025-07-26 14:13:56
R000597,O0073137,P0324,C02902,2025-05-11,1,Changed Mind,165.1,2026-01-19 20:49:11
R000598,O0089804,P0336,C00062,2025-12-06,1,Late Delivery,182.35,2026-04-08 08:36:33
R000599,O0001371,P0272,C02881,2025-07-18,3,Changed Mind,798.04,2026-08-12 04:07:04
R000600,O0001518,P0476,C01963,2026-01-05,2,Wrong Item,496.08,2025-01-27 22:37:01
R000601,O0018886,P0403,C04029,2026-06-21,2,Changed Mind,340.71,2025-11-29 20:53:43
R000602,O0047941,P0102,C02710,2025-08-19,2,Not as Described,934.59,2025-07-31 22:30:36
R000603,O0030844,P0306,C02582,2025-01-18,2,Changed Mind,865.13,2026-08-13 11:24:22
R000604,O0021577,P0247,C01257,2025-06-24,2,Not as Described,456.07,2025-02-25 11:04:10
R000605,O0028470,P0426,C01196,2026-05-21,3,Not as Described,88.92,2026-09-07 18:37:54
R000606,O0083264,P0246,C02545,2025-11-17,1,Late Delivery,459.98,2026-09-26 01:04:19
R000607,O0086481,P0038,C03564,2025-11-09,1,Late Delivery,222.07,2026-02-06 09:17:26
R000608,O0070562,P0118,C01232,2026-01-14,1,Wrong Item,425.53,2025-05-04 17:09:38
R000609,O0082627,P0063,C01874,2025-01-11,3,Changed Mind,620.01,2025-04-20 11:20:14
R000610,O0018317,P0104,C02168,2025-11-10,2,Wrong Item,671.75,2025-08-30 09:44:49
R000611,O9999999,P0358,C04947,2025-11-07,1,Damaged,766.24,2025-09-30 11:32:19
R000612,O0076930,P0441,C02083,2025-04-02,1,Late Delivery,813.2,2025-01-25 20:42:52
R000613,O0020567,P0443,C04054,2025-03-26,2,Not as Described,522.7,2025-12-12 01:52:50
R000614,O0041888,P0418,C03808,2026-03-08,3,Late Delivery,59.27,2026-09-08 13:33:47
R000615,O0077444,P0019,C02655,2026-05-12,3,Damaged,931.22,2025-04-08 14:09:50
R000616,O0086005,P0448,C03321,2025-07-19,2,Damaged,269.06,2025-09-18 22:48:48
R000617,O0017085,P0468,C01278,2026-02-16,2,Not as Described,678.91,2026-02-09 19:04:01
R000618,O0072249,P0300,C04552,2025-06-21,2,Not as Described,913.49,2026-08-05 07:21:41
R000619,O0065137,P0414,C03507,2026-09-09,2,Changed Mind,941.35,2026-04-12 14:20:41
R000620,O0094359,P0421,C01965,2026-07-27,3,Damaged,330.83,2026-02-14 08:14:55
R000621,O0003768,P0450,C02779,2025-02-14,1,Wrong Item,640.94,2025-10-26 21:33:01
R000622,O0040925,P0361,C04056,2025-09-08,3,Not as Described,340.84,2025-07-25 00:40:35
R000623,O0087787,P0268,C01203,2026-01-07,1,Not as Described,418.38,2025-04-14 00:19:07
R000624,O0010682,P0105,C00349,2026-02-03,2,Not as Described,195.67,2026-04-27 11:27:26
R000625,O0071387,P0044,C00354,2025-05-06,1,Late Delivery,692.21,2026-08-03 22:31:37
R000626,O0074204,P0119,C01655,2026-03-02,3,Damaged,270.29,2026-01-02 20:22:17
R000627,O0019235,P0262,C04096,2025-06-05,2,Wrong Item,763.6,2026-07-13 01:50:59
R000628,O0038813,P0125,C01642,2026-04-11,2,Damaged,374.15,2025-01-08 01:26:02
R000629,O0032711,P0017,C02577,2025-09-30,3,Late Delivery,479.26,2026-06-03 06:30:21
R000630,O0005316,P0243,C04154,2025-05-22,2,Not as Described,258.95,2026-01-17 11:55:44
R000631,O0090134,P0102,C01637,2025-10-18,3,Not as Described,628.87,2026-07-08 15:08:04
R000632,O0011083,P0471,C03684,2025-06-25,2,Not as Described,570.53,2025-01-09 12:16:40
R000633,O0026909,P0348,C02816,2025-02-19,1,Not as Described,261.54,2025-07-29 18:50:18
R000634,O0055709,P0287,C00494,2025-12-28,3,Late Delivery,67.91,2026-03-03 03:23:03
R000635,O0082442,P0345,C01285,2025-08-22,3,Late Delivery,291.02,2025-08-16 21:30:16
R000636,O0039604,P0355,C03590,2025-11-20,3,Wrong Item,850.72,2025-03-08 08:24:50
R000637,O0020215,P0143,C01069,2025-01-10,3,Late Delivery,545.72,2026-07-09 08:49:24
R000638,O0056649,P0039,C04729,2026-07-25,3,Damaged,396.85,2025-01-24 11:47:25
R000639,O0083410,P0154,C04269,2025-02-14,1,Wrong Item,268.24,2026-02-07 03:37:17
R000640,O0081051,P0338,C01015,2026-01-31,1,Damaged,393.25,2025-01-23 12:11:50
R000641,O0052351,P0376,C01673,2025-01-27,1,Damaged,802.9,2025-06-04 06:55:03
R000642,O0087691,P0006,C03909,2026-01-22,1,Late Delivery,544.92,2026-03-03 12:17:25
R000643,O0012527,P0409,C01362,2025-11-26,3,Changed Mind,976.36,2026-01-31 14:27:35
R000644,O0007134,P0487,C00555,2026-06-16,1,Wrong Item,377.53,2026-05-28 14:51:18
R000645,O0008847,P0348,C03116,2025-09-10,1,Not as Described,191.78,2025-05-09 17:16:23
R000646,O0093788,P0350,C04358,2025-05-17,3,Changed Mind,764.89,2025-08-13 00:04:38
R000647,O0025906,P0257,C02993,2026-02-16,3,Late Delivery,647.37,2026-02-09 19:33:26
R000648,O0021282,P0078,C04164,2025-05-25,3,Wrong Item,799.2,2025-12-26 16:27:18
R000649,O0098145,P0486,C01025,2025-05-15,1,Damaged,97.48,2025-11-12 06:37:58
R000650,O9999999,P0224,C03237,2025-01-01,1,Not as Described,187.94,2025-12-02 03:07:26
R000651,O0045744,P0080,C04710,2025-07-14,2,Wrong Item,331.0,2025-02-11 15:52:49
R000652,O0071690,P0174,C04831,2026-06-23,1,Wrong Item,313.97,2025-10-20 02:50:30
R000653,O0067139,P0112,C02077,2026-01-02,3,Not as Described,436.75,2025-03-04 05:18:41
R000654,O0068233,P0286,C00210,2026-03-04,1,Damaged,274.02,2026-05-07 17:38:34
R000655,O0028057,P0106,C01574,2025-01-18,1,Damaged,402.17,2025-09-23 01:47:34
R000656,O0061866,P0494,C01188,2026-01-06,1,Late Delivery,650.42,2025-01-29 13:18:27
R000657,O0024305,P0155,C02120,2026-07-29,2,Damaged,555.71,2026-03-14 10:25:38
R000658,O0055463,P0194,C02364,2025-12-15,1,Late Delivery,651.18,2026-08-25 11:54:15
R000659,O0009558,P0240,C04403,2026-02-16,3,Late Delivery,370.14,2025-08-29 06:04:22
R000660,O0087686,P0289,C03419,2025-06-28,1,Damaged,565.42,2025-01-16 21:35:05
R000661,O0002265,P0479,C00316,2025-12-21,1,Changed Mind,899.98,2026-06-13 04:21:15
R000662,O0093712,P0085,C03550,2026-08-07,2,Changed Mind,62.22,2026-08-08 17:10:16
R000663,O0028528,P0091,C04783,2026-03-03,2,Wrong Item,757.23,2025-03-28 13:16:27
R000664,O0003317,P0249,C01010,2026-05-12,3,Changed Mind,-794.39,2025-12-08 08:06:51
R000665,O0011183,P0066,C02493,2025-05-08,3,Late Delivery,792.67,2025-01-21 23:32:20
R000666,O0079818,P0114,C01424,2025-06-28,3,Late Delivery,157.36,2026-03-12 09:52:27
R000667,O0078174,P0438,C01578,2026-06-18,1,Not as Described,756.2,2025-09-24 23:40:34
R000668,O0037089,P0298,C01928,2025-12-04,3,Late Delivery,820.99,2025-10-10 14:38:32
R000669,O0042716,P0076,C00658,2025-07-07,2,Late Delivery,90.42,2025-03-19 01:04:52
R000670,O0040738,P0368,C04491,2025-10-08,3,Not as Described,197.23,2025-01-06 00:34:09
R000671,O0040784,P0165,C03373,2025-08-08,3,Wrong Item,65.31,2026-03-21 08:38:59
R000672,O0063533,P0367,C02766,2025-09-09,2,Changed Mind,435.12,2025-06-23 02:00:00
R000673,O0053511,P0362,C00444,2026-02-08,3,Wrong Item,150.84,2025-02-16 06:43:14
R000674,O0077716,P0284,C01541,2025-01-16,3,Wrong Item,436.03,2026-03-31 07:14:36
R000675,O0098239,P0374,C00291,2025-01-15,1,Not as Described,531.9,2025-06-12 00:57:10
R000676,O0090312,P0415,C04284,2025-10-24,1,Changed Mind,987.04,2025-07-18 10:26:56
R000677,O0043938,P0342,C04630,2026-03-22,3,Changed Mind,358.66,2025-10-31 00:23:18
R000678,O0078535,P0258,C03775,2025-04-03,1,Changed Mind,901.06,2026-05-11 19:36:39
R000679,O0082446,P0196,C02649,2025-09-11,2,Not as Described,840.15,2025-07-31 10:59:15
R000680,O0010794,P0143,C02912,2026-04-22,2,Not as Described,169.68,2025-03-13 18:56:59
R000681,O0071612,P0242,C03183,2025-06-29,3,Not as Described,857.52,2025-11-03 15:02:21
R000682,O0028217,P0290,C02108,2026-02-08,1,Not as Described,723.12,2025-03-14 00:42:15
R000683,O0004150,P0241,C03351,2025-11-26,1,Damaged,36.44,2025-11-01 21:35:24
R000684,O0058284,P0142,C00853,2026-04-16,1,Wrong Item,99.21,2026-06-29 16:33:21
R000685,O0007406,P0140,C00163,2025-05-04,3,Wrong Item,121.53,2025-08-12 07:47:38
R000686,O0072273,P0113,C04243,2025-06-04,2,Wrong Item,834.17,2025-06-04 17:03:43
R000687,O0092519,P0122,C02248,2025-10-29,2,Changed Mind,364.25,2025-12-29 18:34:05
R000688,O0034856,P0073,C03482,2026-02-17,2,Changed Mind,595.59,2025-11-06 12:18:12
R000689,O0077546,P0330,C01841,2026-09-28,1,Damaged,587.83,2025-01-15 19:44:01
R000690,O0054174,P0484,C03889,2025-11-07,1,Wrong Item,660.89,2025-06-29 13:11:32
R000691,O0010949,P0397,C04038,2025-06-27,2,Not as Described,993.52,2025-09-24 11:59:55
R000692,O0009729,P0039,C03900,2025-04-22,1,Changed Mind,181.45,2026-05-08 01:48:56
R000693,O0077348,P0018,C02568,2025-09-15,1,Late Delivery,406.12,2025-06-07 18:55:03
R000694,O0008613,P0015,C00500,2025-11-06,3,Late Delivery,374.58,2025-02-24 04:04:30
R000695,O0092625,P0097,C00919,2025-07-09,3,Wrong Item,801.31,2026-06-09 03:52:08
R000696,O0073106,P0285,C03947,2026-08-04,3,Late Delivery,936.92,2025-11-05 07:47:56
R000697,O0068401,P0015,C02848,2026-03-19,2,Not as Described,57.09,2025-06-07 03:37:43
R000698,O0043344,P0483,C01948,2025-04-22,3,Not as Described,262.34,2025-08-06 08:18:45
R000699,O0050939,P0358,C00840,2025-02-17,1,Late Delivery,320.31,2025-07-17 09:13:52
R000700,O0058062,P0262,C04161,2026-06-06,1,Not as Described,879.3,2026-03-21 23:51:16
R000701,O0070450,P0347,C00615,2025-11-04,3,Wrong Item,451.84,2026-03-25 06:00:35
R000702,O0076459,P0236,C02106,2026-08-26,2,Damaged,558.85,2025-06-30 21:32:08
R000703,O0078880,P0238,C02302,2026-08-06,3,Damaged,950.67,2026-06-06 04:42:41
R000704,O0046615,P0119,C00933,2025-08-13,1,Wrong Item,523.51,2026-08-25 12:58:12
R000705,O0051728,P0356,C03893,2026-08-19,2,Late Delivery,235.38,2025-08-16 09:22:26
R000706,O0055612,P0482,C04383,2025-02-02,2,Damaged,579.39,2026-01-16 13:43:37
R000707,O0027862,P0450,C00576,2026-03-10,3,Damaged,847.74,2025-11-06 07:47:56
R000708,O0076691,P0372,C04360,2026-01-29,1,Late Delivery,76.42,2025-05-21 10:39:20
R000709,O0065965,P0161,C04444,2025-04-13,2,Damaged,980.99,2025-04-28 11:20:16
R000710,O0067255,P0251,C04220,2025-07-31,3,Damaged,567.88,2025-02-01 14:07:12
R000711,O0021432,P0291,C04863,2025-06-09,1,Late Delivery,471.85,2026-07-29 21:00:52
R000712,O0077382,P0470,C01415,2026-04-04,2,Changed Mind,576.24,2026-07-25 17:22:43
R000713,O0062794,P0348,C04296,2026-04-23,1,Damaged,60.25,2025-10-27 20:05:41
R000714,O0008937,P0106,C00091,2025-12-31,1,Not as Described,97.53,2025-10-30 16:45:05
R000715,O0039346,P0410,C00952,2025-05-12,1,Changed Mind,719.03,2025-03-20 00:10:07
R000716,O0092262,P0254,C03278,2026-04-23,2,Damaged,537.02,2025-09-26 01:21:21
R000717,O0083548,P0446,C01205,2026-02-06,3,Late Delivery,794.55,2025-05-05 11:11:57
R000718,O0041192,P0149,C04800,2026-03-15,1,Changed Mind,113.41,2025-05-11 17:33:50
R000719,O0030568,P0081,C02468,2026-07-11,2,Wrong Item,598.2,2026-01-17 02:38:13
R000720,O0026465,P0072,C00590,2026-02-05,2,Wrong Item,603.73,2025-06-23 17:33:59
R000721,O0053592,P0337,C02055,2026-06-10,3,Damaged,526.66,2025-07-01 00:37:13
R000722,O0062051,P0004,C01824,2025-01-28,3,Late Delivery,567.83,2026-03-12 17:35:12
R000723,O0002604,P0162,C01474,2026-08-19,2,Changed Mind,403.99,2025-09-29 15:58:21
R000724,O0005760,P0401,C01403,2026-05-29,2,Damaged,-979.01,2026-08-26 13:48:06
R000725,O0036304,P0483,C01711,2025-03-15,2,Wrong Item,606.51,2026-05-13 07:08:18
R000726,O0067014,P0329,C02714,2026-03-08,2,Not as Described,181.42,2025-07-09 11:50:43
R000727,O0002431,P0272,C00757,2026-02-20,2,Wrong Item,255.39,2025-01-21 04:04:17
R000728,O0063477,P0416,C03674,2026-07-14,1,Late Delivery,435.09,2026-06-15 07:05:42
R000729,O0087987,P0414,C02028,2026-06-28,1,Damaged,719.44,2026-04-03 08:47:46
R000730,O0035788,P0312,C03186,2025-10-30,2,Damaged,830.79,2026-09-26 23:48:24
R000731,O0015832,P0285,C00848,2025-12-03,2,Changed Mind,464.46,2026-01-14 01:53:32
R000732,O0021019,P0080,C03349,2025-10-02,3,Changed Mind,392.98,2026-03-01 21:16:59
R000733,O0041237,P0111,C01490,2025-06-01,3,Late Delivery,808.86,2025-07-13 23:14:49
R000734,O0027207,P0158,C04534,2026-08-11,3,Late Delivery,973.58,2025-08-24 04:08:21
R000735,O0090065,P0378,C01343,2025-01-22,1,Changed Mind,998.3,2026-03-29 00:03:37
R000736,O0015701,P0250,C02649,2026-06-20,3,Damaged,355.82,2026-04-15 05:38:13
R000737,O0093930,P0083,C02184,2025-07-01,2,Wrong Item,941.77,2026-06-07 01:13:16
R000738,O0015995,P0053,C04281,2025-04-17,2,Late Delivery,106.02,2025-06-28 13:30:03
R000739,O0010629,P0484,C01024,2025-06-18,3,Not as Described,873.96,2026-05-15 14:34:33
R000740,O9999999,P0198,C03089,2026-02-05,3,Wrong Item,732.24,2026-08-08 11:15:45
R000741,O0082778,P0305,C04026,2026-04-19,3,Wrong Item,663.75,2026-08-18 10:32:56
R000742,O0079974,P0261,C03260,2026-08-29,2,Late Delivery,105.32,2025-02-25 17:09:17
R000743,O0063176,P0495,C01590,2025-06-04,1,Not as Described,516.65,2025-08-27 06:14:13
R000744,O0015245,P0050,C01535,2026-08-07,2,Wrong Item,73.27,2025-10-22 01:13:04
R000745,O0078653,P0079,C01703,2026-07-24,1,Damaged,454.89,2025-07-08 21:47:49
R000746,O0048311,P0027,C02687,2025-03-10,2,Late Delivery,437.74,2026-06-11 11:44:27
R000747,O0080125,P0103,C04409,2026-02-08,3,Damaged,299.34,2026-01-28 15:38:57
R000748,O0047527,P0199,C02307,2025-04-11,2,Wrong Item,198.9,2026-02-01 07:03:54
R000749,O0027272,P0365,C03886,2026-04-23,1,Wrong Item,894.31,2025-12-25 21:38:53
R000750,O0068453,P0172,C03484,2025-01-23,1,Damaged,250.16,2026-02-26 01:29:22
R000751,O0076962,P0122,C02852,2025-10-20,1,Late Delivery,272.66,2025-08-06 13:23:58
R000752,O0073425,P0197,C02280,2026-04-03,1,Late Delivery,541.96,2025-05-25 04:21:17
R000753,O0036510,P0492,C03668,2026-08-20,3,Changed Mind,79.47,2026-06-19 06:36:33
R000754,O0010704,P0129,C00509,2025-12-14,3,Late Delivery,306.83,2025-11-04 11:47:47
R000755,O0093250,P0146,C03044,2025-04-23,1,Not as Described,402.46,2026-04-05 01:32:58
R000756,O0013994,P0256,C03567,2025-12-01,3,Damaged,229.06,2026-09-18 05:26:23
R000757,O0004820,P0278,C03688,2025-08-14,1,Damaged,895.73,2026-05-05 05:20:23
R000758,O0087521,P0086,C04272,2025-02-22,1,Damaged,403.44,2026-09-18 14:05:29
R000759,O0075555,P0335,C03060,2026-06-26,3,Wrong Item,268.08,2025-12-17 00:04:13
R000760,O0038088,P0374,C03661,2026-04-19,3,Not as Described,188.43,2026-01-14 05:07:24
R000761,O0035362,P0057,C03252,2026-05-27,2,Not as Described,174.12,2025-12-09 04:36:24
R000762,O0092106,P0249,C04639,2025-06-08,3,Damaged,361.97,2026-07-17 17:35:24
R000763,O0020177,P0138,C01230,2026-03-18,3,Damaged,649.8,2025-06-25 18:18:00
R000764,O0027846,P0290,C03010,2025-02-28,2,Changed Mind,602.34,2025-07-21 16:05:00
R000765,O0009508,P0199,C04357,2026-05-15,2,Late Delivery,217.07,2025-11-11 12:43:09
R000766,O0091232,P0232,C04003,2025-05-28,3,Late Delivery,651.1,2025-07-06 03:39:45
R000767,O0029388,P0172,C03446,2025-08-22,1,Damaged,189.0,2025-11-10 18:04:42
R000768,O9999999,P0492,C02539,2025-05-09,2,Damaged,806.64,2025-06-22 08:23:49
R000769,O0069243,P0093,C03977,2026-02-03,2,Changed Mind,870.72,2025-01-27 19:40:31
R000770,O0018931,P0107,C02465,2026-09-14,1,Wrong Item,91.22,2026-06-10 05:28:37
R000771,O0033390,P0181,C00044,2026-09-13,1,Late Delivery,473.02,2025-04-12 08:34:44
R000772,O0056641,P0442,C01055,2026-02-26,1,Damaged,501.15,2025-09-07 13:46:55
R000773,O0087471,P0439,C00949,2026-03-11,2,Not as Described,21.95,2026-08-25 07:21:41
R000774,O9999999,P0334,C01028,2026-07-05,1,Changed Mind,794.82,2026-07-20 05:44:55
R000775,O0088311,P0298,C03770,2026-07-24,1,Wrong Item,718.42,2026-05-21 22:55:53
R000776,O0065064,P0331,C04174,2026-02-08,1,Damaged,268.85,2025-01-03 05:22:58
R000777,O0057226,P0028,C01166,2026-07-26,3,Late Delivery,438.07,2026-06-19 18:42:33
R000778,O0079120,P0099,C02813,2025-09-27,3,Changed Mind,775.53,2026-02-14 08:29:58
R000779,O9999999,P0284,C01404,2026-04-26,1,Changed Mind,63.69,2025-03-26 09:14:00
R000780,O0061229,P0328,C01258,2025-09-18,3,Damaged,440.51,2026-02-08 06:14:33
R000781,O0052826,P0390,C04941,2025-05-07,2,Not as Described,739.35,2026-02-06 07:00:34
R000782,O0010583,P0276,C04439,2025-09-12,2,Damaged,991.02,2026-03-12 11:38:32
R000783,O0073255,P0422,C03256,2026-07-12,3,Late Delivery,893.58,2025-07-16 01:35:23
R000784,O0052122,P0156,C02879,2026-02-11,2,Not as Described,479.63,2025-03-10 13:41:04
R000785,O0006898,P0158,C04439,2025-05-14,2,Changed Mind,631.75,2026-09-12 09:58:24
R000786,O0025881,P0139,C02726,2026-05-13,1,Damaged,384.77,2026-05-16 22:56:28
R000787,O0053326,P0219,C00075,2026-06-27,3,Not as Described,270.38,2025-04-25 18:13:44
R000788,O0059003,P0174,C03414,2025-12-30,1,Not as Described,485.95,2026-07-01 12:10:23
R000789,O0056758,P0007,C02488,2026-03-02,3,Wrong Item,584.91,2025-01-21 21:09:24
R000790,O0073457,P0137,C04580,2026-07-10,2,Late Delivery,514.3,2025-08-08 19:40:38
R000791,O0016340,P0448,C03860,2026-06-01,1,Late Delivery,305.11,2025-08-06 15:32:24
R000792,O0035724,P0312,C01730,2025-12-03,1,Late Delivery,175.91,2025-08-01 21:41:02
R000793,O0006397,P0217,C02108,2026-04-29,3,Changed Mind,346.85,2026-04-29 18:22:12
R000794,O0025065,P0104,C01060,2026-04-19,3,Late Delivery,902.65,2025-06-13 22:09:53
R000795,O0037655,P0455,C04789,2025-11-23,1,Changed Mind,732.95,2026-05-09 11:34:39
R000796,O0078843,P0036,C03713,2025-03-29,1,Wrong Item,108.0,2026-06-22 16:38:58
R000797,O0014787,P0402,C03427,2025-11-25,2,Changed Mind,907.57,2025-12-06 16:45:14
R000798,O0030918,P0008,C00874,2026-06-25,2,Changed Mind,963.42,2025-03-25 04:25:36
R000799,O0062704,P0121,C01437,2025-11-19,1,Wrong Item,767.82,2026-02-22 01:00:40
R000800,O0041970,P0252,C03163,2025-05-02,1,Not as Described,109.49,2025-09-27 18:36:36
R000801,O0014072,P0153,C01273,2026-04-04,3,Not as Described,389.75,2026-03-06 18:29:09
R000802,O0003067,P0124,C04306,2025-05-20,1,Late Delivery,938.08,2025-11-21 08:56:23
R000803,O0021137,P0438,C00701,2026-09-24,3,Wrong Item,68.27,2026-05-09 18:33:36
R000804,O0043160,P0015,C04067,2026-03-18,1,Late Delivery,974.27,2026-07-18 22:41:10
R000805,O0098229,P0055,C04876,2025-03-27,3,Changed Mind,834.98,2026-04-16 14:38:08
R000806,O0026650,P0082,C01160,2025-01-13,3,Changed Mind,348.17,2025-07-18 05:11:37
R000807,O0010512,P0487,C04034,2026-03-29,1,Damaged,899.92,2025-04-07 19:25:00
R000808,O0064358,P0192,C02227,2025-08-01,3,Wrong Item,201.68,2026-02-20 17:43:02
R000809,O0029655,P0145,C01657,2026-05-25,1,Wrong Item,230.17,2025-10-29 10:12:32
R000810,O0092595,P0319,C03480,2026-07-01,1,Changed Mind,932.51,2025-03-02 20:30:21
R000811,O0062415,P0404,C01343,2025-05-07,3,Wrong Item,548.41,2025-09-21 12:51:09
R000812,O0080566,P0221,C03673,2025-01-03,3,Not as Described,162.62,2026-05-11 11:11:22
R000813,O0011151,P0202,C00284,2025-07-26,1,Wrong Item,564.58,2025-10-21 21:40:41
R000814,O0080659,P0022,C02908,2025-07-15,3,Wrong Item,489.92,2026-01-28 22:13:13
R000815,O0040711,P0020,C03224,2025-03-03,3,Late Delivery,723.6,2026-07-12 22:29:21
R000816,O0046263,P0076,C03423,2026-01-09,1,Late Delivery,476.95,2026-05-07 09:48:18
R000817,O0056890,P0018,C01764,2026-08-05,2,Not as Described,911.01,2026-01-08 18:36:08
R000818,O0071375,P0375,C01354,2026-01-15,1,Damaged,249.23,2026-02-05 11:40:32
R000819,O0021696,P0438,C02562,2025-12-23,1,Changed Mind,489.41,2025-06-25 19:44:28
R000820,O0012594,P0341,C00834,2025-03-10,2,Late Delivery,149.85,2025-09-11 01:46:45
R000821,O0084571,P0403,C01873,2026-08-12,2,Damaged,22.31,2026-05-11 09:36:42
R000822,O0095494,P0234,C00960,2025-05-13,1,Late Delivery,743.7,2025-05-11 20:54:03
R000823,O0026094,P0236,C01597,2026-05-13,1,Wrong Item,964.75,2025-01-29 22:36:50
R000824,O0066214,P0500,C04825,2026-03-22,3,Wrong Item,818.36,2026-05-01 02:23:04
R000825,O0085358,P0400,C04347,2025-02-25,1,Changed Mind,879.18,2025-10-12 11:07:03
R000826,O0024796,P0422,C04876,2026-04-26,1,Wrong Item,741.03,2025-12-01 09:36:46
R000827,O0023136,P0006,C00415,2025-01-04,3,Not as Described,15.59,2025-02-24 19:16:47
R000828,O0074034,P0329,C00351,2025-12-17,2,Changed Mind,659.56,2026-06-25 21:09:00
R000829,O0036948,P0438,C00412,2025-05-11,2,Wrong Item,707.0,2026-03-10 18:32:25
R000830,O0017131,P0384,C02683,2025-02-11,3,Late Delivery,225.96,2025-11-07 16:19:07
R000831,O0020748,P0002,C03514,2025-07-06,3,Late Delivery,191.79,2025-12-13 20:15:05
R000832,O0079100,P0478,C00534,2026-02-13,2,Changed Mind,286.74,2025-09-28 15:11:59
R000833,O0080795,P0124,C02246,2025-12-24,2,Damaged,351.7,2025-08-29 14:25:51
R000834,O0023495,P0077,C02523,2026-03-05,3,Damaged,304.55,2026-09-03 14:37:48
R000835,O0024596,P0385,C03282,2026-06-12,3,Late Delivery,730.19,2026-07-12 16:04:48
R000836,O0033825,P0275,C03937,2026-01-08,3,Wrong Item,370.66,2025-03-01 01:19:38
R000837,O0052386,P0383,C03347,2025-07-30,1,Not as Described,216.58,2025-09-22 03:44:58
R000838,O0047463,P0413,C03839,2026-04-06,3,Changed Mind,497.6,2025-08-21 00:04:38
R000839,O0055575,P0152,C01238,2025-10-23,1,Not as Described,740.22,2026-09-19 19:52:59
R000840,O0085085,P0418,C02915,2025-05-26,2,Changed Mind,695.17,2026-07-17 20:03:04
R000841,O0078250,P0159,C01384,2026-02-21,3,Late Delivery,706.67,2025-07-30 02:14:50
R000842,O0063245,P0105,C02882,2025-04-22,2,Changed Mind,207.22,2025-08-07 05:41:59
R000843,O0047078,P0068,C04739,2025-12-21,2,Not as Described,451.58,2026-05-26 07:21:01
R000844,O0064556,P0111,C00217,2025-11-14,1,Damaged,248.77,2026-01-27 08:41:48
R000845,O0087867,P0263,C00777,2026-05-28,3,Not as Described,791.54,2026-04-20 07:39:01
R000846,O9999999,P0173,C00245,2026-07-04,3,Late Delivery,809.4,2025-10-13 03:19:23
R000847,O0079526,P0115,C02123,2025-10-25,2,Changed Mind,794.64,2026-02-10 19:39:31
R000848,O0077960,P0030,C04447,2026-07-28,2,Not as Described,699.12,2025-04-04 12:26:44
R000849,O0059448,P0081,C01186,2026-05-10,3,Damaged,421.17,2025-12-28 23:11:31
R000850,O0016176,P0311,C02037,2026-04-22,1,Wrong Item,420.76,2025-01-15 11:08:31
R000851,O0054421,P0013,C01807,2025-01-27,2,Late Delivery,852.86,2025-02-27 10:08:36
R000852,O0013666,P0054,C02555,2026-01-14,2,Damaged,388.42,2026-02-28 15:41:02
R000853,O0011290,P0100,C02801,2026-05-26,2,Wrong Item,62.12,2026-08-12 00:24:32
R000854,O0032154,P0244,C04809,2025-12-27,2,Not as Described,71.04,2026-02-25 08:14:42
R000855,O0047467,P0061,C00729,2025-02-16,1,Changed Mind,754.66,2025-03-01 20:31:45
R000856,O0020321,P0146,C04329,2025-02-22,3,Damaged,465.11,2025-11-13 21:16:48
R000857,O0010120,P0119,C04178,2025-05-28,1,Damaged,437.94,2025-11-27 08:56:53
R000858,O0055199,P0065,C02235,2026-07-24,3,Damaged,281.23,2025-07-13 07:50:59
R000859,O0082934,P0465,C03894,2026-04-11,1,Damaged,702.51,2025-03-19 03:11:12
R000860,O0070915,P0298,C02069,2026-08-13,2,Wrong Item,485.35,2025-08-17 06:35:25
R000861,O0072656,P0048,C03142,2025-01-30,1,Wrong Item,678.92,2026-03-25 21:54:44
R000862,O0090863,P0062,C03250,2025-10-14,1,Not as Described,369.09,2025-12-20 00:25:00
R000863,O0063211,P0207,C02205,2026-05-11,2,Not as Described,876.22,2026-09-25 08:16:52
R000864,O0019379,P0360,C03757,2026-02-10,2,Not as Described,577.44,2026-01-31 05:49:50
R000865,O0049407,P0052,C04660,2025-11-21,2,Not as Described,801.06,2025-04-12 17:58:30
R000866,O0015659,P0377,C03021,2025-03-12,2,Wrong Item,998.86,2026-08-26 11:05:00
R000867,O0043951,P0356,C02769,2026-04-06,3,Damaged,661.2,2025-08-02 01:10:13
R000868,O0038727,P0044,C01308,2025-06-25,2,Damaged,704.44,2025-07-05 10:15:39
R000869,O0076247,P0383,C03986,2025-11-23,3,Wrong Item,475.18,2026-01-23 09:12:31
R000870,O0039088,P0447,C02122,2026-03-11,2,Not as Described,134.96,2026-03-27 12:06:38
R000871,O0062071,P0461,C03634,2026-05-01,1,Changed Mind,413.39,2025-04-06 14:01:43
R000872,O0023401,P0165,C02357,2026-05-09,2,Changed Mind,515.44,2026-06-26 07:18:44
R000873,O0077393,P0406,C04008,2025-12-03,2,Not as Described,887.99,2025-12-04 16:37:33
R000874,O0047394,P0218,C03522,2025-02-11,2,Late Delivery,772.82,2025-06-07 16:10:36
R000875,O0027088,P0284,C02398,2025-04-03,3,Not as Described,426.13,2026-09-15 15:07:29
R000876,O0018447,P0307,C04240,2025-04-22,2,Damaged,513.15,2026-07-22 06:55:33
R000877,O0019757,P0452,C01186,2025-03-19,1,Changed Mind,668.5,2026-05-12 00:32:38
R000878,O0084500,P0238,C00869,2026-06-28,2,Wrong Item,50.9,2025-10-28 15:27:23
R000879,O0028238,P0324,C02798,2026-09-11,2,Late Delivery,347.11,2025-05-08 18:39:36
R000880,O0017569,P0216,C04616,2025-05-18,1,Damaged,271.19,2025-04-02 19:14:31
R000881,O0056919,P0336,C02236,2026-08-31,1,Not as Described,933.64,2026-04-20 16:54:25
R000882,O0005537,P0429,C02093,2025-10-01,1,Late Delivery,696.87,2025-07-06 07:49:29
R000883,O0057561,P0478,C02391,2026-02-08,1,Not as Described,524.93,2026-05-26 13:39:59
R000884,O0038435,P0393,C03937,2025-11-25,3,Damaged,838.1,2026-09-21 02:46:25
R000885,O0002949,P0300,C02546,2025-12-27,3,Wrong Item,399.67,2026-06-25 02:32:14
R000886,O0054860,P0170,C04207,2026-06-11,1,Wrong Item,643.42,2026-02-22 15:39:24
R000887,O0047899,P0267,C04466,2026-05-21,1,Not as Described,870.88,2026-04-04 19:52:08
R000888,O0049747,P0164,C00811,2025-07-18,1,Damaged,299.11,2026-06-29 06:09:27
R000889,O0097578,P0324,C02232,2025-03-06,1,Not as Described,744.3,2025-09-28 23:53:26
R000890,O0094419,P0050,C00444,2025-04-06,3,Damaged,56.67,2025-04-22 02:29:31
R000891,O0021324,P0257,C04205,2025-05-03,2,Changed Mind,723.2,2026-07-03 15:58:43
R000892,O0002949,P0269,C03247,2025-02-19,1,Damaged,268.63,2026-04-06 03:52:43
R000893,O0078850,P0406,C01251,2026-02-26,3,Damaged,830.09,2025-06-22 14:27:08
R000894,O0095068,P0110,C02224,2026-06-19,2,Not as Described,814.25,2026-01-05 17:07:00
R000895,O0050167,P0128,C02660,2026-04-03,3,Late Delivery,75.89,2026-07-28 23:20:26
R000896,O0090920,P0385,C03814,2026-05-02,2,Changed Mind,321.6,2026-02-11 19:07:35
R000897,O0064456,P0074,C01705,2025-04-25,1,Damaged,87.56,2026-08-07 14:29:44
R000898,O0077493,P0128,C02186,2026-08-24,3,Late Delivery,744.88,2025-02-19 17:33:44
R000899,O0067706,P0427,C03925,2026-06-06,1,Wrong Item,259.21,2026-02-01 18:54:58
R000900,O0045951,P0294,C04102,2025-04-23,1,Late Delivery,907.34,2025-03-08 11:04:23
R000901,O0047362,P0419,C03573,2026-05-19,2,Late Delivery,743.03,2026-09-09 16:24:03
R000902,O0035552,P0409,C01288,2025-06-09,2,Late Delivery,107.96,2026-04-27 23:19:19
R000903,O0069129,P0296,C04862,2025-05-12,3,Late Delivery,299.13,2025-11-20 06:51:40
R000904,O0055726,P0353,C03177,2025-11-03,2,Late Delivery,203.27,2026-03-29 15:14:00
R000905,O0035034,P0256,C00543,2025-07-22,3,Late Delivery,538.11,2025-01-07 05:09:49
R000906,O0036937,P0092,C03240,2025-05-13,2,Not as Described,678.53,2025-04-03 19:24:19
R000907,O0037572,P0460,C01012,2025-03-05,2,Damaged,926.05,2025-11-27 17:17:57
R000908,O0005810,P0330,C01801,2025-04-24,3,Changed Mind,520.01,2025-07-21 07:14:37
R000909,O0053293,P0411,C00461,2025-10-13,2,Late Delivery,631.87,2025-05-05 07:23:08
R000910,O0034721,P0460,C02499,2025-12-21,3,Late Delivery,995.87,2025-03-09 10:50:06
R000911,O0057395,P0071,C04303,2026-02-08,3,Changed Mind,913.71,2026-04-22 15:37:25
R000912,O0085185,P0186,C04778,2026-09-02,1,Wrong Item,195.52,2026-02-14 14:19:08
R000913,O0070213,P0135,C02265,2025-10-07,1,Changed Mind,511.6,2026-08-03 01:46:44
R000914,O0017270,P0355,C01795,2026-08-26,1,Not as Described,786.14,2025-09-25 09:30:20
R000915,O0031778,P0061,C00738,2025-09-24,3,Late Delivery,976.86,2025-01-22 04:28:54
R000916,O0062362,P0174,C03629,2025-07-19,2,Changed Mind,640.76,2026-05-08 14:00:33
R000917,O0083192,P0268,C04426,2025-03-17,3,Late Delivery,781.01,2026-06-17 03:00:31
R000918,O0028284,P0262,C02398,2026-03-22,1,Not as Described,606.36,2025-10-21 10:24:54
R000919,O0030760,P0151,C03072,2026-09-29,3,Wrong Item,926.87,2025-04-10 14:47:37
R000920,O0009266,P0345,C02392,2026-06-13,3,Damaged,444.55,2026-06-26 07:12:20
R000921,O0013380,P0325,C04271,2025-01-27,3,Not as Described,879.86,2026-06-26 21:13:22
R000922,O0048362,P0200,C00155,2025-11-21,2,Not as Described,166.36,2026-08-07 21:49:50
R000923,O0046717,P0062,C00611,2025-12-19,1,Not as Described,704.79,2025-03-10 17:32:14
R000924,O0042510,P0384,C00168,2025-11-29,3,Damaged,307.81,2025-01-05 04:12:03
R000925,O0054095,P0388,C00561,2025-02-27,1,Not as Described,-465.45,2025-07-06 05:17:02
R000926,O0034296,P0002,C03961,2025-02-02,3,Not as Described,493.17,2025-01-21 01:59:20
R000927,O0015897,P0126,C03018,2026-01-14,2,Wrong Item,835.99,2026-07-01 16:17:17
R000928,O0032278,P0228,C03465,2025-07-18,3,Wrong Item,295.57,2025-12-06 11:03:17
R000929,O0049507,P0070,C00822,2025-08-19,3,Changed Mind,913.99,2026-05-23 04:49:37
R000930,O0055823,P0486,C03751,2025-08-27,2,Wrong Item,611.96,2026-04-01 08:59:28
R000931,O0017395,P0427,C01463,2025-04-03,3,Damaged,968.66,2026-01-29 07:27:32
R000932,O0018345,P0391,C00861,2026-03-14,2,Changed Mind,152.77,2026-04-24 16:24:47
R000933,O0078734,P0355,C02138,2025-12-08,3,Wrong Item,766.94,2026-04-11 14:30:15
R000934,O0061409,P0353,C03317,2025-01-18,1,Not as Described,494.78,2025-05-20 18:35:55
R000935,O0041784,P0340,C02768,2025-05-18,2,Damaged,29.17,2025-12-28 14:18:37
R000936,O0075027,P0127,C00346,2026-03-07,3,Damaged,205.15,2026-09-15 16:57:56
R000937,O0019986,P0425,C02753,2026-08-02,1,Not as Described,305.88,2026-09-24 17:27:51
R000938,O0005719,P0165,C02722,2026-09-09,2,Damaged,184.07,2026-02-05 12:24:10
R000939,O0055605,P0087,C02241,2026-06-02,2,Changed Mind,-148.7,2026-01-06 19:04:03
R000940,O0092939,P0258,C02626,2026-03-20,1,Changed Mind,306.85,2026-07-21 12:14:03
R000941,O0070863,P0418,C04282,2025-03-07,1,Wrong Item,312.9,2025-11-29 15:56:47
R000942,O0079337,P0072,C00064,2026-06-15,3,Changed Mind,-608.18,2026-03-13 02:25:45
R000943,O0009429,P0271,C04997,2026-02-24,2,Not as Described,933.37,2025-02-22 09:13:31
R000944,O0035685,P0218,C01697,2026-02-07,2,Damaged,492.46,2026-03-23 11:09:23
R000945,O0086510,P0143,C04816,2026-06-22,3,Late Delivery,918.48,2026-07-03 14:57:20
R000946,O0009822,P0085,C02402,2025-10-07,1,Late Delivery,509.61,2026-09-16 08:17:26
R000947,O0088572,P0392,C04643,2025-08-10,3,Not as Described,744.02,2025-03-10 08:46:20
R000948,O0066448,P0191,C04212,2026-04-19,2,Late Delivery,171.64,2025-09-28 19:05:22
R000949,O0080493,P0346,C01259,2026-07-10,1,Not as Described,880.68,2026-09-13 17:15:09
R000950,O0052695,P0151,C03228,2026-02-16,3,Wrong Item,241.9,2026-03-28 00:51:57
R000951,O0025228,P0434,C00754,2025-01-06,1,Changed Mind,781.98,2026-09-10 06:04:47
R000952,O0085072,P0395,C00056,2026-07-23,1,Not as Described,296.79,2025-02-20 22:48:17
R000953,O0083070,P0201,C03076,2026-04-05,1,Not as Described,835.54,2025-08-15 09:11:10
R000954,O0021091,P0181,C03381,2025-01-28,1,Late Delivery,169.69,2026-07-22 17:15:29
R000955,O0031440,P0114,C03043,2026-06-03,2,Wrong Item,333.96,2025-01-16 05:12:14
R000956,O0072782,P0317,C03010,2025-11-12,3,Not as Described,833.39,2025-02-23 05:16:22
R000957,O0024370,P0037,C00908,2025-12-06,3,Damaged,275.74,2025-07-24 16:40:33
R000958,O0099884,P0337,C02005,2025-06-23,2,Damaged,11.48,2026-04-26 17:56:44
R000959,O0005055,P0351,C03208,2025-02-28,3,Late Delivery,273.31,2025-07-14 19:34:59
R000960,O0061464,P0335,C03281,2025-02-16,1,Wrong Item,24.7,2025-09-16 12:44:31
R000961,O0029892,P0044,C04045,2025-02-25,3,Wrong Item,861.6,2026-01-05 10:33:36
R000962,O0008114,P0470,C00335,2025-06-14,3,Wrong Item,777.64,2025-10-04 01:48:28
R000963,O0022486,P0371,C01397,2025-09-20,1,Not as Described,123.3,2026-01-07 15:40:04
R000964,O0053809,P0025,C03053,2026-05-11,1,Late Delivery,383.24,2025-08-06 12:34:03
R000965,O0081099,P0189,C04395,2026-06-01,1,Late Delivery,975.56,2026-07-01 14:29:33
R000966,O0020641,P0398,C03698,2026-07-12,3,Damaged,772.35,2025-03-20 11:28:51
R000967,O0080480,P0350,C04339,2026-08-06,1,Damaged,22.72,2026-04-13 07:18:39
R000968,O0038302,P0124,C04440,2025-08-18,2,Damaged,168.4,2026-09-10 15:44:40
R000969,O0078298,P0302,C01749,2025-07-13,1,Not as Described,691.75,2026-05-31 13:20:02
R000970,O0064186,P0308,C00305,2025-01-17,2,Not as Described,853.49,2026-05-09 14:30:01
R000971,O0095694,P0014,C01663,2026-09-15,2,Not as Described,105.57,2026-09-23 06:55:31
R000972,O0065670,P0010,C04543,2025-01-26,2,Late Delivery,906.87,2025-12-24 08:47:30
R000973,O0014434,P0097,C03822,2025-11-17,1,Damaged,988.33,2026-09-16 13:40:14
R000974,O0064099,P0176,C02286,2025-02-27,3,Changed Mind,230.79,2025-12-08 11:13:09
R000975,O0038035,P0141,C02805,2025-02-25,2,Wrong Item,665.9,2025-06-03 05:32:41
R000976,O0094768,P0197,C00874,2026-02-14,3,Late Delivery,937.8,2026-07-12 06:39:12
R000977,O0071018,P0169,C03641,2025-10-11,3,Changed Mind,681.09,2025-04-04 22:56:52
R000978,O0022133,P0365,C02546,2025-06-05,1,Changed Mind,717.62,2026-08-02 23:48:00
R000979,O0069793,P0295,C00235,2026-05-17,2,Not as Described,767.42,2026-01-27 08:00:56
R000980,O0019308,P0311,C02619,2026-04-26,3,Wrong Item,18.41,2025-03-04 06:25:41
R000981,O0088249,P0226,C01716,2026-01-14,3,Wrong Item,414.22,2025-08-02 03:04:47
R000982,O0086036,P0430,C03354,2026-05-08,1,Changed Mind,559.49,2026-07-03 13:47:49
R000983,O0090735,P0487,C03905,2026-06-24,2,Late Delivery,933.3,2026-05-07 07:44:46
R000984,O0095014,P0288,C04085,2025-10-15,2,Wrong Item,357.08,2025-04-29 03:18:50
R000985,O0018210,P0141,C00159,2026-07-24,2,Not as Described,947.03,2026-06-15 07:51:47
R000986,O0014453,P0119,C02721,2026-08-25,2,Changed Mind,872.92,2025-12-15 23:32:43
R000987,O0028828,P0464,C00520,2025-09-07,3,Damaged,380.55,2026-03-26 17:19:45
R000988,O0058537,P0385,C00391,2025-04-12,2,Damaged,204.27,2026-03-30 05:44:07
R000989,O0008295,P0002,C01283,2025-07-16,1,Late Delivery,40.47,2026-07-10 16:47:01
R000990,O0052125,P0299,C04271,2025-06-02,2,Late Delivery,987.05,2025-01-09 16:06:22
R000991,O0032290,P0156,C04927,2026-05-07,3,Not as Described,751.63,2026-09-17 12:04:59
R000992,O0033346,P0135,C01895,2026-02-01,3,Not as Described,868.25,2025-06-26 03:40:56
R000993,O0005501,P0045,C03461,2025-04-03,3,Not as Described,547.11,2025-06-25 01:48:50
R000994,O0097572,P0436,C01760,2025-04-01,2,Late Delivery,577.97,2026-04-13 15:18:28
R000995,O0044935,P0376,C00652,2026-02-11,1,Damaged,100.06,2025-03-10 23:18:02
R000996,O0013654,P0203,C02961,2025-10-13,2,Late Delivery,361.78,2025-04-18 08:15:59
R000997,O0081742,P0343,C04628,2025-10-17,3,Damaged,159.33,2025-05-21 11:20:44
R000998,O0007896,P0456,C00600,2026-04-17,1,Damaged,433.44,2025-04-02 10:37:13
R000999,O0065470,P0110,C03043,2026-07-30,3,Changed Mind,980.22,2026-05-17 05:47:51
R001000,O0087702,P0184,C03856,2025-01-31,3,Damaged,964.64,2025-02-10 05:42:48
R001001,O0027284,P0299,C02204,2025-05-05,1,Not as Described,275.09,2025-05-11 00:41:24
R001002,O0004181,P0146,C01516,2025-08-13,2,Damaged,927.0,2026-08-12 09:36:55
R001003,O0081197,P0404,C04830,2026-04-13,1,Wrong Item,186.28,2026-02-27 22:25:01
R001004,O0053783,P0370,C04679,2026-08-03,2,Damaged,-422.86,2026-03-09 11:20:40
R001005,O0039317,P0354,C02517,2025-12-22,1,Damaged,386.31,2025-08-29 08:51:18
R001006,O0027629,P0162,C02469,2025-06-04,2,Wrong Item,567.37,2025-01-15 15:07:30
R001007,O0068465,P0379,C00336,2026-04-30,1,Damaged,136.13,2026-02-15 02:49:05
R001008,O0068380,P0214,C03951,2026-05-11,2,Late Delivery,216.54,2025-05-09 17:29:05
R001009,O0008558,P0309,C04495,2025-05-21,3,Changed Mind,323.58,2025-01-18 00:17:19
R001010,O0022260,P0108,C03521,2026-02-20,2,Not as Described,225.82,2025-02-16 16:24:13
R001011,O0045373,P0145,C02076,2025-03-18,2,Damaged,874.89,2026-06-30 11:21:48
R001012,O0017211,P0233,C04163,2026-06-03,1,Not as Described,588.69,2026-05-26 09:33:51
R001013,O0052989,P0369,C01621,2025-08-14,2,Not as Described,533.87,2026-04-15 06:49:02
R001014,O0059888,P0198,C02994,2025-04-25,3,Changed Mind,685.49,2025-03-09 16:32:59
R001015,O0067514,P0211,C01540,2026-03-06,2,Damaged,963.04,2025-06-15 00:46:25
R001016,O0071618,P0280,C00642,2025-12-11,2,Late Delivery,788.98,2025-11-04 18:52:04
R001017,O0025608,P0226,C00161,2026-06-19,1,Late Delivery,910.46,2026-03-18 04:50:01
R001018,O0009081,P0451,C02924,2025-10-07,2,Damaged,762.15,2026-05-14 20:02:18
R001019,O0094939,P0261,C04303,2025-12-20,1,Not as Described,335.11,2025-03-23 16:17:55
R001020,O0019496,P0062,C01596,2025-10-24,2,Changed Mind,58.56,2025-03-04 11:49:27
R001021,O0031628,P0200,C00965,2025-11-06,3,Not as Described,321.97,2025-12-26 13:12:15
R001022,O0000961,P0310,C03764,2025-04-30,3,Changed Mind,704.75,2025-02-25 03:51:04
R001023,O0062859,P0137,C01097,2025-10-20,3,Changed Mind,533.21,2026-09-05 12:17:55
R001024,O0035755,P0089,C00124,2025-11-07,3,Changed Mind,48.43,2026-09-05 03:13:16
R001025,O0082407,P0306,C03319,2025-09-20,2,Not as Described,245.41,2026-08-09 17:50:49
R001026,O0014503,P0492,C00137,2025-03-06,2,Late Delivery,687.39,2025-06-17 14:21:33
R001027,O0039061,P0078,C01605,2026-03-29,1,Changed Mind,514.39,2025-10-09 10:02:29
R001028,O0060513,P0215,C01537,2025-07-22,3,Damaged,32.94,2025-11-03 10:20:48
R001029,O0037692,P0451,C03056,2025-02-28,1,Not as Described,284.71,2026-03-31 18:39:53
R001030,O0064314,P0450,C03147,2025-02-25,2,Wrong Item,870.07,2026-05-12 01:35:09
R001031,O0032188,P0175,C02089,2026-09-19,1,Late Delivery,474.63,2025-05-20 17:28:49
R001032,O0099704,P0378,C03784,2026-08-08,3,Changed Mind,398.13,2025-11-13 15:57:19
R001033,O0040268,P0058,C03352,2025-06-13,1,Late Delivery,694.42,2026-03-04 07:06:10
R001034,O0073518,P0115,C01484,2025-04-04,3,Damaged,600.42,2026-07-01 08:09:21
R001035,O0061667,P0447,C03581,2025-07-08,2,Damaged,40.96,2025-10-30 22:20:53
R001036,O0005189,P0190,C02888,2026-02-20,3,Not as Described,834.41,2025-07-27 20:59:13
R001037,O0016582,P0196,C01450,2025-10-10,2,Damaged,120.44,2026-06-12 06:42:24
R001038,O0003562,P0314,C04439,2026-09-10,3,Wrong Item,289.7,2026-05-17 19:38:44
R001039,O0073671,P0076,C02880,2026-01-07,3,Late Delivery,833.31,2025-11-08 04:35:22
R001040,O0086117,P0394,C01919,2025-08-29,2,Not as Described,397.2,2026-02-11 09:51:12
R001041,O0025877,P0385,C02989,2025-06-19,2,Not as Described,385.88,2026-05-28 17:51:34
R001042,O0060758,P0498,C01535,2026-09-06,3,Not as Described,203.41,2025-09-17 13:45:35
R001043,O0088450,P0159,C02212,2026-09-12,1,Wrong Item,657.83,2025-05-03 21:41:39
R001044,O0048712,P0027,C00127,2026-06-29,3,Not as Described,439.79,2025-08-07 22:20:16
R001045,O0078718,P0337,C04796,2025-11-05,2,Not as Described,540.47,2025-12-04 05:37:52
R001046,O0011419,P0316,C01076,2025-01-16,2,Changed Mind,172.31,2025-01-02 23:00:26
R001047,O0091456,P0466,C02326,2026-05-18,3,Wrong Item,698.6,2026-09-15 18:33:35
R001048,O0036945,P0358,C00027,2025-04-08,1,Damaged,916.36,2026-04-10 00:54:50
R001049,O0099868,P0205,C00208,2025-07-19,2,Changed Mind,561.81,2025-10-08 08:30:22
R001050,O0029185,P0406,C04737,2025-05-14,1,Damaged,590.87,2025-04-26 07:46:34
R001051,O0038735,P0134,C01671,2025-05-03,2,Damaged,36.35,2026-01-17 00:12:25
R001052,O0033622,P0165,C04900,2025-09-21,1,Late Delivery,657.11,2026-03-19 05:29:38
R001053,O0013772,P0455,C01012,2026-03-25,2,Late Delivery,375.9,2025-04-19 03:13:36
R001054,O0065583,P0036,C01916,2025-06-09,2,Late Delivery,237.4,2026-06-04 11:13:49
R001055,O0003200,P0238,C00694,2026-05-26,1,Late Delivery,56.71,2025-04-04 00:46:37
R001056,O0084704,P0152,C01398,2025-05-06,3,Not as Described,142.34,2025-12-28 12:03:07
R001057,O0049544,P0479,C02869,2026-06-04,2,Changed Mind,150.77,2025-06-17 00:35:43
R001058,O0042800,P0084,C04540,2025-05-05,1,Not as Described,901.53,2025-09-29 04:00:35
R001059,O0040219,P0054,C00323,2026-01-11,3,Changed Mind,111.24,2025-01-10 19:20:54
R001060,O0002158,P0062,C01111,2026-03-21,3,Damaged,349.53,2026-06-11 20:51:47
R001061,O0074378,P0376,C03434,2025-11-30,2,Changed Mind,341.1,2025-06-04 03:26:57
R001062,O0049380,P0049,C02014,2025-09-04,3,Late Delivery,571.55,2025-05-12 00:13:54
R001063,O0054645,P0099,C04106,2026-01-16,2,Changed Mind,650.92,2026-04-21 20:22:05
R001064,O0021000,P0413,C03369,2026-08-04,3,Not as Described,533.24,2025-09-28 07:00:31
R001065,O0095812,P0174,C00400,2026-05-06,1,Changed Mind,869.13,2026-07-19 15:42:53
R001066,O0040796,P0450,C04384,2025-05-30,2,Wrong Item,473.78,2026-02-10 20:08:32
R001067,O0006632,P0195,C04971,2025-09-28,2,Wrong Item,470.05,2025-04-29 22:46:39
R001068,O0078968,P0158,C02441,2026-05-30,1,Damaged,561.74,2026-02-08 18:26:29
R001069,O0090683,P0378,C01338,2026-04-19,1,Changed Mind,468.63,2025-07-12 01:45:46
R001070,O0014054,P0089,C02424,2026-06-30,1,Late Delivery,33.74,2025-09-25 06:52:27
R001071,O0002021,P0177,C03997,2026-06-27,2,Not as Described,988.21,2025-01-02 13:58:30
R001072,O0087386,P0058,C00147,2025-01-15,3,Not as Described,204.74,2026-07-29 04:14:07
R001073,O0040549,P0405,C02347,2026-03-22,3,Damaged,518.6,2026-07-19 09:14:22
R001074,O0086630,P0400,C04872,2025-03-12,2,Wrong Item,519.36,2026-07-19 03:30:57
R001075,O0065333,P0020,C04451,2026-05-01,3,Changed Mind,974.7,2026-06-14 06:58:30
R001076,O0075640,P0008,C03755,2025-12-05,1,Late Delivery,391.83,2025-03-20 09:38:57
R001077,O0028678,P0330,C03694,2025-09-06,3,Changed Mind,929.01,2025-09-01 02:22:28
R001078,O0089660,P0340,C02082,2026-03-22,2,Changed Mind,326.83,2025-10-26 22:31:26
R001079,O0030994,P0289,C01376,2025-07-04,1,Wrong Item,985.89,2025-04-25 10:24:22
R001080,O0099644,P0029,C01351,2025-11-27,3,Damaged,388.35,2025-01-21 19:53:25
R001081,O0026743,P0367,C03044,2025-10-22,2,Wrong Item,834.64,2026-07-23 08:08:10
R001082,O0046849,P0440,C03756,2025-02-10,3,Changed Mind,898.01,2025-11-17 15:59:48
R001083,O0020153,P0130,C04686,2025-01-19,1,Damaged,790.36,2026-09-13 20:44:02
R001084,O0066809,P0081,C02790,2025-04-17,1,Late Delivery,563.56,2025-03-21 09:34:08
R001085,O0074403,P0095,C03166,2025-06-04,3,Changed Mind,347.63,2026-07-19 04:59:02
R001086,O0073731,P0328,C00568,2026-06-23,1,Changed Mind,554.1,2026-05-18 23:39:53
R001087,O0056083,P0379,C04783,2026-07-15,2,Damaged,767.88,2025-05-29 00:42:09
R001088,O0092521,P0372,C00740,2025-07-09,1,Damaged,382.91,2025-05-16 22:38:14
R001089,O0018184,P0230,C03172,2025-08-30,1,Not as Described,681.12,2026-01-21 03:09:52
R001090,O0046598,P0445,C00722,2026-03-17,2,Not as Described,259.57,2026-03-15 02:46:10
R001091,O0044757,P0207,C04592,2026-03-03,3,Late Delivery,916.07,2025-09-03 08:30:57
R001092,O0022624,P0033,C02291,2025-04-27,2,Changed Mind,227.67,2026-02-23 14:47:23
R001093,O0090701,P0335,C02172,2025-09-12,3,Wrong Item,703.27,2026-06-19 15:05:54
R001094,O0013071,P0157,C04504,2025-04-07,3,Changed Mind,153.18,2026-01-26 16:54:23
R001095,O0009763,P0241,C02898,2026-01-01,3,Wrong Item,739.09,2025-10-07 07:41:27
R001096,O0025056,P0330,C04333,2026-09-11,2,Changed Mind,989.74,2026-03-06 20:36:02
R001097,O0025193,P0063,C00225,2025-07-05,2,Changed Mind,154.44,2025-04-05 21:20:54
R001098,O0040905,P0350,C00812,2025-09-29,2,Damaged,228.07,2025-01-24 10:10:49
R001099,O0042515,P0085,C00459,2026-06-26,3,Damaged,152.24,2025-08-03 02:59:48
R001100,O0076591,P0110,C02540,2025-12-19,1,Changed Mind,762.35,2026-05-23 07:36:37
R001101,O0063635,P0336,C00524,2025-10-06,2,Damaged,669.61,2025-02-08 11:16:03
R001102,O0092541,P0155,C04590,2025-05-02,2,Wrong Item,693.22,2025-02-17 06:17:12
R001103,O0010468,P0500,C00857,2025-06-25,3,Changed Mind,198.18,2026-05-05 05:12:12
R001104,O0062945,P0277,C04009,2026-05-11,1,Late Delivery,-164.62,2026-04-02 22:03:35
R001105,O0061028,P0239,C00572,2025-05-19,2,Not as Described,100.74,2026-07-26 01:22:57
R001106,O0090472,P0460,C00478,2025-08-14,2,Damaged,183.85,2026-02-06 11:50:30
R001107,O0068593,P0091,C01172,2026-05-29,1,Late Delivery,289.2,2025-01-09 18:47:51
R001108,O0049058,P0241,C04946,2025-01-12,3,Not as Described,444.63,2025-01-03 09:28:18
R001109,O0001562,P0196,C01768,2026-05-19,1,Damaged,302.54,2026-04-28 05:00:10
R001110,O0047237,P0254,C02770,2025-04-24,3,Damaged,35.69,2026-06-02 11:59:20
R001111,O0005097,P0361,C00444,2025-05-07,3,Damaged,469.95,2025-10-27 05:40:57
R001112,O0031752,P0029,C00565,2025-07-04,3,Changed Mind,499.84,2026-01-18 00:28:57
R001113,O0068360,P0187,C01226,2025-12-26,3,Changed Mind,713.2,2025-12-13 12:45:03
R001114,O0084035,P0439,C03094,2025-10-26,3,Damaged,105.77,2025-06-12 10:03:13
R001115,O0092032,P0258,C03651,2025-06-26,1,Not as Described,425.42,2025-11-18 07:58:18
R001116,O0019508,P0087,C01394,2025-03-09,2,Wrong Item,633.86,2026-09-23 16:34:33
R001117,O0061821,P0441,C03589,2025-10-18,1,Not as Described,769.9,2025-01-08 06:00:16
R001118,O0057531,P0395,C01372,2025-07-15,1,Damaged,461.76,2026-03-27 07:39:48
R001119,O0032966,P0243,C04477,2026-03-31,1,Damaged,77.74,2025-04-07 18:17:28
R001120,O0088107,P0370,C00925,2025-08-16,3,Changed Mind,757.01,2025-08-29 16:18:47
R001121,O0040225,P0151,C02342,2026-03-27,1,Late Delivery,540.57,2026-07-01 14:05:08
R001122,O0086241,P0164,C02955,2025-08-21,1,Changed Mind,549.54,2025-12-08 10:46:21
R001123,O0000619,P0336,C03187,2025-05-25,2,Wrong Item,570.31,2026-03-07 01:40:43
R001124,O0050796,P0058,C00267,2026-07-22,1,Not as Described,553.09,2025-06-17 08:03:44
R001125,O0023917,P0460,C04409,2026-03-28,3,Late Delivery,846.75,2025-07-23 13:25:38
R001126,O0027744,P0203,C03163,2026-08-20,2,Damaged,996.6,2025-12-01 05:15:52
R001127,O0038553,P0216,C02008,2026-03-25,1,Changed Mind,566.0,2026-01-30 06:38:34
R001128,O0098353,P0463,C01468,2025-10-10,1,Changed Mind,643.98,2025-10-19 21:23:03
R001129,O0062008,P0129,C04796,2025-09-11,1,Late Delivery,315.47,2026-01-13 10:34:25
R001130,O0098178,P0345,C00953,2025-08-21,2,Not as Described,959.54,2026-03-21 23:24:33
R001131,O0091728,P0164,C04293,2026-06-08,3,Wrong Item,933.35,2025-03-27 18:00:16
R001132,O0033556,P0127,C01734,2026-01-08,2,Wrong Item,918.43,2026-04-28 00:14:45
R001133,O0085271,P0357,C02087,2026-06-24,3,Damaged,385.29,2025-05-17 08:08:04
R001134,O0086572,P0484,C02693,2026-07-28,3,Damaged,371.14,2025-07-14 17:56:16
R001135,O0005303,P0164,C02465,2025-01-27,3,Damaged,245.15,2026-04-27 14:46:00
R001136,O0049511,P0264,C01389,2025-06-21,1,Not as Described,908.23,2026-03-31 20:08:37
R001137,O0011274,P0333,C01175,2025-08-31,1,Damaged,688.64,2025-04-12 05:27:14
R001138,O0050614,P0137,C03841,2025-10-11,3,Changed Mind,435.73,2025-12-10 06:12:21
R001139,O0062979,P0100,C00330,2026-04-13,2,Late Delivery,672.61,2025-09-21 16:55:06
R001140,O0067030,P0372,C02330,2026-01-10,2,Damaged,985.11,2025-07-15 02:31:22
R001141,O0025815,P0417,C02587,2025-02-17,2,Changed Mind,64.88,2025-06-12 06:32:30
R001142,O0065994,P0412,C01179,2025-10-04,1,Late Delivery,600.25,2026-02-12 23:27:23
R001143,O0059193,P0072,C04404,2025-10-13,2,Damaged,187.02,2025-11-24 00:54:14
R001144,O0095571,P0125,C04885,2025-03-12,3,Not as Described,595.39,2025-01-08 14:27:34
R001145,O0052625,P0111,C01684,2025-12-03,3,Damaged,654.46,2025-01-19 09:25:52
R001146,O0001951,P0085,C02205,2025-07-06,2,Wrong Item,656.67,2026-09-06 05:43:33
R001147,O0099654,P0158,C00726,2025-07-02,3,Not as Described,274.05,2026-05-13 11:22:17
R001148,O0091697,P0466,C03348,2025-11-19,2,Wrong Item,687.57,2025-05-06 06:30:54
R001149,O0000739,P0138,C03629,2025-06-24,2,Not as Described,41.9,2025-02-03 15:31:06
R001150,O0000597,P0264,C00786,2025-06-13,2,Wrong Item,896.11,2025-07-04 00:19:55
R001151,O0006284,P0044,C03759,2025-02-22,2,Damaged,937.72,2026-05-24 09:42:40
R001152,O0080618,P0069,C00548,2026-02-18,1,Damaged,69.55,2025-04-23 12:55:28
R001153,O0086328,P0378,C01389,2026-03-10,1,Wrong Item,633.47,2026-09-15 11:49:13
R001154,O0040090,P0485,C01627,2025-01-29,1,Damaged,176.47,2026-08-23 13:44:40
R001155,O0035844,P0294,C00787,2025-03-10,2,Late Delivery,730.69,2025-01-09 01:39:55
R001156,O0035419,P0487,C02627,2025-12-23,1,Late Delivery,539.92,2025-06-06 15:07:24
R001157,O0099268,P0089,C00539,2025-05-30,2,Late Delivery,30.16,2025-03-26 19:36:15
R001158,O0016163,P0259,C02002,2025-08-10,1,Wrong Item,674.42,2025-07-10 14:40:32
R001159,O0016588,P0272,C00847,2026-05-01,3,Changed Mind,26.04,2026-01-05 11:34:20
R001160,O0001285,P0373,C00245,2025-04-05,2,Not as Described,567.0,2025-11-09 11:48:40
R001161,O0033038,P0212,C03388,2026-04-20,1,Changed Mind,881.85,2026-02-25 08:48:59
R001162,O0024896,P0490,C00451,2026-08-11,2,Late Delivery,960.1,2026-02-17 00:32:32
R001163,O0067374,P0104,C04352,2025-05-24,3,Changed Mind,532.02,2026-01-18 11:10:38
R001164,O0041112,P0172,C01134,2026-09-14,3,Not as Described,375.71,2025-06-03 20:06:49
R001165,O0023582,P0126,C01182,2025-11-19,2,Wrong Item,133.83,2026-02-21 10:56:41
R001166,O0047617,P0304,C02158,2026-06-03,1,Late Delivery,282.74,2025-06-30 19:42:00
R001167,O0058179,P0286,C02580,2025-10-13,3,Late Delivery,77.08,2026-05-05 21:52:44
R001168,O0022452,P0374,C01642,2026-07-04,1,Changed Mind,665.42,2026-09-07 04:20:15
R001169,O0076572,P0098,C04321,2026-06-02,2,Late Delivery,441.59,2025-05-11 08:53:43
R001170,O0054519,P0467,C01208,2025-12-08,3,Changed Mind,345.84,2026-06-16 06:53:24
R001171,O0069986,P0314,C02898,2025-06-08,3,Changed Mind,847.77,2025-08-30 00:37:31
R001172,O0087716,P0056,C04493,2025-12-29,1,Wrong Item,993.12,2025-05-08 09:42:36
R001173,O0090787,P0372,C02675,2025-05-20,1,Changed Mind,811.17,2025-09-06 10:32:27
R001174,O0002073,P0219,C04417,2026-05-29,3,Wrong Item,411.98,2026-01-29 09:06:17
R001175,O0098388,P0041,C01396,2025-01-24,1,Not as Described,974.91,2026-01-07 17:24:36
R001176,O0064816,P0243,C01690,2026-07-12,2,Damaged,465.83,2026-03-17 16:13:06
R001177,O0008592,P0052,C00068,2025-10-20,3,Late Delivery,69.89,2025-05-01 04:08:17
R001178,O0020897,P0004,C04958,2025-03-17,1,Damaged,515.44,2025-03-27 11:12:54
R001179,O0019166,P0408,C01340,2026-01-05,3,Not as Described,467.44,2026-01-29 04:38:57
R001180,O0091752,P0439,C00101,2025-12-08,3,Wrong Item,414.05,2026-06-25 19:24:23
R001181,O0008624,P0356,C04760,2026-02-05,1,Not as Described,77.73,2025-10-07 11:09:32
R001182,O0031743,P0063,C03187,2026-03-20,3,Changed Mind,146.52,2025-09-28 15:09:14
R001183,O0091011,P0476,C00595,2025-08-06,2,Wrong Item,650.75,2026-06-16 11:59:10
R001184,O0047007,P0142,C02786,2025-02-15,3,Damaged,986.96,2025-12-04 16:11:33
R001185,O0062574,P0201,C00114,2025-06-01,3,Wrong Item,517.52,2025-10-27 08:01:10
R001186,O0087057,P0001,C03565,2025-11-01,2,Late Delivery,974.07,2026-03-23 12:54:52
R001187,O0085849,P0097,C02731,2026-02-09,1,Wrong Item,398.34,2025-03-07 14:44:05
R001188,O0077571,P0310,C03962,2025-08-25,1,Wrong Item,98.51,2025-03-21 20:23:45
R001189,O0002463,P0275,C01901,2026-01-27,1,Not as Described,850.02,2026-01-21 08:11:49
R001190,O0075363,P0242,C02949,2025-12-06,3,Changed Mind,530.55,2026-06-02 13:12:11
R001191,O0024825,P0014,C02585,2026-09-21,3,Late Delivery,743.32,2025-08-15 16:03:56
R001192,O0014129,P0178,C02909,2025-09-08,2,Not as Described,478.92,2026-03-01 22:31:07
R001193,O0028683,P0343,C00248,2026-03-25,2,Late Delivery,906.14,2025-03-31 13:58:11
R001194,O0007574,P0076,C00215,2026-09-12,2,Changed Mind,201.09,2025-12-28 17:14:12
R001195,O0093306,P0385,C00331,2025-09-24,1,Late Delivery,868.39,2025-11-12 01:15:43
R001196,O0044378,P0105,C02771,2025-01-19,1,Damaged,260.78,2026-03-19 23:24:06
R001197,O0019501,P0079,C00904,2026-04-22,3,Late Delivery,84.03,2025-05-12 02:11:38
R001198,O0059027,P0281,C02471,2026-05-13,1,Changed Mind,573.68,2025-01-12 18:28:18
R001199,O0083406,P0076,C04337,2025-03-02,3,Changed Mind,791.2,2025-07-04 01:47:14
R001200,O0076970,P0230,C00895,2025-04-30,3,Damaged,613.21,2025-02-05 07:25:15
R001201,O0062444,P0107,C01581,2025-01-30,2,Changed Mind,189.88,2026-05-08 04:22:01
R001202,O0021407,P0362,C00693,2025-10-05,3,Wrong Item,458.47,2025-06-27 15:21:07
R001203,O0015984,P0126,C03999,2025-02-23,2,Damaged,493.19,2025-12-08 13:44:06
R001204,O0048938,P0244,C01301,2026-08-10,2,Not as Described,927.65,2025-12-02 15:29:13
R001205,O0001092,P0285,C00806,2025-05-25,1,Wrong Item,66.04,2025-10-01 20:12:48
R001206,O0082995,P0137,C04202,2025-12-28,2,Late Delivery,754.77,2026-04-01 02:16:36
R001207,O0010464,P0110,C03919,2025-04-04,2,Not as Described,789.19,2025-10-13 07:36:44
R001208,O0045176,P0451,C00244,2025-04-22,3,Late Delivery,806.59,2026-07-24 18:41:24
R001209,O0000012,P0406,C01328,2025-08-23,3,Damaged,608.95,2025-11-11 04:02:52
R001210,O0007298,P0324,C03495,2025-03-31,1,Damaged,885.96,2025-07-27 22:23:04
R001211,O0094075,P0349,C04332,2026-08-20,3,Wrong Item,58.62,2026-09-10 21:05:56
R001212,O0076667,P0146,C03771,2025-10-14,1,Wrong Item,-383.76,2026-01-24 10:31:54
R001213,O0028299,P0449,C01580,2026-05-05,1,Changed Mind,906.56,2026-07-08 00:44:26
R001214,O0066197,P0338,C02730,2025-07-06,1,Wrong Item,400.81,2025-02-17 00:19:58
R001215,O0022648,P0123,C00395,2025-06-19,1,Not as Described,505.43,2025-05-23 22:22:42
R001216,O0004278,P0271,C02769,2026-01-04,1,Damaged,422.61,2025-02-16 21:49:02
R001217,O0053651,P0383,C03985,2025-11-14,1,Wrong Item,938.76,2026-06-06 19:47:34
R001218,O9999999,P0127,C03099,2026-05-14,3,Not as Described,870.71,2025-07-23 18:27:43
R001219,O9999999,P0454,C00099,2025-12-25,2,Late Delivery,933.96,2026-03-16 01:36:17
R001220,O0049617,P0378,C04237,2025-11-25,2,Changed Mind,528.64,2026-05-13 11:44:37
R001221,O0068866,P0145,C00330,2025-07-10,2,Damaged,373.7,2025-02-28 01:43:02
R001222,O0026946,P0157,C02519,2026-04-01,3,Damaged,54.47,2026-05-28 21:51:57
R001223,O0090145,P0426,C00364,2025-09-25,3,Late Delivery,234.04,2025-07-22 08:51:22
R001224,O0077548,P0440,C02431,2026-01-09,2,Late Delivery,222.3,2026-03-01 13:16:52
R001225,O0064407,P0421,C01074,2025-02-24,1,Changed Mind,126.02,2025-11-11 18:31:26
R001226,O0074152,P0112,C03750,2025-12-21,2,Not as Described,717.33,2026-08-13 17:08:22
R001227,O0026811,P0062,C03423,2026-07-04,3,Damaged,983.61,2025-11-21 13:57:49
R001228,O0024453,P0038,C01533,2025-01-17,3,Not as Described,506.32,2025-11-14 15:34:56
R001229,O0044699,P0262,C00062,2025-08-16,3,Not as Described,992.81,2025-05-18 11:52:08
R001230,O0034213,P0464,C04552,2025-01-09,3,Not as Described,236.96,2026-02-20 15:33:23
R001231,O0054598,P0454,C01309,2026-09-03,2,Wrong Item,213.74,2026-05-16 01:05:16
R001232,O0015906,P0125,C03729,2025-03-14,1,Changed Mind,901.01,2025-07-09 05:37:09
R001233,O0089321,P0405,C02118,2025-06-16,1,Changed Mind,676.04,2026-04-26 06:32:12
R001234,O0027920,P0322,C00916,2025-05-17,1,Late Delivery,731.33,2025-11-22 07:33:25
R001235,O0062674,P0496,C04359,2025-01-23,3,Late Delivery,311.39,2025-10-21 16:14:34
R001236,O0025632,P0297,C01249,2025-01-07,2,Changed Mind,479.24,2025-02-22 06:17:39
R001237,O0003040,P0422,C02189,2025-07-01,1,Wrong Item,985.59,2025-07-22 23:21:20
R001238,O0025860,P0387,C03681,2025-04-01,3,Damaged,248.29,2026-04-11 14:44:59
R001239,O0057624,P0389,C02725,2025-11-27,2,Wrong Item,336.4,2025-11-18 05:09:17
R001240,O0058627,P0077,C03895,2025-06-16,2,Changed Mind,881.57,2026-03-21 06:24:47
R001241,O0066422,P0399,C00833,2026-03-26,1,Wrong Item,95.18,2026-01-08 15:51:15
R001242,O0099326,P0236,C03611,2025-03-19,1,Changed Mind,628.85,2026-01-25 13:27:37
R001243,O0005675,P0351,C02353,2025-08-29,3,Damaged,394.32,2025-06-27 16:11:06
R001244,O0075714,P0060,C00031,2026-09-20,1,Not as Described,749.68,2025-01-19 11:27:34
R001245,O0074634,P0062,C03501,2026-05-26,1,Not as Described,543.73,2026-02-01 14:06:01
R001246,O0046577,P0114,C00252,2026-06-28,3,Not as Described,249.5,2025-07-23 22:02:48
R001247,O0065757,P0341,C04764,2026-09-05,3,Damaged,944.06,2026-01-11 20:39:54
R001248,O0010327,P0225,C02256,2025-03-19,3,Changed Mind,666.9,2025-04-29 17:37:01
R001249,O9999999,P0390,C01109,2026-08-26,2,Late Delivery,89.81,2025-11-25 05:30:58
R001250,O0005017,P0058,C03104,2025-11-13,1,Wrong Item,994.81,2025-01-06 02:53:25
R001251,O0051265,P0456,C01973,2025-11-18,2,Wrong Item,867.77,2025-10-19 09:44:52
R001252,O0049641,P0371,C04382,2026-09-30,3,Changed Mind,80.99,2025-01-04 23:13:03
R001253,O0074768,P0448,C04961,2025-02-04,3,Not as Described,839.38,2025-04-01 22:42:57
R001254,O0079761,P0050,C00228,2026-07-18,2,Damaged,192.96,2025-06-04 02:38:47
R001255,O0082173,P0256,C02420,2026-08-04,3,Changed Mind,323.92,2026-04-04 17:18:22
R001256,O0052200,P0197,C03533,2025-08-01,2,Not as Described,573.31,2026-06-09 07:57:41
R001257,O0024680,P0151,C03161,2025-08-01,1,Not as Described,23.52,2025-10-05 06:09:26
R001258,O0031527,P0476,C02899,2025-09-06,1,Not as Described,437.22,2025-05-15 18:16:05
R001259,O0095326,P0211,C03266,2026-03-06,1,Wrong Item,165.81,2025-08-24 10:24:03
R001260,O0016290,P0193,C03064,2026-05-03,1,Late Delivery,680.22,2026-05-04 05:57:04
R001261,O0016682,P0332,C00162,2025-08-28,3,Damaged,858.22,2026-08-31 20:19:53
R001262,O0071292,P0472,C01138,2025-05-21,3,Damaged,990.73,2026-08-24 23:10:17
R001263,O0032750,P0141,C02099,2025-08-12,3,Wrong Item,670.23,2025-11-05 00:38:10
R001264,O0067878,P0260,C04725,2025-08-07,3,Not as Described,779.53,2025-08-12 06:12:40
R001265,O0017286,P0176,C03996,2025-05-08,3,Changed Mind,596.94,2026-06-19 12:57:32
R001266,O0040394,P0158,C02191,2025-06-04,2,Wrong Item,907.27,2025-05-21 08:58:57
R001267,O0013930,P0103,C04425,2025-06-05,2,Changed Mind,192.41,2025-01-05 08:09:27
R001268,O0013550,P0393,C03652,2026-06-09,1,Damaged,727.02,2025-04-24 04:36:08
R001269,O0059063,P0411,C00699,2026-04-16,2,Damaged,298.9,2025-12-20 00:56:50
R001270,O0016610,P0426,C04421,2025-03-04,1,Changed Mind,728.36,2026-09-11 08:29:23
R001271,O0093829,P0364,C03393,2026-01-12,3,Damaged,349.83,2026-04-22 09:59:13
R001272,O0049981,P0262,C04838,2026-09-25,1,Wrong Item,576.04,2026-07-04 07:17:49
R001273,O0088268,P0269,C03971,2025-09-28,3,Damaged,901.8,2025-08-21 20:45:03
R001274,O0029770,P0325,C01043,2025-03-14,3,Damaged,482.62,2026-06-20 02:43:22
R001275,O0099132,P0054,C02332,2026-02-04,2,Not as Described,495.59,2025-03-11 06:30:57
R001276,O0005477,P0165,C02872,2025-04-30,3,Changed Mind,942.74,2025-04-01 05:53:26
R001277,O0098887,P0035,C03234,2026-09-03,3,Changed Mind,301.05,2025-12-31 03:18:24
R001278,O0078678,P0212,C00426,2026-08-11,3,Changed Mind,771.87,2025-04-01 22:15:56
R001279,O0096330,P0292,C04908,2026-07-20,1,Late Delivery,533.65,2025-05-11 16:13:56
R001280,O0056941,P0418,C03162,2026-05-05,1,Not as Described,538.86,2025-12-12 06:49:35
R001281,O0046297,P0138,C01828,2026-09-21,2,Not as Described,185.29,2026-02-12 01:37:17
R001282,O0065306,P0206,C01880,2025-04-26,1,Wrong Item,285.43,2025-05-07 01:02:25
R001283,O0012742,P0358,C04864,2025-09-22,3,Damaged,949.26,2026-09-12 14:32:35
R001284,O0042867,P0111,C04307,2026-03-10,2,Changed Mind,765.61,2025-12-20 01:48:28
R001285,O0042511,P0043,C02963,2025-11-18,1,Wrong Item,205.31,2025-07-13 02:43:42
R001286,O0003599,P0084,C02271,2026-01-22,3,Damaged,300.94,2026-05-21 07:47:14
R001287,O0070158,P0357,C03804,2026-08-06,2,Damaged,251.78,2025-12-10 22:06:40
R001288,O0040619,P0232,C03905,2025-10-03,2,Not as Described,547.86,2025-02-13 05:58:48
R001289,O0006400,P0245,C04656,2025-05-01,2,Not as Described,614.0,2026-07-20 23:04:29
R001290,O0010921,P0200,C01037,2025-10-02,1,Wrong Item,954.26,2025-05-26 18:43:55
R001291,O0024940,P0449,C04379,2025-09-11,2,Late Delivery,605.36,2026-03-21 07:38:29
R001292,O0059612,P0445,C01689,2025-08-12,2,Wrong Item,666.87,2026-07-31 22:35:36
R001293,O0045451,P0287,C04576,2026-01-29,2,Wrong Item,162.85,2025-04-01 06:50:21
R001294,O0019505,P0241,C03933,2025-08-25,3,Changed Mind,164.71,2025-07-28 16:55:22
R001295,O0017173,P0405,C04649,2025-07-22,2,Late Delivery,47.82,2025-06-10 20:43:39
R001296,O0085205,P0101,C04714,2026-06-28,2,Late Delivery,415.49,2025-09-07 06:23:37
R001297,O0093555,P0097,C02214,2025-04-27,3,Changed Mind,35.53,2025-06-23 11:54:32
R001298,O0054721,P0382,C03657,2025-01-30,1,Not as Described,49.52,2025-11-12 12:45:15
R001299,O0011809,P0364,C00995,2025-03-17,2,Late Delivery,41.53,2025-04-01 23:04:07
R001300,O0090121,P0494,C00027,2026-03-05,2,Late Delivery,259.74,2026-09-06 16:54:25
R001301,O0033275,P0452,C00538,2026-01-21,1,Wrong Item,231.94,2026-06-16 14:19:51
R001302,O0049450,P0412,C00957,2026-04-22,3,Late Delivery,456.27,2025-08-14 10:59:03
R001303,O0026297,P0153,C04765,2025-03-04,3,Late Delivery,966.24,2026-03-02 15:02:19
R001304,O0090192,P0399,C01588,2025-01-02,1,Damaged,278.81,2026-03-30 16:02:04
R001305,O0041872,P0321,C02624,2025-09-25,2,Wrong Item,532.74,2025-07-13 05:05:16
R001306,O0094286,P0301,C00268,2025-10-15,2,Late Delivery,97.36,2026-01-07 12:54:29
R001307,O0079365,P0325,C02360,2026-03-28,3,Late Delivery,327.57,2025-06-22 01:35:53
R001308,O0028925,P0283,C02849,2025-01-09,3,Changed Mind,923.23,2025-04-25 21:41:17
R001309,O0091013,P0225,C02210,2025-06-03,1,Not as Described,165.76,2025-05-28 05:03:53
R001310,O9999999,P0450,C01728,2025-02-05,1,Late Delivery,226.22,2025-04-10 11:16:31
R001311,O9999999,P0085,C01787,2025-02-16,2,Damaged,16.92,2025-10-07 20:48:18
R001312,O0076494,P0184,C03130,2026-06-15,3,Changed Mind,98.35,2025-06-27 21:26:32
R001313,O0094017,P0210,C01315,2025-02-04,1,Wrong Item,866.66,2025-08-08 08:51:45
R001314,O0099993,P0393,C02650,2026-02-17,2,Wrong Item,575.71,2026-04-13 14:04:23
R001315,O0013190,P0057,C04248,2025-02-22,2,Changed Mind,293.64,2025-01-30 12:14:01
R001316,O0048622,P0376,C00533,2025-01-20,3,Changed Mind,856.27,2026-09-05 09:53:42
R001317,O0083648,P0368,C02505,2026-09-05,2,Not as Described,815.35,2025-01-02 10:02:48
R001318,O0048592,P0345,C00403,2026-03-27,3,Not as Described,614.59,2025-03-14 19:21:46
R001319,O0032248,P0019,C03944,2025-05-07,1,Changed Mind,674.7,2026-09-15 17:57:05
R001320,O0026658,P0192,C03591,2026-04-26,3,Changed Mind,653.99,2026-03-02 15:46:33
R001321,O0083609,P0104,C02729,2025-03-05,3,Not as Described,887.93,2026-08-29 14:25:37
R001322,O0041639,P0124,C04630,2026-01-01,3,Late Delivery,606.99,2026-03-08 10:30:06
R001323,O0060790,P0210,C01366,2025-03-19,3,Wrong Item,-269.53,2025-07-16 07:22:54
R001324,O0053338,P0491,C00107,2025-02-22,3,Changed Mind,306.09,2025-04-18 14:28:38
R001325,O0024569,P0188,C02178,2026-08-06,2,Damaged,680.28,2026-08-31 19:37:26
R001326,O0052345,P0301,C03996,2025-09-17,2,Damaged,607.39,2025-12-26 00:51:44
R001327,O0095597,P0127,C02696,2026-02-14,3,Changed Mind,93.17,2026-06-13 07:34:00
R001328,O0003436,P0224,C02851,2025-04-24,2,Changed Mind,487.33,2026-07-16 05:12:12
R001329,O0063695,P0268,C00064,2025-06-03,3,Late Delivery,462.41,2025-03-14 22:26:54
R001330,O0087481,P0405,C04388,2026-05-27,1,Wrong Item,729.09,2025-06-08 23:27:24
R001331,O0046683,P0293,C01063,2026-09-22,2,Late Delivery,284.81,2025-10-20 03:44:25
R001332,O0007405,P0440,C03011,2025-08-19,2,Wrong Item,817.69,2026-05-27 13:34:37
R001333,O0073514,P0253,C04629,2026-07-17,1,Late Delivery,121.22,2025-10-09 12:17:21
R001334,O0075565,P0477,C00956,2025-04-21,1,Changed Mind,217.58,2026-01-11 03:07:02
R001335,O0005524,P0285,C03661,2026-03-30,1,Damaged,68.45,2026-05-19 18:22:45
R001336,O0002998,P0139,C03146,2025-08-05,3,Wrong Item,414.91,2025-11-04 04:52:44
R001337,O0027350,P0495,C02045,2025-03-15,1,Damaged,856.01,2026-02-04 16:03:40
R001338,O0002846,P0163,C03472,2026-03-19,3,Changed Mind,545.22,2025-08-15 18:16:03
R001339,O0042833,P0335,C00119,2026-07-12,2,Late Delivery,483.91,2026-08-23 03:09:35
R001340,O0048631,P0251,C01890,2026-07-01,2,Wrong Item,765.4,2026-06-10 13:11:45
R001341,O0049003,P0044,C02714,2025-10-20,2,Changed Mind,597.5,2025-01-29 02:35:46
R001342,O0091886,P0047,C04145,2026-01-10,1,Wrong Item,927.46,2025-07-28 08:22:14
R001343,O0078505,P0273,C00291,2025-01-20,2,Damaged,53.1,2026-04-12 11:10:48
R001344,O0041279,P0192,C01665,2025-01-04,2,Late Delivery,835.81,2025-01-01 08:50:24
R001345,O0095917,P0040,C04064,2025-04-15,1,Wrong Item,551.26,2026-07-17 23:09:43
R001346,O0086079,P0061,C00614,2025-12-23,3,Not as Described,879.81,2025-03-29 06:43:35
R001347,O0062050,P0220,C01291,2026-04-09,3,Changed Mind,627.03,2025-11-05 19:50:50
R001348,O0082277,P0396,C02946,2025-11-16,3,Late Delivery,482.64,2026-09-04 18:38:43
R001349,O0084411,P0114,C02356,2025-04-02,2,Damaged,696.46,2025-09-06 19:00:31
R001350,O0004534,P0266,C00528,2025-09-27,3,Wrong Item,877.55,2025-08-01 03:14:16
R001351,O0016406,P0308,C03012,2026-03-11,1,Not as Described,234.28,2026-08-12 06:06:22
R001352,O0055036,P0188,C00412,2026-06-11,2,Late Delivery,468.91,2026-03-16 06:15:34
R001353,O0080080,P0053,C04519,2025-04-04,1,Damaged,838.6,2025-08-27 09:08:28
R001354,O0070884,P0440,C04643,2026-08-05,3,Changed Mind,468.71,2025-08-30 11:33:11
R001355,O0087593,P0401,C00212,2025-01-30,1,Wrong Item,921.15,2025-06-26 13:32:28
R001356,O0043541,P0385,C03728,2026-07-24,2,Not as Described,40.61,2025-12-20 02:33:08
R001357,O0041147,P0006,C02223,2025-04-21,2,Wrong Item,301.44,2025-02-21 04:00:49
R001358,O0084690,P0104,C04936,2026-09-01,3,Changed Mind,989.85,2025-10-11 22:03:38
R001359,O0046331,P0243,C00980,2025-11-23,2,Not as Described,822.77,2025-06-12 13:27:31
R001360,O0072264,P0208,C01598,2026-08-16,1,Damaged,872.17,2025-06-19 14:20:33
R001361,O0022964,P0127,C04881,2026-03-14,1,Damaged,800.52,2025-08-05 15:24:37
R001362,O0039222,P0500,C01814,2026-02-05,3,Damaged,621.89,2026-01-18 22:22:24
R001363,O0095884,P0156,C04667,2025-04-23,2,Late Delivery,49.17,2025-10-27 17:58:32
R001364,O0004889,P0030,C03039,2025-10-14,1,Wrong Item,731.36,2025-11-03 00:45:35
R001365,O0018566,P0184,C00744,2025-12-10,2,Wrong Item,386.86,2025-05-21 09:47:10
R001366,O0005723,P0304,C02335,2025-08-31,3,Not as Described,427.57,2025-08-09 22:36:09
R001367,O0000056,P0330,C03029,2025-08-05,3,Not as Described,670.13,2025-11-28 08:18:42
R001368,O0056268,P0109,C00601,2026-06-12,2,Changed Mind,484.63,2026-04-24 20:41:29
R001369,O0025222,P0199,C04380,2025-10-03,2,Damaged,493.66,2025-03-18 12:57:50
R001370,O0023924,P0132,C00519,2026-02-04,1,Late Delivery,873.73,2026-08-31 08:44:40
R001371,O0060803,P0445,C04243,2026-03-02,2,Damaged,326.65,2026-07-09 04:09:34
R001372,O0072260,P0491,C02953,2026-01-25,3,Changed Mind,389.44,2026-06-05 13:59:35
R001373,O0037150,P0449,C01329,2025-02-14,1,Late Delivery,157.57,2025-01-18 02:59:45
R001374,O0024245,P0369,C03004,2026-06-09,1,Changed Mind,700.79,2026-09-06 10:11:57
R001375,O0055320,P0118,C01406,2026-08-01,3,Damaged,495.17,2025-05-09 19:03:01
R001376,O0072673,P0419,C02906,2026-09-20,3,Damaged,414.59,2025-09-18 19:46:21
R001377,O0065965,P0454,C00184,2026-06-25,1,Not as Described,331.84,2025-05-30 01:08:20
R001378,O0066872,P0397,C03555,2025-12-27,2,Changed Mind,963.13,2025-04-27 08:09:50
R001379,O0061449,P0281,C01388,2025-03-13,2,Not as Described,85.07,2026-08-08 06:39:05
R001380,O0059839,P0207,C01986,2025-05-01,1,Damaged,794.73,2026-01-24 18:59:18
R001381,O0097369,P0398,C04762,2026-03-13,1,Not as Described,820.29,2025-11-04 07:51:50
R001382,O0054609,P0122,C00329,2025-11-05,2,Not as Described,332.51,2025-05-18 16:49:07
R001383,O0001366,P0102,C01086,2026-08-04,2,Not as Described,705.12,2025-05-17 22:20:12
R001384,O0031161,P0336,C00827,2026-01-28,2,Damaged,470.72,2025-03-30 18:05:51
R001385,O0099682,P0120,C01510,2025-06-14,1,Late Delivery,824.65,2025-01-08 18:18:56
R001386,O0052988,P0111,C01395,2025-11-11,2,Changed Mind,535.72,2026-06-08 01:43:38
R001387,O0030732,P0011,C04776,2026-09-08,3,Late Delivery,519.27,2025-07-15 10:59:10
R001388,O0015868,P0369,C01807,2025-04-22,3,Not as Described,188.5,2026-08-02 18:48:35
R001389,O0046411,P0285,C04420,2025-07-16,1,Late Delivery,503.48,2025-08-31 05:28:35
R001390,O0060973,P0274,C04167,2026-09-12,3,Wrong Item,781.82,2025-12-09 16:23:42
R001391,O0037022,P0139,C02394,2025-04-15,2,Late Delivery,319.83,2026-05-23 14:53:25
R001392,O0053351,P0122,C04815,2025-03-26,3,Wrong Item,425.97,2026-03-17 04:33:04
R001393,O0058058,P0312,C03984,2026-02-24,1,Not as Described,541.93,2026-09-20 02:50:56
R001394,O0041101,P0454,C02185,2025-05-27,1,Not as Described,601.34,2026-08-05 16:53:14
R001395,O0072958,P0316,C04726,2026-09-09,3,Late Delivery,416.73,2026-02-09 10:26:12
R001396,O0050967,P0088,C03923,2025-03-16,1,Wrong Item,895.45,2025-03-17 16:24:17
R001397,O0068396,P0051,C03546,2026-07-11,2,Wrong Item,20.49,2025-10-03 09:55:02
R001398,O0028697,P0203,C00048,2025-01-30,2,Damaged,499.12,2025-06-15 03:58:13
R001399,O0068243,P0420,C03323,2025-12-31,2,Changed Mind,735.14,2026-07-19 23:55:46
R001400,O0002949,P0412,C04261,2026-06-20,3,Wrong Item,207.21,2025-11-13 03:23:37
R001401,O0038005,P0384,C03020,2026-04-29,1,Not as Described,734.68,2025-10-29 18:46:09
R001402,O0093658,P0193,C01036,2025-05-29,3,Changed Mind,544.63,2025-04-16 01:33:33
R001403,O0048512,P0026,C01623,2026-02-27,1,Wrong Item,990.93,2026-03-29 17:25:42
R001404,O0086006,P0020,C04292,2026-02-21,2,Damaged,742.83,2026-08-08 18:42:33
R001405,O0049911,P0403,C04546,2025-08-11,1,Not as Described,-47.96,2025-11-11 03:10:33
R001406,O0051415,P0008,C01193,2025-01-01,2,Not as Described,857.0,2026-09-12 20:29:03
R001407,O0007518,P0026,C02907,2026-01-20,1,Wrong Item,967.98,2025-12-28 08:32:42
R001408,O0044756,P0489,C04613,2025-01-14,2,Late Delivery,933.11,2026-02-10 15:52:55
R001409,O0075059,P0208,C03477,2026-08-21,1,Wrong Item,241.61,2026-02-28 06:37:36
R001410,O0027158,P0168,C01817,2025-09-11,1,Damaged,588.59,2025-06-04 03:34:51
R001411,O0084769,P0331,C00063,2026-01-01,2,Damaged,544.74,2026-06-15 07:20:53
R001412,O0008233,P0315,C02185,2025-01-07,1,Damaged,515.59,2026-07-04 08:17:51
R001413,O0010237,P0145,C03193,2025-01-04,3,Changed Mind,298.75,2025-09-17 11:19:36
R001414,O0085467,P0010,C03701,2025-07-30,3,Not as Described,828.63,2025-04-18 15:02:37
R001415,O0031898,P0018,C01598,2025-12-05,1,Changed Mind,393.14,2026-08-17 11:07:55
R001416,O0010021,P0204,C04898,2025-06-24,1,Not as Described,924.55,2026-03-31 11:12:04
R001417,O0056780,P0144,C03298,2026-04-03,2,Not as Described,245.48,2025-10-13 23:13:48
R001418,O0024597,P0259,C03431,2025-08-16,2,Damaged,985.13,2025-01-02 15:10:04
R001419,O0023468,P0259,C01784,2026-07-24,1,Late Delivery,185.87,2026-03-24 19:47:00
R001420,O0043494,P0156,C00178,2025-12-22,2,Changed Mind,340.53,2026-04-03 18:14:30
R001421,O0075412,P0325,C02721,2025-09-21,1,Changed Mind,469.78,2026-03-29 01:19:12
R001422,O0010569,P0226,C00539,2026-06-21,3,Late Delivery,188.25,2025-11-04 06:15:08
R001423,O0075407,P0153,C03908,2025-05-01,1,Late Delivery,938.94,2025-01-29 09:31:42
R001424,O0012028,P0037,C03365,2026-02-09,2,Late Delivery,450.85,2025-04-19 21:49:20
R001425,O0010217,P0109,C02987,2026-07-20,2,Damaged,474.7,2025-04-04 18:50:46
R001426,O0043035,P0032,C03925,2025-07-25,2,Wrong Item,623.92,2025-02-18 15:26:13
R001427,O0050015,P0045,C04015,2026-01-14,1,Not as Described,300.9,2025-05-31 12:33:23
R001428,O0026622,P0438,C04207,2026-08-28,3,Late Delivery,184.71,2026-03-18 13:59:40
R001429,O0017611,P0241,C00817,2026-01-21,1,Late Delivery,664.21,2026-05-17 19:33:08
R001430,O0094899,P0328,C00125,2026-09-02,1,Damaged,725.32,2026-08-30 20:55:17
R001431,O0006410,P0153,C03328,2026-05-19,1,Damaged,192.89,2026-02-10 08:01:01
R001432,O0068655,P0162,C01508,2025-11-25,2,Late Delivery,131.18,2025-09-02 15:33:28
R001433,O0043866,P0234,C02665,2025-02-18,1,Wrong Item,410.58,2026-06-23 16:39:16
R001434,O0030810,P0018,C03730,2025-07-29,2,Changed Mind,101.64,2025-05-27 19:46:25
R001435,O0032649,P0210,C04669,2026-03-23,1,Damaged,758.42,2025-05-09 10:06:01
R001436,O0042101,P0498,C03145,2026-05-15,2,Wrong Item,953.28,2026-02-14 02:50:51
R001437,O0071109,P0045,C02569,2025-05-15,3,Wrong Item,552.13,2025-05-02 22:07:31
R001438,O0084413,P0450,C00586,2025-09-15,3,Late Delivery,603.68,2025-09-23 22:29:48
R001439,O0062510,P0179,C00813,2026-09-23,2,Late Delivery,671.32,2026-09-08 12:23:38
R001440,O0061873,P0402,C03407,2026-02-08,3,Wrong Item,239.89,2025-01-22 12:39:56
R001441,O0052993,P0444,C02669,2026-02-19,2,Late Delivery,425.46,2025-01-07 02:07:21
R001442,O0018170,P0349,C01641,2026-02-20,1,Not as Described,15.7,2025-04-06 05:40:22
R001443,O0026210,P0337,C00536,2026-07-15,3,Damaged,966.2,2025-05-02 05:40:39
R001444,O0080282,P0377,C02836,2025-04-05,3,Changed Mind,923.08,2025-03-09 23:01:50
R001445,O0093338,P0476,C04081,2026-08-02,2,Late Delivery,699.5,2026-04-27 02:54:27
R001446,O0043906,P0421,C02634,2025-12-18,1,Changed Mind,113.42,2025-06-11 17:52:38
R001447,O0019672,P0350,C00309,2026-07-08,3,Damaged,866.87,2026-08-21 04:12:02
R001448,O0021432,P0004,C03529,2025-01-09,3,Changed Mind,18.0,2025-11-14 06:29:05
R001449,O0009027,P0168,C00064,2025-10-27,1,Changed Mind,825.33,2025-02-17 15:05:48
R001450,O0035018,P0094,C03708,2025-10-06,1,Wrong Item,312.55,2025-06-07 22:53:38
R001451,O0077869,P0015,C01554,2026-03-16,3,Not as Described,144.98,2025-10-18 12:39:24
R001452,O0086648,P0243,C03362,2026-03-25,1,Damaged,827.32,2025-08-31 20:03:38
R001453,O0051179,P0048,C04545,2025-08-08,1,Not as Described,593.79,2026-09-25 09:27:13
R001454,O0019164,P0324,C00883,2025-04-26,2,Wrong Item,629.71,2026-09-01 15:43:41
R001455,O0042855,P0243,C02404,2026-06-11,3,Late Delivery,713.31,2026-09-21 04:39:41
R001456,O0054047,P0157,C01915,2025-11-27,1,Damaged,383.03,2026-05-09 15:23:11
R001457,O0069363,P0069,C00697,2025-12-03,3,Late Delivery,760.56,2026-09-25 12:40:04
R001458,O0081635,P0065,C04880,2025-10-14,2,Damaged,208.89,2025-06-24 00:35:56
R001459,O0070656,P0437,C03982,2025-10-05,3,Not as Described,591.96,2026-08-15 02:32:44
R001460,O0021908,P0439,C01114,2026-04-14,1,Wrong Item,352.22,2025-02-08 06:20:03
R001461,O0071330,P0282,C02007,2026-09-04,3,Late Delivery,276.31,2026-05-08 19:40:41
R001462,O0097872,P0322,C02560,2025-10-31,1,Late Delivery,619.86,2026-07-27 02:26:11
R001463,O0021534,P0276,C02642,2025-06-24,2,Changed Mind,715.32,2026-01-28 19:49:43
R001464,O0084937,P0007,C04105,2025-04-30,1,Not as Described,711.93,2026-06-28 09:38:13
R001465,O0099322,P0065,C00650,2025-09-02,1,Not as Described,206.56,2025-03-08 01:21:47
R001466,O0095294,P0162,C03523,2025-06-11,1,Changed Mind,83.81,2026-07-19 12:05:28
R001467,O0097246,P0336,C00345,2026-06-14,1,Changed Mind,241.86,2025-09-04 00:56:59
R001468,O0092340,P0231,C03362,2026-01-01,2,Changed Mind,231.51,2025-09-01 12:58:06
R001469,O0017395,P0287,C04378,2025-09-07,2,Late Delivery,633.97,2026-04-02 15:13:25
R001470,O9999999,P0143,C01066,2025-08-13,1,Not as Described,679.17,2026-03-18 03:56:22
R001471,O0090124,P0072,C03290,2025-07-28,2,Not as Described,45.53,2025-10-16 03:16:07
R001472,O0009313,P0182,C00615,2025-12-18,1,Not as Described,530.31,2025-03-17 10:25:32
R001473,O0054077,P0226,C02015,2025-06-09,1,Not as Described,425.95,2025-03-19 04:41:11
R001474,O0038465,P0355,C01263,2025-02-19,3,Changed Mind,385.1,2025-02-25 16:48:16
R001475,O0076625,P0257,C00450,2025-01-29,3,Changed Mind,568.9,2026-07-22 04:44:51
R001476,O0047894,P0106,C04801,2025-07-31,3,Late Delivery,228.51,2025-02-21 23:55:00
R001477,O0090329,P0484,C00140,2026-04-07,1,Not as Described,299.39,2026-03-23 20:59:59
R001478,O0077040,P0117,C04453,2025-07-21,3,Wrong Item,745.4,2025-12-28 18:16:53
R001479,O0065165,P0489,C03089,2026-08-08,1,Wrong Item,635.54,2026-06-14 16:24:48
R001480,O0084175,P0105,C01855,2025-12-23,2,Not as Described,500.35,2025-12-10 09:28:21
R001481,O0021515,P0010,C00881,2026-06-04,1,Damaged,142.03,2026-08-23 14:18:04
R001482,O0090767,P0143,C01047,2025-06-09,1,Not as Described,655.77,2025-11-04 16:27:48
R001483,O0067129,P0442,C03955,2025-01-20,1,Changed Mind,249.41,2026-07-28 08:07:27
R001484,O0079965,P0133,C01921,2025-11-10,3,Changed Mind,232.64,2025-09-17 17:42:48
R001485,O0020864,P0077,C00020,2026-01-04,1,Changed Mind,879.43,2025-11-08 20:55:36
R001486,O0024883,P0041,C00639,2025-11-29,1,Late Delivery,704.14,2026-05-10 03:24:10
R001487,O0007070,P0296,C00087,2026-04-20,2,Changed Mind,768.07,2026-07-28 14:59:01
R001488,O0012932,P0419,C04477,2026-07-18,3,Changed Mind,182.44,2025-11-10 17:18:43
R001489,O0074682,P0499,C03263,2025-10-24,1,Late Delivery,780.03,2025-07-30 21:40:19
R001490,O0050387,P0077,C00002,2025-12-25,2,Wrong Item,355.37,2026-08-09 18:48:44
R001491,O0025904,P0148,C01548,2025-02-14,3,Damaged,925.5,2026-01-03 09:08:11
R001492,O0003197,P0195,C00946,2026-07-29,3,Not as Described,844.27,2026-08-15 20:16:45
R001493,O0054736,P0215,C04690,2026-04-26,2,Not as Described,222.31,2026-07-06 05:56:15
R001494,O0049626,P0072,C04169,2025-10-13,1,Changed Mind,382.5,2025-05-17 05:10:51
R001495,O0041889,P0323,C03342,2025-08-24,3,Late Delivery,109.43,2026-04-29 16:02:56
R001496,O0037195,P0339,C04112,2025-02-08,1,Wrong Item,407.23,2025-04-14 16:45:04
R001497,O0018613,P0267,C04978,2026-03-30,1,Late Delivery,606.81,2025-06-01 19:47:32
R001498,O0085092,P0057,C00028,2025-04-29,3,Not as Described,880.84,2025-08-04 15:38:54
R001499,O0059561,P0486,C04309,2025-12-08,3,Late Delivery,197.92,2025-06-06 14:24:36
R001500,O0036855,P0252,C00656,2025-08-12,1,Not as Described,580.06,2026-03-30 04:41:29
R001501,O0043317,P0437,C00417,2025-08-01,2,Not as Described,315.93,2025-01-16 02:32:40
R001502,O0022588,P0448,C04113,2026-04-04,1,Changed Mind,485.85,2026-03-06 17:27:42
R001503,O0015420,P0077,C03153,2026-01-06,3,Damaged,871.64,2025-01-11 05:15:35
R001504,O0033637,P0204,C04193,2025-10-15,1,Late Delivery,778.61,2025-10-08 13:51:11
R001505,O0052788,P0232,C01152,2026-09-22,3,Late Delivery,593.84,2026-03-23 15:44:05
R001506,O0074776,P0255,C04821,2025-07-26,1,Wrong Item,602.09,2025-06-13 17:34:58
R001507,O0017778,P0335,C01852,2026-06-06,1,Not as Described,981.07,2026-01-08 02:35:11
R001508,O0024126,P0460,C04361,2026-09-27,2,Wrong Item,258.32,2025-01-05 16:02:44
R001509,O0086381,P0373,C00024,2025-02-20,3,Wrong Item,651.26,2025-09-22 04:49:44
R001510,O0081210,P0385,C03572,2025-12-29,1,Not as Described,231.97,2026-08-26 21:07:19
R001511,O0038651,P0325,C03881,2026-09-10,2,Wrong Item,598.5,2026-08-18 22:02:42
R001512,O0064926,P0321,C01273,2025-04-16,3,Late Delivery,577.75,2025-01-04 02:37:59
R001513,O0089340,P0105,C01584,2026-05-31,2,Wrong Item,928.25,2025-06-15 11:44:59
R001514,O0083749,P0478,C02975,2026-01-28,1,Wrong Item,866.66,2025-07-09 17:49:14
R001515,O0073721,P0282,C04330,2026-03-13,2,Damaged,91.56,2025-08-31 00:52:23
R001516,O0088795,P0314,C01086,2026-09-30,3,Damaged,550.7,2026-07-23 03:24:34
R001517,O0049007,P0014,C03341,2026-08-18,3,Changed Mind,294.79,2026-01-19 11:47:38
R001518,O0045431,P0168,C01754,2026-05-12,2,Not as Described,688.79,2025-10-11 21:01:31
R001519,O0048567,P0440,C03703,2026-03-29,2,Wrong Item,217.09,2026-06-21 13:25:05
R001520,O0071754,P0493,C02177,2025-08-19,2,Wrong Item,428.34,2026-05-23 11:38:26
R001521,O0023252,P0143,C02677,2025-08-08,2,Wrong Item,484.31,2025-09-14 03:16:59
R001522,O0077285,P0103,C03193,2026-06-08,1,Wrong Item,501.13,2025-05-18 00:41:17
R001523,O0011143,P0057,C02584,2026-02-14,3,Late Delivery,348.82,2025-11-21 09:18:18
R001524,O0063300,P0487,C03061,2025-05-18,1,Wrong Item,426.01,2025-03-31 00:23:35
R001525,O0012554,P0064,C01532,2025-12-19,1,Wrong Item,822.55,2025-07-22 18:35:31
R001526,O0032874,P0354,C03583,2026-05-24,3,Late Delivery,865.06,2025-11-06 22:35:58
R001527,O0083982,P0037,C04922,2025-12-17,2,Damaged,256.18,2026-05-09 23:37:31
R001528,O0033798,P0223,C03052,2025-05-29,2,Changed Mind,559.0,2025-04-09 12:52:46
R001529,O0028376,P0448,C02424,2026-03-02,1,Damaged,204.6,2025-08-09 09:51:11
R001530,O0079306,P0429,C00740,2025-01-08,1,Late Delivery,952.64,2026-09-03 07:52:28
R001531,O0031883,P0147,C04201,2026-07-18,3,Not as Described,84.83,2026-02-19 07:15:22
R001532,O0062175,P0244,C01638,2025-05-09,2,Late Delivery,450.72,2026-07-09 22:30:56
R001533,O0025975,P0357,C00498,2025-10-13,3,Changed Mind,433.42,2025-01-01 14:06:01
R001534,O0081917,P0434,C01830,2026-02-09,1,Changed Mind,713.58,2025-05-02 16:37:38
R001535,O0062045,P0129,C01208,2026-07-18,1,Late Delivery,637.63,2025-11-05 03:45:24
R001536,O0088790,P0319,C03606,2025-12-16,2,Wrong Item,549.09,2025-12-31 04:00:38
R001537,O0018657,P0063,C02473,2026-02-26,2,Wrong Item,439.81,2026-04-01 07:21:24
R001538,O0078803,P0162,C04938,2025-05-03,3,Damaged,147.36,2025-08-30 08:04:57
R001539,O0056987,P0346,C03439,2025-02-14,3,Damaged,573.44,2025-08-10 19:51:20
R001540,O0026136,P0328,C00488,2026-01-24,3,Changed Mind,385.65,2025-06-08 07:33:52
R001541,O9999999,P0297,C00278,2026-08-05,1,Damaged,18.4,2025-08-20 22:38:13
R001542,O0082920,P0437,C03432,2025-10-26,2,Late Delivery,342.56,2025-01-13 02:47:16
R001543,O0069718,P0342,C04426,2025-12-21,3,Not as Described,917.13,2025-10-25 21:52:31
R001544,O0096074,P0055,C04797,2026-02-10,2,Not as Described,594.98,2025-12-26 11:45:04
R001545,O0001161,P0323,C00264,2025-03-12,2,Changed Mind,148.65,2025-02-28 22:48:21
R001546,O0086558,P0298,C02410,2026-02-03,1,Not as Described,118.24,2025-02-22 21:51:48
R001547,O0078972,P0408,C00626,2025-01-01,2,Late Delivery,657.96,2026-01-22 10:21:27
R001548,O0062779,P0303,C03891,2026-07-28,2,Changed Mind,192.14,2025-07-02 23:40:27
R001549,O0083877,P0070,C00034,2025-09-13,2,Late Delivery,955.4,2025-06-12 01:27:31
R001550,O0018567,P0364,C04647,2025-07-25,2,Damaged,752.79,2025-10-24 21:48:48
R001551,O0002229,P0418,C01241,2025-09-19,3,Changed Mind,683.68,2025-03-04 14:33:45
R001552,O0007238,P0296,C01129,2025-10-01,1,Changed Mind,945.46,2026-01-21 15:23:18
R001553,O0068984,P0094,C01643,2025-12-01,1,Not as Described,352.92,2025-10-10 19:16:08
R001554,O0076239,P0055,C01036,2026-02-22,2,Late Delivery,882.44,2025-01-27 10:15:18
R001555,O0044685,P0318,C01171,2026-06-08,3,Damaged,791.89,2025-04-09 19:58:28
R001556,O0043126,P0046,C00638,2025-09-13,2,Damaged,529.63,2026-03-25 19:05:25
R001557,O0046080,P0151,C04027,2026-09-02,3,Damaged,257.49,2025-05-28 19:21:45
R001558,O0052199,P0466,C01331,2025-01-28,3,Damaged,297.48,2025-10-08 22:31:44
R001559,O0083339,P0093,C00985,2025-04-12,1,Wrong Item,526.12,2025-03-25 20:50:21
R001560,O0069989,P0030,C03781,2026-05-10,2,Damaged,116.51,2025-10-16 00:47:14
R001561,O0007326,P0466,C04070,2025-05-21,1,Changed Mind,218.48,2026-05-05 05:48:00
R001562,O0062543,P0252,C04627,2025-06-19,1,Wrong Item,65.25,2026-06-27 21:28:00
R001563,O0074207,P0456,C04185,2025-07-25,1,Changed Mind,688.15,2026-07-16 23:03:37
R001564,O0040743,P0001,C01563,2026-07-10,3,Changed Mind,721.71,2026-06-11 04:46:12
R001565,O0039786,P0148,C01258,2026-07-14,2,Wrong Item,684.26,2026-03-11 04:06:12
R001566,O0069269,P0066,C04766,2025-01-13,1,Not as Described,115.98,2026-06-17 21:45:19
R001567,O0052139,P0079,C03506,2025-12-24,2,Changed Mind,335.14,2026-03-10 17:23:39
R001568,O0024099,P0080,C01738,2026-07-26,1,Wrong Item,974.02,2026-05-29 14:22:50
R001569,O0089539,P0439,C00049,2026-01-13,1,Late Delivery,883.5,2026-08-28 01:40:44
R001570,O0039790,P0010,C04832,2026-07-28,1,Not as Described,413.35,2025-03-01 19:10:40
R001571,O0034725,P0259,C02206,2026-06-03,2,Not as Described,212.05,2025-04-26 05:51:05
R001572,O9999999,P0187,C02999,2025-02-15,3,Late Delivery,356.19,2025-04-03 17:46:09
R001573,O0017791,P0246,C00764,2026-04-05,1,Damaged,636.73,2025-09-27 19:20:20
R001574,O0086929,P0150,C01456,2026-09-25,2,Changed Mind,760.51,2025-10-21 04:02:58
R001575,O0083507,P0426,C01361,2025-11-15,1,Wrong Item,408.52,2025-11-26 21:33:10
R001576,O0040757,P0123,C04126,2025-06-25,1,Damaged,717.13,2026-08-03 07:43:33
R001577,O0006402,P0382,C03323,2025-04-29,2,Not as Described,27.95,2025-07-27 17:17:15
R001578,O0075845,P0026,C00727,2026-09-15,1,Damaged,465.14,2025-09-01 01:33:08
R001579,O0022012,P0437,C04852,2025-03-22,2,Wrong Item,203.26,2026-08-20 00:59:49
R001580,O0016845,P0123,C03998,2025-04-01,2,Changed Mind,654.26,2025-10-27 11:38:45
R001581,O0098211,P0072,C04598,2025-05-20,2,Changed Mind,540.93,2025-06-24 09:19:34
R001582,O0050988,P0116,C03660,2026-04-05,3,Changed Mind,151.55,2026-01-01 08:57:17
R001583,O0069671,P0091,C04392,2026-03-27,2,Changed Mind,199.86,2026-03-30 15:28:28
R001584,O0031049,P0171,C03713,2026-02-05,1,Damaged,519.88,2025-11-05 13:31:32
R001585,O9999999,P0444,C03558,2025-08-02,1,Damaged,171.03,2026-02-07 20:44:32
R001586,O0084091,P0146,C02603,2025-03-18,2,Wrong Item,356.35,2025-01-11 22:19:35
R001587,O0096781,P0332,C03335,2026-07-30,3,Late Delivery,327.28,2026-05-09 07:29:29
R001588,O0073266,P0352,C00186,2025-02-28,1,Damaged,182.33,2026-04-12 20:19:20
R001589,O0052884,P0125,C03588,2025-01-10,3,Damaged,124.67,2025-07-29 21:58:28
R001590,O0095699,P0025,C03769,2025-02-10,2,Not as Described,370.24,2025-04-30 09:11:25
R001591,O0073862,P0299,C01731,2026-06-02,1,Not as Described,372.09,2025-06-20 18:42:28
R001592,O0073991,P0435,C01766,2026-09-02,2,Late Delivery,645.75,2025-07-11 18:43:39
R001593,O0050716,P0108,C02234,2025-04-08,2,Late Delivery,245.72,2025-05-16 19:21:23
R001594,O0094203,P0057,C02223,2026-01-07,2,Late Delivery,575.53,2025-07-07 09:55:18
R001595,O0079843,P0497,C02317,2025-04-14,2,Late Delivery,902.39,2026-01-28 19:43:10
R001596,O0021085,P0056,C00850,2026-05-09,1,Damaged,992.41,2025-01-03 10:46:31
R001597,O0007892,P0327,C03678,2026-06-28,1,Damaged,28.16,2025-03-07 14:57:12
R001598,O0084277,P0068,C02093,2025-03-16,3,Wrong Item,442.55,2025-09-14 07:57:09
R001599,O0022025,P0311,C01681,2025-10-16,3,Damaged,766.95,2026-03-23 21:44:46
R001600,O0001725,P0107,C04363,2026-07-03,3,Not as Described,339.0,2026-02-09 22:31:11
R001601,O0072393,P0021,C04000,2025-07-08,3,Late Delivery,582.19,2026-02-24 00:18:23
R001602,O0027046,P0390,C04953,2025-04-17,1,Wrong Item,191.29,2026-03-20 23:49:20
R001603,O0030792,P0266,C01252,2026-04-10,2,Not as Described,24.7,2026-03-05 22:02:59
R001604,O0019825,P0080,C02957,2026-08-10,1,Wrong Item,292.19,2026-05-15 22:10:08
R001605,O0047779,P0173,C04978,2025-04-02,1,Not as Described,236.81,2025-04-04 21:08:17
R001606,O0033891,P0071,C00444,2025-09-09,3,Wrong Item,878.41,2026-09-03 21:56:49
R001607,O0003360,P0189,C00839,2025-07-23,1,Changed Mind,170.83,2025-05-17 17:01:05
R001608,O0049209,P0100,C04771,2025-10-29,3,Not as Described,663.79,2025-04-24 07:47:10
R001609,O0090072,P0231,C03609,2026-07-27,1,Not as Described,338.01,2026-05-11 22:12:28
R001610,O0011317,P0474,C00628,2025-04-19,1,Not as Described,391.85,2026-09-25 00:02:32
R001611,O0056458,P0274,C01013,2026-01-12,3,Damaged,974.16,2026-01-11 00:07:18
R001612,O0033851,P0272,C04112,2026-08-22,1,Not as Described,449.44,2026-09-21 17:20:12
R001613,O0057362,P0444,C01049,2026-06-06,1,Late Delivery,779.58,2025-06-29 19:14:55
R001614,O0092566,P0409,C01825,2025-08-07,2,Damaged,721.17,2026-02-02 16:44:14
R001615,O0097995,P0200,C04886,2026-04-28,3,Not as Described,840.32,2026-02-23 07:58:59
R001616,O0099220,P0439,C00143,2025-07-19,3,Wrong Item,333.05,2025-09-25 06:23:56
R001617,O0086561,P0010,C03893,2026-04-27,2,Changed Mind,498.2,2026-03-20 20:52:16
R001618,O0099980,P0389,C03583,2025-06-24,2,Changed Mind,783.16,2026-03-26 16:36:53
R001619,O0053197,P0131,C02494,2025-07-29,1,Not as Described,28.27,2026-03-27 05:47:34
R001620,O0042879,P0242,C00715,2026-09-08,3,Damaged,426.58,2025-04-20 19:08:59
R001621,O0096085,P0109,C00911,2025-05-02,1,Changed Mind,979.17,2025-07-07 23:07:24
R001622,O0028804,P0270,C04846,2026-01-24,3,Damaged,145.19,2025-09-02 10:38:00
R001623,O0071006,P0445,C03159,2025-09-17,1,Not as Described,58.63,2026-04-03 11:09:32
R001624,O0057734,P0435,C04969,2025-04-17,2,Changed Mind,815.82,2026-05-13 16:34:55
R001625,O0017646,P0378,C00635,2025-08-25,2,Damaged,819.48,2025-06-05 03:39:05
R001626,O0078125,P0445,C02771,2026-09-06,1,Damaged,990.86,2026-01-18 02:03:09
R001627,O0006041,P0065,C02136,2025-05-11,3,Wrong Item,487.48,2025-11-16 05:30:46
R001628,O0043177,P0135,C02395,2025-03-03,1,Changed Mind,679.4,2025-11-26 16:09:24
R001629,O0032108,P0302,C03298,2025-06-17,3,Damaged,749.25,2026-03-23 19:00:36
R001630,O0091347,P0348,C00899,2026-09-26,2,Not as Described,763.25,2026-01-15 08:52:20
R001631,O0039821,P0134,C04162,2025-11-18,1,Changed Mind,731.52,2025-12-28 14:17:43
R001632,O0050261,P0077,C01950,2025-07-12,1,Changed Mind,895.41,2026-04-13 21:13:03
R001633,O0080550,P0199,C03660,2026-01-25,1,Changed Mind,627.49,2026-08-11 11:55:07
R001634,O0047467,P0199,C04829,2025-11-23,3,Wrong Item,146.59,2025-08-02 06:13:09
R001635,O0097395,P0226,C00087,2026-04-22,1,Late Delivery,673.65,2025-07-04 19:40:25
R001636,O0020386,P0493,C01348,2025-05-31,3,Damaged,738.36,2026-07-14 19:14:16
R001637,O0067763,P0057,C04628,2026-02-10,3,Wrong Item,112.88,2025-01-08 07:14:43
R001638,O0056228,P0321,C03200,2026-03-09,2,Late Delivery,737.19,2025-05-26 19:09:41
R001639,O0088263,P0488,C03123,2026-01-30,2,Late Delivery,562.5,2026-03-26 21:34:37
R001640,O0098872,P0112,C03447,2025-06-23,3,Changed Mind,278.34,2025-11-14 07:46:27
R001641,O0070422,P0027,C02305,2025-06-28,1,Changed Mind,98.66,2026-04-12 05:08:23
R001642,O0063177,P0404,C01446,2025-09-27,1,Damaged,455.21,2025-01-17 22:51:21
R001643,O0013548,P0225,C00098,2025-09-26,2,Not as Described,163.09,2025-09-19 07:25:34
R001644,O0043861,P0221,C01521,2025-08-14,3,Changed Mind,354.05,2026-01-02 23:42:36
R001645,O0050701,P0442,C02301,2025-07-10,2,Wrong Item,203.85,2025-01-09 07:18:08
R001646,O0072889,P0067,C00457,2025-12-18,2,Not as Described,441.98,2026-01-05 03:02:04
R001647,O0035526,P0412,C02362,2025-03-18,2,Damaged,145.54,2026-06-01 05:27:52
R001648,O0068069,P0025,C04235,2025-10-21,3,Damaged,869.13,2025-09-30 12:26:21
R001649,O0049369,P0416,C04831,2025-05-30,2,Not as Described,577.3,2025-12-20 15:57:57
R001650,O0087711,P0386,C01079,2025-04-26,3,Late Delivery,144.43,2025-10-14 00:29:00
R001651,O0024238,P0422,C04453,2025-02-01,2,Late Delivery,468.46,2025-08-31 13:41:54
R001652,O0030844,P0093,C02215,2026-06-05,1,Damaged,496.7,2025-04-10 17:30:29
R001653,O0087980,P0135,C01402,2025-02-11,1,Late Delivery,441.14,2025-03-24 03:53:48
R001654,O0014716,P0408,C01440,2025-01-25,2,Not as Described,122.53,2026-05-05 05:34:44
R001655,O0027786,P0119,C01618,2025-06-30,2,Not as Described,875.9,2025-11-20 13:25:22
R001656,O0078434,P0045,C02094,2025-04-17,1,Changed Mind,986.35,2026-03-01 13:06:45
R001657,O0094821,P0371,C03269,2025-11-24,1,Wrong Item,501.4,2025-02-23 01:50:48
R001658,O0009592,P0292,C00884,2026-01-23,2,Wrong Item,879.86,2025-10-21 21:49:21
R001659,O0060105,P0263,C03933,2025-07-24,3,Late Delivery,844.11,2025-10-10 22:21:45
R001660,O0011022,P0021,C03545,2026-04-18,2,Not as Described,401.6,2025-07-29 17:38:34
R001661,O0096286,P0458,C02621,2026-05-22,2,Damaged,399.27,2025-11-28 16:30:03
R001662,O0065747,P0332,C04026,2026-07-24,3,Changed Mind,627.04,2026-08-02 22:22:53
R001663,O0021902,P0175,C00515,2026-05-28,2,Wrong Item,386.47,2026-05-08 09:11:07
R001664,O0038532,P0016,C04553,2025-08-25,2,Wrong Item,510.56,2025-10-25 06:13:52
R001665,O0076940,P0463,C01849,2025-06-09,3,Not as Described,708.65,2025-09-01 07:00:43
R001666,O0024603,P0262,C01165,2025-12-24,1,Wrong Item,77.15,2026-03-21 15:06:25
R001667,O0034024,P0254,C02254,2026-09-06,3,Late Delivery,906.52,2025-09-06 18:42:39
R001668,O0017959,P0016,C00930,2025-09-19,1,Changed Mind,203.02,2026-02-22 12:21:56
R001669,O0014156,P0004,C02770,2026-08-12,3,Wrong Item,901.53,2025-11-17 02:09:47
R001670,O0066875,P0300,C02563,2025-07-30,3,Wrong Item,493.71,2026-03-25 10:46:20
R001671,O0061052,P0435,C04488,2025-05-14,1,Wrong Item,878.4,2026-02-04 23:38:38
R001672,O0032513,P0399,C00202,2025-01-24,2,Damaged,921.08,2026-09-28 14:09:33
R001673,O0038607,P0160,C04586,2025-04-07,1,Late Delivery,649.77,2026-08-26 22:43:27
R001674,O0080252,P0414,C00226,2026-09-11,2,Damaged,41.55,2026-02-03 09:09:45
R001675,O0076937,P0049,C04892,2025-12-09,1,Wrong Item,584.19,2026-04-19 11:32:18
R001676,O0082404,P0293,C03006,2026-03-16,3,Late Delivery,494.6,2025-01-14 14:45:36
R001677,O0092697,P0047,C02311,2025-02-20,3,Damaged,609.81,2025-08-17 18:35:49
R001678,O0047951,P0425,C02502,2026-09-04,2,Not as Described,173.02,2026-07-18 06:11:19
R001679,O0099856,P0448,C01167,2026-07-09,2,Late Delivery,130.08,2026-08-31 11:39:20
R001680,O0022733,P0141,C04329,2025-09-21,2,Wrong Item,195.97,2025-01-19 02:28:04
R001681,O0033755,P0424,C04152,2025-04-22,1,Wrong Item,379.46,2025-06-04 17:38:14
R001682,O0043443,P0129,C04276,2025-02-23,3,Late Delivery,204.36,2026-08-22 08:44:17
R001683,O0097461,P0053,C02682,2025-05-19,2,Wrong Item,963.39,2025-11-20 14:38:13
R001684,O0032534,P0001,C04448,2026-06-22,2,Not as Described,660.28,2025-09-17 10:48:45
R001685,O0064479,P0370,C03567,2026-04-11,3,Late Delivery,958.31,2025-05-01 14:28:51
R001686,O0090818,P0302,C02995,2026-06-16,2,Late Delivery,48.68,2025-03-21 08:12:53
R001687,O9999999,P0160,C04882,2025-08-01,3,Wrong Item,85.12,2025-06-02 13:35:51
R001688,O0035004,P0336,C03826,2026-07-23,1,Damaged,139.07,2025-08-03 06:26:05
R001689,O0072503,P0083,C00054,2025-09-15,3,Wrong Item,873.57,2025-10-01 03:53:25
R001690,O0074662,P0483,C01743,2025-08-03,2,Wrong Item,507.89,2026-07-30 15:20:20
R001691,O0000823,P0174,C02147,2026-05-09,2,Not as Described,-230.99,2025-08-04 13:41:06
R001692,O0029217,P0020,C00607,2025-09-19,3,Wrong Item,376.17,2026-08-04 02:11:56
R001693,O0013061,P0004,C01944,2025-03-13,3,Changed Mind,642.95,2026-02-05 15:25:12
R001694,O0027195,P0277,C04625,2025-12-30,3,Damaged,610.25,2025-05-03 12:14:10
R001695,O0058021,P0029,C00459,2025-07-27,3,Not as Described,212.3,2025-04-29 14:18:33
R001696,O0052352,P0212,C04720,2026-06-28,2,Damaged,456.61,2026-07-05 06:49:45
R001697,O0019191,P0418,C01587,2025-07-30,3,Wrong Item,390.09,2026-07-18 09:27:25
R001698,O0047956,P0404,C01560,2025-07-16,3,Damaged,586.96,2025-04-14 08:30:47
R001699,O0083746,P0227,C00490,2025-09-11,3,Changed Mind,420.68,2026-08-30 04:26:45
R001700,O0097261,P0180,C02553,2025-02-17,2,Not as Described,237.11,2026-01-26 08:49:13
R001701,O0045374,P0226,C03781,2026-07-14,3,Changed Mind,848.4,2026-07-26 08:23:55
R001702,O0061108,P0072,C01635,2025-06-23,3,Damaged,660.85,2025-12-06 08:17:00
R001703,O0032526,P0361,C00352,2026-01-07,1,Wrong Item,876.88,2025-07-09 00:11:03
R001704,O0089031,P0157,C01828,2025-07-27,3,Late Delivery,811.98,2025-03-16 09:45:01
R001705,O0082566,P0472,C04859,2026-04-08,3,Changed Mind,191.52,2025-08-27 00:20:58
R001706,O0055392,P0184,C00077,2026-04-11,3,Damaged,617.55,2025-07-03 05:21:10
R001707,O0037254,P0403,C02272,2026-05-14,1,Changed Mind,619.95,2026-04-01 17:40:31
R001708,O0053830,P0484,C00757,2026-07-20,1,Late Delivery,995.07,2025-04-15 21:20:54
R001709,O0091491,P0484,C02146,2026-06-05,2,Not as Described,248.54,2025-05-24 04:59:31
R001710,O0076268,P0268,C03278,2025-10-04,2,Changed Mind,385.79,2025-09-04 01:36:01
R001711,O0025360,P0319,C00978,2026-02-08,1,Changed Mind,370.72,2025-07-15 01:33:03
R001712,O0095812,P0227,C01210,2026-03-23,3,Not as Described,546.87,2026-08-27 17:12:46
R001713,O0011021,P0332,C04749,2025-12-25,2,Late Delivery,498.63,2025-06-12 23:50:20
R001714,O0055269,P0254,C01651,2025-11-26,3,Damaged,602.05,2026-02-13 21:32:43
R001715,O0068930,P0435,C01729,2026-06-02,2,Damaged,76.6,2026-06-09 15:41:02
R001716,O0046650,P0268,C00099,2025-04-19,3,Wrong Item,558.93,2025-01-19 04:41:17
R001717,O0010654,P0214,C04029,2025-01-07,3,Changed Mind,552.65,2025-08-24 07:25:45
R001718,O0095430,P0453,C01998,2025-12-14,3,Damaged,17.91,2026-02-11 03:19:41
R001719,O0060585,P0054,C04010,2025-04-06,1,Not as Described,506.47,2025-04-29 11:04:48
R001720,O0021106,P0094,C02786,2026-03-18,2,Late Delivery,357.31,2025-12-10 08:25:29
R001721,O0060342,P0337,C04491,2025-02-10,3,Damaged,361.01,2026-05-18 01:53:48
R001722,O0033090,P0285,C03598,2025-03-13,1,Damaged,945.01,2026-04-01 10:53:40
R001723,O0002658,P0038,C04713,2026-04-20,3,Wrong Item,355.94,2025-07-02 01:44:06
R001724,O0085236,P0099,C03567,2025-09-26,2,Late Delivery,364.69,2025-09-06 16:55:35
R001725,O0063921,P0220,C04217,2026-01-17,1,Damaged,380.47,2025-07-14 17:26:22
R001726,O0061032,P0019,C03257,2026-05-10,1,Wrong Item,809.16,2026-04-03 19:11:37
R001727,O0094005,P0197,C04524,2026-09-15,2,Changed Mind,523.68,2026-04-03 06:56:37
R001728,O0085433,P0114,C02681,2025-04-04,3,Wrong Item,760.77,2026-04-06 21:47:42
R001729,O0016451,P0466,C01514,2026-07-25,2,Changed Mind,323.01,2026-04-20 08:51:33
R001730,O0059727,P0065,C02521,2025-12-21,1,Not as Described,416.2,2025-01-03 23:00:22
R001731,O0001923,P0274,C00888,2025-03-21,2,Not as Described,141.64,2026-05-19 06:56:39
R001732,O0035954,P0066,C01939,2025-01-29,1,Not as Described,584.86,2026-04-08 14:57:24
R001733,O0065532,P0172,C04354,2025-01-19,3,Wrong Item,161.72,2026-02-22 01:38:06
R001734,O0003596,P0459,C01547,2025-09-20,2,Not as Described,806.83,2025-10-10 09:36:10
R001735,O0053087,P0161,C01257,2026-08-02,3,Not as Described,826.93,2025-10-14 13:03:11
R001736,O0087809,P0495,C03426,2025-06-22,1,Changed Mind,859.76,2025-02-20 00:21:13
R001737,O0059611,P0075,C00943,2026-04-19,3,Changed Mind,487.57,2025-10-12 02:24:22
R001738,O0054595,P0118,C03191,2026-04-15,2,Wrong Item,285.89,2026-07-29 08:02:39
R001739,O0066866,P0278,C02121,2025-07-03,3,Not as Described,43.44,2025-06-10 22:05:40
R001740,O0009757,P0218,C04861,2025-06-06,2,Changed Mind,578.94,2025-12-26 18:38:46
R001741,O0048606,P0299,C03175,2026-03-25,1,Late Delivery,835.69,2025-03-31 00:42:12
R001742,O0035730,P0360,C00418,2026-01-08,2,Damaged,851.83,2025-11-20 06:40:27
R001743,O0031063,P0335,C03793,2025-05-22,2,Wrong Item,961.39,2025-03-23 20:12:37
R001744,O0089690,P0326,C04957,2026-09-06,1,Wrong Item,496.51,2025-12-08 02:28:38
R001745,O0034321,P0423,C04219,2026-06-09,3,Not as Described,880.42,2026-03-01 00:33:28
R001746,O0065028,P0354,C01340,2025-03-02,1,Damaged,897.44,2025-10-23 07:58:43
R001747,O0050470,P0280,C00649,2025-09-12,2,Wrong Item,639.54,2025-04-21 16:25:48
R001748,O0095353,P0141,C01911,2025-04-29,3,Late Delivery,471.11,2025-09-09 15:16:51
R001749,O0064496,P0316,C03479,2026-08-24,2,Not as Described,695.59,2025-06-18 03:05:22
R001750,O0068531,P0380,C03011,2026-04-05,2,Damaged,905.25,2026-02-23 03:22:31
R001751,O0091369,P0149,C02677,2025-10-09,2,Not as Described,888.88,2026-01-20 14:40:07
R001752,O0098604,P0298,C00444,2025-12-31,2,Not as Described,770.78,2025-03-11 23:36:03
R001753,O0033302,P0069,C02802,2025-10-29,3,Late Delivery,840.76,2025-05-26 03:02:44
R001754,O0026416,P0143,C00193,2025-11-02,2,Late Delivery,879.63,2025-10-12 01:02:33
R001755,O0054476,P0009,C04689,2025-03-01,3,Changed Mind,29.95,2025-10-20 18:42:25
R001756,O0021369,P0470,C01108,2026-07-08,3,Not as Described,355.7,2026-01-12 05:51:15
R001757,O0070890,P0388,C00295,2026-04-29,3,Wrong Item,553.24,2025-08-13 08:26:37
R001758,O0012590,P0020,C02049,2026-08-24,3,Late Delivery,969.72,2026-05-05 05:58:27
R001759,O0011788,P0468,C04309,2025-02-19,1,Changed Mind,415.1,2025-05-30 15:44:38
R001760,O0022364,P0254,C02927,2025-04-15,2,Wrong Item,785.9,2026-05-23 09:58:06
R001761,O0060425,P0411,C03322,2026-01-10,1,Not as Described,621.93,2025-11-07 06:22:34
R001762,O0027824,P0149,C02673,2026-07-11,1,Not as Described,923.21,2025-10-17 06:22:56
R001763,O0000722,P0224,C00311,2026-06-18,2,Not as Described,996.16,2026-09-19 10:40:52
R001764,O0086054,P0193,C01459,2026-04-13,1,Not as Described,422.12,2025-09-17 10:15:30
R001765,O0034914,P0065,C03411,2026-07-18,3,Not as Described,400.76,2026-05-07 16:06:26
R001766,O0024352,P0448,C01296,2026-03-14,2,Late Delivery,851.99,2026-08-09 17:01:52
R001767,O0044473,P0224,C03133,2025-09-17,3,Wrong Item,664.38,2026-03-09 05:51:05
R001768,O0044424,P0045,C03623,2025-08-24,2,Damaged,897.61,2025-05-03 01:27:50
R001769,O0094298,P0421,C00384,2025-02-20,2,Wrong Item,644.11,2025-03-04 17:18:55
R001770,O0058310,P0464,C00714,2026-07-11,3,Late Delivery,196.97,2025-01-28 06:58:39
R001771,O0074125,P0340,C02487,2025-02-23,2,Damaged,387.24,2025-02-25 20:30:19
R001772,O0008041,P0390,C00107,2026-02-12,3,Damaged,652.87,2026-03-31 02:52:20
R001773,O0007661,P0319,C00396,2026-02-25,2,Wrong Item,681.06,2026-04-21 07:27:10
R001774,O0029205,P0345,C00954,2026-09-24,1,Damaged,902.47,2025-12-03 06:27:10
R001775,O0025476,P0334,C00984,2025-05-30,1,Not as Described,340.68,2026-09-25 16:45:11
R001776,O0079041,P0252,C03293,2025-07-03,3,Late Delivery,714.4,2025-06-23 02:36:05
R001777,O0029792,P0302,C02337,2026-04-30,3,Wrong Item,971.62,2025-05-22 00:12:20
R001778,O0036383,P0442,C02746,2026-03-20,1,Not as Described,275.92,2026-04-27 06:38:22
R001779,O0083688,P0128,C04188,2025-08-14,3,Not as Described,640.0,2025-01-20 16:53:18
R001780,O0062420,P0133,C04025,2026-05-27,3,Not as Described,282.22,2026-08-18 02:21:55
R001781,O0055531,P0379,C03510,2025-10-29,1,Wrong Item,336.22,2025-07-10 03:40:26
R001782,O0056806,P0467,C01355,2025-09-11,1,Wrong Item,425.84,2025-09-23 01:45:43
R001783,O0056337,P0279,C04803,2025-12-08,1,Changed Mind,793.42,2026-03-13 07:16:17
R001784,O0021244,P0252,C04600,2025-05-15,2,Damaged,268.2,2026-02-06 01:56:25
R001785,O0084958,P0316,C03619,2025-08-07,1,Damaged,770.82,2025-07-05 14:52:58
R001786,O0027826,P0373,C02122,2025-07-20,2,Changed Mind,789.63,2025-07-22 17:57:51
R001787,O0049443,P0324,C02713,2026-04-06,2,Damaged,488.21,2026-07-18 23:43:25
R001788,O0097353,P0229,C00740,2026-09-15,1,Wrong Item,386.72,2026-07-27 22:48:15
R001789,O0024365,P0109,C01366,2026-02-15,1,Damaged,566.75,2025-07-31 05:55:06
R001790,O0048384,P0435,C03896,2025-10-24,1,Changed Mind,306.54,2025-09-23 20:11:24
R001791,O0075419,P0297,C00533,2025-02-11,2,Not as Described,173.58,2026-04-17 00:28:26
R001792,O0046772,P0386,C01752,2025-07-23,1,Changed Mind,416.36,2026-09-20 17:30:07
R001793,O0095876,P0265,C02046,2026-04-07,3,Wrong Item,257.72,2026-05-15 00:59:16
R001794,O0099884,P0178,C00881,2026-02-25,2,Late Delivery,669.67,2025-01-17 23:27:51
R001795,O0050871,P0263,C03576,2026-07-01,2,Not as Described,981.19,2025-04-04 16:35:54
R001796,O0045764,P0384,C04372,2026-09-17,2,Wrong Item,969.62,2026-01-26 23:58:57
R001797,O0070642,P0258,C03347,2025-02-05,3,Wrong Item,170.35,2025-06-07 21:23:37
R001798,O0069798,P0241,C04801,2025-06-02,1,Late Delivery,449.76,2025-06-22 08:30:35
R001799,O0033996,P0300,C00607,2026-05-23,2,Changed Mind,335.05,2026-06-20 17:42:42
R001800,O0014153,P0082,C03419,2025-07-24,2,Not as Described,244.83,2026-05-22 09:59:05
R001801,O0023522,P0473,C00447,2025-06-13,3,Changed Mind,430.27,2025-03-25 22:28:20
R001802,O0092537,P0349,C02836,2025-04-29,1,Changed Mind,849.82,2026-09-03 21:05:45
R001803,O0042417,P0074,C01504,2025-07-02,3,Wrong Item,305.14,2026-09-01 05:16:39
R001804,O0003240,P0404,C02664,2025-04-14,1,Wrong Item,487.87,2025-11-11 01:21:18
R001805,O0062608,P0099,C01461,2025-11-14,2,Changed Mind,972.54,2025-07-07 14:58:39
R001806,O0037822,P0212,C01297,2026-02-26,3,Changed Mind,120.71,2025-07-12 05:44:38
R001807,O0007903,P0001,C00687,2025-08-26,1,Damaged,926.05,2025-07-08 00:35:51
R001808,O0065301,P0404,C04554,2025-04-09,3,Wrong Item,796.62,2025-11-02 03:25:19
R001809,O0077501,P0180,C01411,2026-05-27,1,Wrong Item,948.46,2026-03-13 12:41:43
R001810,O0075174,P0053,C02278,2025-03-11,1,Changed Mind,328.12,2025-09-14 06:23:07
R001811,O0018292,P0486,C04394,2026-06-27,1,Not as Described,532.06,2025-11-02 09:14:09
R001812,O0050832,P0162,C02782,2026-04-16,2,Changed Mind,781.71,2026-04-08 10:53:29
R001813,O0098782,P0076,C00113,2025-11-29,1,Changed Mind,466.94,2026-08-16 22:48:12
R001814,O0004954,P0146,C04774,2025-04-25,1,Not as Described,649.49,2025-11-19 17:35:52
R001815,O0082024,P0011,C03785,2025-07-31,3,Damaged,719.32,2025-10-09 22:14:57
R001816,O0011998,P0114,C01824,2025-03-04,1,Damaged,608.04,2025-07-14 13:42:43
R001817,O0074017,P0442,C00789,2025-06-04,1,Damaged,119.75,2026-05-29 19:34:01
R001818,O0058927,P0460,C04663,2026-07-13,2,Changed Mind,50.44,2026-09-02 00:06:46
R001819,O0028987,P0220,C03385,2025-07-23,2,Changed Mind,20.33,2026-06-27 06:49:52
R001820,O0049315,P0345,C00203,2026-06-11,1,Changed Mind,327.99,2025-04-11 21:46:26
R001821,O0017298,P0025,C03480,2025-08-09,1,Damaged,575.42,2025-03-09 14:10:31
R001822,O0048196,P0466,C02538,2026-01-18,2,Wrong Item,455.85,2025-04-21 10:11:12
R001823,O0047045,P0416,C00341,2026-05-04,3,Damaged,304.81,2026-03-12 11:01:11
R001824,O0007661,P0211,C02841,2025-02-12,3,Changed Mind,264.46,2025-07-18 04:25:18
R001825,O0054968,P0091,C02261,2025-03-19,3,Changed Mind,767.77,2026-09-13 03:13:26
R001826,O0084003,P0037,C02510,2026-01-30,1,Wrong Item,968.06,2025-01-21 02:16:08
R001827,O0056274,P0056,C00064,2026-03-16,3,Late Delivery,364.42,2025-05-04 04:05:37
R001828,O0012587,P0071,C02365,2026-02-07,3,Damaged,939.14,2025-10-08 14:14:06
R001829,O0092300,P0216,C01324,2025-05-05,2,Wrong Item,-580.46,2025-07-09 01:11:35
R001830,O0059595,P0091,C00508,2025-05-24,1,Late Delivery,504.21,2025-10-27 16:12:04
R001831,O0025918,P0082,C01948,2026-09-06,2,Late Delivery,447.71,2026-03-17 13:13:27
R001832,O0037629,P0178,C04940,2025-10-31,1,Changed Mind,642.43,2025-01-10 11:19:55
R001833,O0092528,P0409,C03910,2025-08-30,3,Wrong Item,294.03,2026-04-30 13:58:07
R001834,O0066972,P0432,C01103,2026-04-15,2,Wrong Item,396.02,2025-03-20 02:57:47
R001835,O0042749,P0381,C04420,2026-02-22,1,Damaged,86.3,2026-05-17 05:06:03
R001836,O0027112,P0495,C00426,2025-12-02,1,Late Delivery,767.38,2025-09-21 18:41:53
R001837,O0037276,P0453,C01814,2026-01-30,1,Changed Mind,237.49,2025-08-22 08:42:23
R001838,O0089543,P0444,C02141,2026-04-12,2,Late Delivery,875.26,2026-08-12 03:53:41
R001839,O0045395,P0500,C02790,2025-10-29,2,Damaged,836.06,2025-12-06 17:18:28
R001840,O0030363,P0169,C00536,2025-11-26,3,Not as Described,595.19,2025-04-11 01:28:06
R001841,O0076303,P0135,C01970,2026-03-27,2,Not as Described,570.08,2025-12-27 06:11:36
R001842,O0050418,P0176,C00882,2025-05-04,2,Damaged,202.92,2025-04-01 01:57:38
R001843,O0061580,P0370,C03732,2025-06-12,1,Changed Mind,280.97,2025-11-14 14:00:41
R001844,O0022552,P0317,C04097,2026-04-28,1,Late Delivery,99.98,2026-01-08 08:41:33
R001845,O0012964,P0191,C00838,2025-07-15,1,Wrong Item,94.26,2026-04-19 00:27:14
R001846,O0004364,P0308,C04309,2026-04-16,1,Changed Mind,237.2,2025-09-16 01:06:17
R001847,O0038962,P0055,C04643,2025-04-01,3,Changed Mind,775.71,2026-03-02 13:11:48
R001848,O0067847,P0318,C03600,2025-12-06,2,Damaged,129.55,2026-04-06 19:15:02
R001849,O0071705,P0265,C02622,2025-12-12,2,Damaged,855.95,2026-08-29 18:20:28
R001850,O0093509,P0360,C00609,2026-07-26,2,Damaged,148.85,2026-05-09 02:20:46
R001851,O0014602,P0144,C00799,2025-10-21,2,Changed Mind,892.31,2025-03-18 17:42:34
R001852,O0018404,P0444,C04762,2025-01-02,2,Late Delivery,807.13,2026-05-23 16:46:01
R001853,O0016761,P0402,C01828,2026-09-26,2,Damaged,62.81,2026-06-17 23:25:14
R001854,O0043108,P0460,C04101,2026-04-22,1,Late Delivery,536.0,2026-06-23 22:18:45
R001855,O0079364,P0213,C04695,2025-01-05,2,Changed Mind,744.24,2026-03-26 17:59:14
R001856,O0021910,P0400,C01729,2025-01-31,2,Damaged,508.42,2025-06-15 01:52:22
R001857,O0088912,P0376,C00904,2025-11-10,1,Not as Described,166.94,2025-06-29 19:37:02
R001858,O0047777,P0133,C04069,2025-04-20,1,Not as Described,18.25,2025-08-14 12:45:02
R001859,O0087633,P0497,C00418,2025-10-29,3,Wrong Item,690.69,2026-08-10 15:22:01
R001860,O0087242,P0432,C04759,2025-07-16,1,Late Delivery,510.3,2026-07-27 19:49:46
R001861,O0077973,P0247,C03831,2026-08-06,2,Not as Described,226.24,2025-09-10 18:34:10
R001862,O0013607,P0029,C03115,2025-10-26,2,Not as Described,800.04,2026-02-25 14:39:33
R001863,O0041847,P0389,C02231,2025-02-04,3,Damaged,227.62,2026-03-23 17:01:51
R001864,O0084197,P0474,C02313,2025-04-08,2,Damaged,632.83,2025-03-11 09:05:42
R001865,O0038111,P0034,C03862,2026-06-11,1,Damaged,597.12,2026-02-17 01:41:14
R001866,O9999999,P0421,C01945,2025-03-14,2,Wrong Item,79.18,2026-06-10 21:30:05
R001867,O0093307,P0139,C02146,2026-07-25,3,Not as Described,661.37,2026-07-02 19:05:57
R001868,O0068686,P0085,C01132,2026-05-20,2,Not as Described,837.37,2025-12-04 14:19:47
R001869,O0039705,P0418,C02734,2025-10-15,1,Changed Mind,807.13,2026-07-17 01:08:13
R001870,O0087983,P0246,C02230,2026-03-03,2,Damaged,926.84,2026-07-23 07:29:04
R001871,O0075588,P0438,C04179,2025-07-07,2,Late Delivery,650.78,2026-05-31 20:01:28
R001872,O0093675,P0160,C04034,2025-03-16,3,Changed Mind,301.5,2026-01-28 09:13:38
R001873,O0084219,P0154,C01948,2025-11-23,1,Late Delivery,540.15,2026-02-24 09:54:55
R001874,O0055692,P0184,C01409,2026-03-09,1,Not as Described,134.25,2026-09-24 16:48:32
R001875,O0086389,P0496,C03931,2025-08-29,1,Wrong Item,930.33,2025-10-31 02:53:50
R001876,O0019586,P0029,C00723,2026-05-01,3,Changed Mind,846.73,2025-01-15 12:19:57
R001877,O0025729,P0040,C04704,2025-10-15,3,Not as Described,294.17,2026-04-27 16:09:37
R001878,O0092055,P0396,C04240,2026-07-05,2,Changed Mind,137.87,2026-09-14 11:00:01
R001879,O0032443,P0002,C03927,2025-07-06,2,Late Delivery,325.04,2025-03-22 06:51:58
R001880,O0037276,P0231,C03040,2025-08-29,2,Late Delivery,893.14,2026-03-25 20:41:23
R001881,O0094828,P0058,C02157,2026-08-26,3,Late Delivery,48.12,2025-08-25 23:14:47
R001882,O0039328,P0147,C03914,2026-07-29,2,Late Delivery,681.22,2025-07-17 08:55:54
R001883,O0061330,P0351,C01190,2026-04-04,2,Damaged,589.85,2026-03-25 18:48:50
R001884,O0086365,P0192,C01694,2025-12-26,2,Late Delivery,728.16,2026-01-24 12:11:30
R001885,O0065745,P0415,C04065,2025-10-28,2,Wrong Item,328.04,2026-09-25 19:26:41
R001886,O0059875,P0260,C00121,2026-06-26,1,Late Delivery,983.67,2025-02-20 05:23:19
R001887,O0077922,P0361,C03889,2025-10-07,2,Changed Mind,835.44,2025-11-23 03:54:46
R001888,O0065541,P0498,C02894,2026-02-02,1,Changed Mind,367.54,2026-08-24 06:00:34
R001889,O0031405,P0142,C02318,2026-07-29,1,Not as Described,328.96,2025-12-21 14:43:59
R001890,O0099724,P0075,C02993,2025-05-15,2,Not as Described,248.16,2025-03-10 17:58:52
R001891,O0062881,P0347,C02130,2025-10-29,1,Wrong Item,894.1,2025-04-09 23:11:41
R001892,O0068693,P0272,C00097,2025-02-18,2,Changed Mind,956.51,2025-07-26 21:48:22
R001893,O0094368,P0240,C03726,2025-11-26,1,Changed Mind,947.58,2025-11-22 14:26:38
R001894,O0069517,P0153,C00580,2025-09-30,1,Changed Mind,115.71,2026-08-09 16:43:41
R001895,O0023085,P0003,C04315,2025-05-20,1,Late Delivery,257.58,2025-09-13 19:36:09
R001896,O0030356,P0453,C00850,2025-08-13,3,Not as Described,979.23,2025-02-20 21:13:39
R001897,O0017287,P0264,C01747,2025-04-19,2,Changed Mind,32.07,2025-04-17 21:05:20
R001898,O0040235,P0243,C03550,2025-09-18,2,Changed Mind,146.64,2026-01-20 21:33:31
R001899,O0005714,P0415,C01554,2026-08-24,3,Late Delivery,971.58,2025-09-14 05:54:09
R001900,O0002271,P0434,C01842,2026-01-27,3,Wrong Item,731.19,2026-09-03 22:44:48
R001901,O0042042,P0469,C02819,2026-01-02,3,Late Delivery,360.14,2025-03-31 22:45:05
R001902,O0061594,P0052,C02098,2025-04-08,3,Wrong Item,381.87,2026-03-03 16:47:50
R001903,O0080057,P0408,C02368,2026-04-01,3,Not as Described,630.37,2025-07-13 10:31:57
R001904,O0001881,P0138,C04686,2025-11-21,3,Not as Described,245.1,2025-08-31 05:09:07
R001905,O0082644,P0429,C04407,2025-05-16,3,Changed Mind,429.73,2025-01-01 20:08:22
R001906,O0027499,P0414,C04809,2025-10-28,2,Wrong Item,653.44,2026-06-30 01:39:10
R001907,O0085196,P0044,C02497,2026-05-05,3,Changed Mind,625.6,2025-05-20 04:41:26
R001908,O0037818,P0424,C04758,2025-11-01,2,Wrong Item,481.05,2026-04-15 00:20:50
R001909,O0057192,P0256,C00179,2026-05-25,2,Changed Mind,172.39,2026-08-15 22:04:23
R001910,O0037765,P0465,C04301,2025-06-10,2,Changed Mind,393.96,2025-09-30 22:39:11
R001911,O0030196,P0248,C00341,2025-09-30,3,Changed Mind,250.35,2025-06-25 12:24:05
R001912,O0086942,P0191,C00642,2026-06-07,2,Not as Described,804.98,2025-06-19 17:55:16
R001913,O0036447,P0069,C02171,2026-05-10,2,Damaged,174.96,2026-04-01 01:11:43
R001914,O0026572,P0147,C01492,2025-07-06,1,Wrong Item,156.48,2026-04-12 21:15:25
R001915,O0057020,P0195,C04162,2025-07-02,1,Late Delivery,518.75,2026-01-21 06:36:54
R001916,O0089444,P0329,C00902,2025-04-27,1,Changed Mind,82.57,2025-04-29 17:52:09
R001917,O0021782,P0385,C01446,2025-07-20,1,Damaged,760.33,2025-03-09 12:48:02
R001918,O0035890,P0102,C04926,2026-08-16,3,Wrong Item,706.42,2025-08-17 06:33:48
R001919,O0085486,P0402,C01171,2026-02-25,3,Changed Mind,708.19,2025-05-05 16:55:36
R001920,O0069711,P0410,C02471,2025-03-19,3,Wrong Item,714.79,2026-07-05 15:47:24
R001921,O0057787,P0024,C01857,2025-12-13,1,Damaged,485.12,2026-07-21 06:14:01
R001922,O0050300,P0284,C02964,2026-09-07,3,Late Delivery,429.27,2026-07-13 12:19:37
R001923,O0029177,P0381,C03142,2025-09-28,2,Not as Described,225.53,2026-06-08 09:41:56
R001924,O0043377,P0395,C02824,2026-09-03,2,Wrong Item,962.96,2025-05-07 16:18:58
R001925,O0038811,P0478,C03755,2025-01-28,2,Wrong Item,975.71,2026-09-11 06:39:33
R001926,O0069441,P0452,C02503,2025-03-21,2,Changed Mind,854.29,2026-05-01 00:04:42
R001927,O0092688,P0094,C02226,2026-05-21,3,Late Delivery,516.7,2025-08-27 15:42:16
R001928,O0043145,P0029,C00498,2025-08-04,1,Damaged,693.23,2025-01-07 14:09:09
R001929,O0000842,P0340,C02818,2025-10-29,1,Late Delivery,524.93,2025-03-05 08:45:40
R001930,O0022297,P0412,C03962,2025-02-05,2,Late Delivery,700.21,2026-06-10 20:02:59
R001931,O0048764,P0150,C01492,2026-01-08,3,Late Delivery,867.63,2025-02-17 09:50:55
R001932,O0063725,P0319,C00579,2026-02-17,3,Late Delivery,903.7,2025-06-10 16:44:23
R001933,O0027272,P0490,C03235,2025-02-22,3,Not as Described,445.66,2026-04-14 08:31:52
R001934,O0075281,P0449,C03107,2025-03-20,2,Not as Described,683.55,2025-10-08 02:41:23
R001935,O0059274,P0277,C00907,2026-06-28,1,Damaged,621.91,2025-11-20 17:49:24
R001936,O0060911,P0167,C01048,2025-07-31,3,Wrong Item,261.91,2026-09-28 12:53:14
R001937,O0061922,P0072,C01401,2025-11-20,2,Changed Mind,100.91,2025-10-23 10:03:13
R001938,O0004018,P0237,C04249,2025-07-20,1,Late Delivery,951.08,2025-11-22 20:31:17
R001939,O0042505,P0485,C03080,2025-06-26,3,Changed Mind,121.67,2025-05-30 08:50:15
R001940,O0084938,P0355,C03402,2025-07-15,2,Changed Mind,986.98,2025-01-26 20:41:08
R001941,O0038527,P0414,C00251,2026-07-06,3,Damaged,938.34,2025-11-07 10:45:14
R001942,O0065565,P0456,C00707,2025-12-23,1,Wrong Item,448.35,2025-07-21 12:12:33
R001943,O0040429,P0380,C02946,2025-09-12,1,Not as Described,13.31,2025-12-08 16:40:48
R001944,O0089776,P0218,C04029,2025-03-20,1,Not as Described,403.86,2026-05-22 06:12:52
R001945,O0087178,P0018,C03093,2025-06-23,3,Wrong Item,837.22,2026-05-01 00:39:02
R001946,O0038834,P0063,C01176,2025-12-01,1,Wrong Item,74.5,2025-03-23 19:07:17
R001947,O0045545,P0245,C02173,2026-02-01,2,Not as Described,69.44,2025-09-27 15:20:04
R001948,O0009101,P0468,C04851,2026-03-26,2,Changed Mind,447.44,2025-10-18 01:36:45
R001949,O0052605,P0101,C01376,2025-04-02,2,Wrong Item,11.85,2025-01-12 20:00:36
R001950,O0085708,P0306,C03172,2025-10-30,2,Changed Mind,799.22,2026-08-22 06:12:32
R001951,O0081851,P0463,C01389,2026-04-13,3,Not as Described,934.66,2025-10-13 08:06:18
R001952,O0066436,P0323,C02240,2025-01-28,3,Changed Mind,448.06,2025-09-22 19:21:59
R001953,O0054703,P0003,C01617,2025-10-31,3,Damaged,591.51,2025-07-19 02:01:29
R001954,O0042548,P0177,C00442,2026-01-01,2,Damaged,537.88,2026-06-11 16:56:23
R001955,O0087372,P0188,C00913,2026-05-13,3,Not as Described,355.75,2026-01-09 11:42:14
R001956,O0075545,P0199,C02795,2025-05-17,3,Late Delivery,643.01,2026-03-13 13:46:35
R001957,O0068568,P0317,C03303,2026-01-12,1,Changed Mind,455.35,2025-09-14 01:53:13
R001958,O0098903,P0219,C03569,2025-04-08,1,Damaged,280.64,2025-05-12 07:27:57
R001959,O0087236,P0346,C02228,2026-06-28,3,Damaged,959.68,2026-06-08 13:55:31
R001960,O0036633,P0178,C00296,2025-04-02,2,Not as Described,928.9,2026-04-02 14:48:47
R001961,O0032180,P0206,C00648,2026-08-04,1,Late Delivery,828.24,2025-03-25 12:48:05
R001962,O0000260,P0406,C03038,2025-09-21,2,Damaged,175.25,2026-06-21 08:18:31
R001963,O0002932,P0029,C00357,2025-04-02,2,Changed Mind,594.2,2026-06-03 09:42:40
R001964,O0043420,P0351,C03009,2025-07-26,1,Late Delivery,743.85,2026-05-23 07:57:47
R001965,O0008723,P0371,C04960,2026-04-09,3,Wrong Item,28.89,2026-02-14 16:24:40
R001966,O0052102,P0078,C01161,2025-08-26,2,Damaged,837.03,2025-12-01 22:44:13
R001967,O0080975,P0220,C01095,2026-03-22,3,Damaged,580.17,2025-01-30 23:54:13
R001968,O0060482,P0063,C04037,2026-01-01,2,Wrong Item,561.3,2026-03-11 02:57:18
R001969,O0096260,P0318,C04488,2025-11-24,2,Wrong Item,553.67,2026-06-21 12:24:50
R001970,O0002551,P0016,C00150,2025-11-22,1,Changed Mind,355.79,2026-03-02 07:35:06
R001971,O0056153,P0190,C00585,2025-02-06,2,Wrong Item,711.19,2025-10-13 00:53:54
R001972,O0040334,P0457,C01756,2025-02-27,1,Changed Mind,134.27,2025-10-27 16:40:38
R001973,O0082904,P0237,C02453,2026-05-12,1,Not as Described,798.25,2025-07-18 22:42:19
R001974,O0015959,P0438,C04163,2025-04-27,1,Damaged,12.03,2026-01-16 15:26:11
R001975,O0058062,P0096,C00938,2025-09-10,3,Changed Mind,588.11,2025-09-07 22:33:54
R001976,O0095301,P0191,C04018,2025-03-08,2,Late Delivery,937.41,2025-02-26 20:25:45
R001977,O0085738,P0046,C03668,2025-12-15,2,Late Delivery,141.75,2025-07-11 13:18:30
R001978,O0005288,P0264,C00304,2026-04-18,3,Damaged,997.49,2026-02-28 13:31:11
R001979,O0007848,P0338,C03585,2025-06-07,1,Not as Described,119.01,2025-10-30 06:20:52
R001980,O0005859,P0216,C00199,2025-04-21,1,Damaged,127.12,2026-02-12 09:20:53
R001981,O0062002,P0131,C04007,2026-04-05,2,Not as Described,67.72,2026-09-15 02:25:12
R001982,O0080843,P0001,C03506,2026-09-02,2,Late Delivery,488.56,2025-10-17 15:42:54
R001983,O0080602,P0237,C02934,2026-04-10,2,Changed Mind,90.61,2026-07-14 23:48:41
R001984,O0036467,P0087,C04415,2025-07-05,1,Not as Described,301.03,2026-02-09 19:50:20
R001985,O0094722,P0499,C01778,2025-01-11,3,Late Delivery,723.52,2025-04-10 01:02:47
R001986,O0001396,P0331,C03087,2025-09-02,2,Damaged,256.31,2026-04-28 07:18:17
R001987,O0002398,P0279,C03952,2025-09-25,3,Wrong Item,571.2,2025-06-07 20:08:13
R001988,O0011390,P0131,C03349,2026-08-26,3,Not as Described,221.27,2025-12-05 13:12:17
R001989,O0082520,P0246,C04275,2026-01-23,3,Changed Mind,415.1,2025-11-12 02:41:48
R001990,O0098667,P0165,C04028,2025-04-09,2,Not as Described,271.99,2026-05-14 13:24:35
R001991,O0073428,P0390,C04856,2026-02-26,1,Wrong Item,818.4,2025-05-16 03:58:24
R001992,O0072411,P0488,C03140,2025-05-04,1,Late Delivery,465.19,2025-11-16 03:41:26
R001993,O0057860,P0213,C04127,2026-03-15,1,Late Delivery,552.72,2026-07-30 03:50:50
R001994,O0055925,P0200,C01637,2026-04-29,2,Not as Described,169.3,2026-07-10 06:27:28
R001995,O0028678,P0040,C02518,2026-08-24,1,Changed Mind,280.02,2026-05-03 09:45:05
R001996,O0026351,P0135,C04305,2026-07-17,3,Not as Described,743.84,2025-06-22 08:04:39
R001997,O0047702,P0290,C00874,2025-09-26,3,Damaged,992.0,2025-05-31 20:38:22
R001998,O0028183,P0346,C01398,2026-02-16,1,Changed Mind,102.15,2026-01-13 03:01:23
R001999,O0073945,P0192,C01412,2026-05-29,2,Late Delivery,375.49,2025-08-15 16:59:53
R002000,O0089387,P0040,C04548,2025-11-24,3,Late Delivery,630.75,2025-07-06 06:41:52
R002001,O0081153,P0325,C04475,2025-03-12,1,Late Delivery,97.43,2025-12-21 00:41:07
R002002,O0061429,P0472,C04911,2026-06-28,3,Damaged,399.45,2025-05-24 23:01:18
R002003,O0037674,P0356,C02901,2025-07-18,1,Not as Described,801.91,2025-04-17 02:00:24
R002004,O0027230,P0466,C00067,2025-10-06,3,Late Delivery,878.08,2026-08-19 09:08:44
R002005,O0070230,P0123,C03811,2026-06-12,1,Not as Described,420.99,2026-04-15 17:53:39
R002006,O0072874,P0021,C00519,2026-03-20,1,Late Delivery,692.27,2026-04-27 22:53:47
R002007,O0016498,P0368,C01475,2025-08-07,1,Late Delivery,651.62,2025-08-14 10:06:20
R002008,O0001972,P0305,C00335,2025-08-18,2,Wrong Item,745.14,2025-08-14 11:55:03
R002009,O0055285,P0131,C00055,2026-05-14,2,Changed Mind,78.69,2025-02-09 12:35:02
R002010,O0008913,P0149,C00844,2025-03-17,3,Damaged,309.69,2025-01-22 16:22:08
R002011,O0028281,P0494,C01305,2025-01-16,2,Late Delivery,576.47,2025-01-22 00:33:02
R002012,O0011943,P0381,C04317,2025-11-25,2,Changed Mind,90.31,2025-08-25 15:29:03
R002013,O0073069,P0274,C00343,2025-10-16,1,Wrong Item,44.3,2026-06-08 13:23:56
R002014,O0024554,P0387,C04423,2026-03-27,3,Late Delivery,647.96,2026-06-12 03:00:33
R002015,O0050481,P0165,C02246,2025-11-30,2,Changed Mind,52.92,2026-09-25 02:11:37
R002016,O0007869,P0406,C04931,2025-05-03,2,Damaged,465.8,2025-11-10 21:03:15
R002017,O0083098,P0116,C00233,2025-09-24,2,Not as Described,52.57,2025-07-09 22:59:06
R002018,O0001024,P0218,C00176,2025-03-16,2,Changed Mind,346.81,2025-06-15 00:26:18
R002019,O0075272,P0431,C04023,2025-10-20,1,Not as Described,43.24,2026-01-21 01:49:50
R002020,O0022595,P0132,C02463,2026-01-03,2,Not as Described,224.9,2025-02-20 08:48:36
R002021,O0020221,P0283,C04968,2026-02-08,2,Wrong Item,476.19,2025-04-08 20:33:52
R002022,O0053334,P0379,C03882,2026-02-13,1,Damaged,734.37,2026-08-18 08:23:29
R002023,O0050192,P0052,C03724,2026-03-09,2,Not as Described,497.21,2026-06-17 09:27:49
R002024,O0074783,P0372,C04337,2026-09-03,1,Not as Described,825.46,2026-05-28 21:02:57
R002025,O0007268,P0161,C02145,2026-04-08,3,Not as Described,425.84,2025-08-02 15:23:07
R002026,O0056273,P0434,C04619,2025-10-15,2,Damaged,934.6,2025-08-02 04:57:06
R002027,O0062274,P0352,C03493,2025-06-16,1,Not as Described,811.29,2025-09-10 13:46:30
R002028,O0053897,P0033,C03270,2026-06-21,3,Late Delivery,232.08,2026-06-05 07:41:19
R002029,O0012942,P0366,C02972,2026-04-16,2,Damaged,589.5,2026-06-01 15:58:12
R002030,O0022729,P0161,C02280,2025-08-02,2,Damaged,819.48,2025-02-04 08:06:08
R002031,O0051454,P0201,C03109,2026-06-26,2,Damaged,368.58,2025-07-04 14:46:54
R002032,O0092072,P0485,C03604,2025-09-14,1,Damaged,127.75,2025-06-17 15:05:52
R002033,O0036874,P0011,C02079,2025-02-22,3,Damaged,848.95,2025-03-15 08:03:10
R002034,O0044344,P0438,C04951,2025-08-30,1,Damaged,479.01,2025-12-20 23:43:03
R002035,O0078557,P0408,C03032,2025-11-15,1,Wrong Item,97.69,2025-05-11 07:22:36
R002036,O0057942,P0486,C00289,2026-05-28,2,Changed Mind,744.87,2026-05-24 07:12:07
R002037,O0005389,P0114,C04599,2025-07-23,2,Wrong Item,795.74,2026-09-26 01:02:41
R002038,O0054792,P0469,C04480,2025-08-28,1,Changed Mind,129.41,2026-06-15 16:58:46
R002039,O0007788,P0229,C02894,2025-08-02,3,Damaged,173.05,2025-10-12 14:04:37
R002040,O0088709,P0043,C00390,2025-03-25,1,Changed Mind,331.65,2025-01-02 07:27:39
R002041,O0059207,P0361,C00532,2026-02-26,3,Damaged,458.25,2026-04-16 15:23:22
R002042,O0092383,P0066,C01564,2026-03-24,3,Wrong Item,733.88,2026-01-23 07:51:20
R002043,O0033104,P0339,C02835,2026-02-09,3,Not as Described,382.31,2025-02-24 15:15:52
R002044,O0081762,P0150,C01466,2025-11-17,1,Late Delivery,720.5,2026-09-09 23:03:07
R002045,O0098424,P0235,C04341,2025-01-01,3,Changed Mind,965.42,2026-05-03 09:28:06
R002046,O0073943,P0305,C03989,2025-04-29,1,Not as Described,194.13,2026-06-01 14:24:26
R002047,O0029137,P0398,C04213,2026-07-01,3,Damaged,999.84,2025-12-27 07:54:30
R002048,O0080796,P0202,C00837,2025-02-05,2,Late Delivery,743.03,2026-05-28 11:03:04
R002049,O0063680,P0380,C01542,2025-12-07,2,Changed Mind,718.05,2026-05-06 22:28:23
R002050,O0004501,P0351,C02853,2025-02-11,3,Wrong Item,88.72,2026-08-16 01:04:35
R002051,O0045635,P0487,C03373,2025-03-25,3,Damaged,794.6,2026-01-20 09:54:51
R002052,O0099842,P0477,C04090,2026-07-21,2,Damaged,972.77,2026-01-10 04:58:01
R002053,O0032878,P0228,C00553,2025-06-10,2,Late Delivery,454.81,2025-07-31 13:20:42
R002054,O0054460,P0466,C03997,2025-01-22,1,Wrong Item,811.22,2025-05-20 06:32:29
R002055,O0092727,P0413,C01671,2026-03-13,3,Not as Described,324.72,2025-07-16 14:10:44
R002056,O0066475,P0365,C01598,2025-11-03,2,Not as Described,744.92,2025-03-11 18:15:48
R002057,O0099653,P0414,C03383,2025-08-28,1,Damaged,587.28,2026-01-21 07:42:25
R002058,O0072158,P0363,C00825,2025-09-13,2,Wrong Item,333.12,2025-09-27 23:35:06
R002059,O0031151,P0340,C02219,2026-06-26,1,Changed Mind,759.77,2025-01-13 05:51:11
R002060,O0081415,P0423,C04438,2026-01-11,2,Damaged,600.96,2025-02-12 09:10:16
R002061,O0028729,P0237,C01398,2025-10-23,2,Wrong Item,259.9,2025-05-30 08:24:43
R002062,O0018491,P0362,C04792,2025-09-11,1,Changed Mind,798.74,2026-06-05 08:10:53
R002063,O0088963,P0250,C01956,2025-03-07,3,Not as Described,538.32,2025-11-29 07:20:42
R002064,O0059839,P0210,C03573,2025-06-05,1,Wrong Item,402.68,2025-11-03 06:28:38
R002065,O0072454,P0127,C03238,2026-02-05,1,Wrong Item,954.74,2025-01-18 18:34:16
R002066,O0049883,P0380,C04494,2025-09-15,2,Changed Mind,534.1,2025-03-23 19:42:56
R002067,O0050817,P0391,C03060,2026-06-25,1,Not as Described,37.44,2026-01-03 23:57:15
R002068,O0033495,P0338,C01419,2025-03-01,1,Damaged,422.82,2025-05-29 02:26:23
R002069,O0081290,P0232,C01764,2026-02-10,2,Changed Mind,70.09,2026-04-20 15:34:52
R002070,O0078701,P0425,C03878,2025-06-11,1,Wrong Item,683.72,2026-08-02 23:46:56
R002071,O0085202,P0472,C04277,2025-08-06,3,Wrong Item,409.21,2025-08-03 03:47:04
R002072,O0059176,P0191,C01455,2025-09-09,1,Changed Mind,948.08,2025-01-18 19:18:33
R002073,O0077854,P0146,C03222,2026-08-22,2,Late Delivery,826.95,2025-06-27 10:02:25
R002074,O0043475,P0216,C04864,2026-03-26,2,Changed Mind,12.21,2026-04-12 17:38:25
R002075,O0038308,P0083,C01865,2025-08-07,2,Not as Described,918.48,2025-01-30 10:03:44
R002076,O0047012,P0429,C02180,2026-07-19,1,Wrong Item,475.03,2026-09-30 00:08:31
R002077,O0082763,P0462,C00952,2026-02-16,3,Wrong Item,418.36,2025-11-23 03:31:46
R002078,O0031408,P0380,C04061,2026-02-06,2,Wrong Item,896.35,2026-03-27 08:37:33
R002079,O0058404,P0138,C03861,2025-05-14,1,Late Delivery,597.89,2026-07-29 14:38:49
R002080,O0021270,P0450,C04219,2025-07-19,3,Changed Mind,756.79,2026-07-30 04:54:58
R002081,O0025344,P0159,C04509,2025-09-17,1,Wrong Item,979.13,2026-04-24 07:30:49
R002082,O0082185,P0020,C04628,2026-06-15,2,Changed Mind,438.58,2025-06-14 18:25:30
R002083,O0065788,P0190,C00811,2026-05-27,2,Changed Mind,11.42,2025-09-17 22:30:28
R002084,O0005357,P0182,C04070,2026-07-08,3,Damaged,217.43,2026-02-11 01:24:52
R002085,O0063901,P0097,C01872,2025-03-02,3,Wrong Item,986.94,2026-03-19 03:41:16
R002086,O0099193,P0283,C01378,2025-09-19,1,Damaged,336.03,2025-09-11 03:52:17
R002087,O0096454,P0471,C00999,2025-09-22,2,Wrong Item,717.25,2025-09-07 18:22:00
R002088,O0030423,P0185,C04355,2026-02-06,3,Damaged,535.22,2025-12-28 18:48:11
R002089,O0022081,P0355,C01257,2026-04-23,1,Damaged,674.45,2025-02-13 07:07:06
R002090,O0065155,P0258,C00289,2026-08-11,1,Not as Described,839.57,2026-06-29 06:53:09
R002091,O0038274,P0051,C01940,2026-07-19,1,Damaged,911.53,2025-07-30 17:03:27
R002092,O0085040,P0407,C03131,2025-07-16,3,Changed Mind,759.48,2025-11-29 06:03:36
R002093,O0020929,P0363,C02805,2026-02-02,1,Damaged,544.93,2026-06-07 07:11:09
R002094,O0068269,P0493,C02630,2026-02-10,2,Damaged,981.53,2025-06-01 00:45:43
R002095,O0006811,P0394,C04530,2026-09-05,3,Wrong Item,637.06,2025-10-21 13:25:13
R002096,O0025539,P0134,C04518,2025-10-23,1,Late Delivery,201.78,2026-09-13 12:32:05
R002097,O0048604,P0382,C03622,2026-08-30,2,Wrong Item,543.58,2025-10-14 13:33:11
R002098,O0012084,P0252,C00683,2025-10-06,2,Late Delivery,78.53,2026-02-17 16:24:30
R002099,O0004550,P0316,C01256,2025-03-19,3,Damaged,587.77,2026-04-13 07:23:56
R002100,O0088315,P0208,C02510,2026-07-19,2,Damaged,191.68,2026-06-12 07:22:23
R002101,O0014552,P0449,C04457,2025-02-27,3,Late Delivery,661.0,2025-09-16 05:39:21
R002102,O0018372,P0223,C04813,2025-01-09,1,Wrong Item,772.78,2026-06-30 23:48:41
R002103,O0099954,P0135,C00493,2026-05-30,2,Not as Described,653.39,2026-09-21 10:50:06
R002104,O0090407,P0427,C00593,2026-07-14,2,Not as Described,167.64,2026-04-27 22:38:17
R002105,O0015244,P0325,C02177,2025-12-10,3,Changed Mind,61.62,2026-02-02 01:40:42
R002106,O0065036,P0263,C04665,2026-05-10,2,Changed Mind,833.5,2025-08-24 19:39:36
R002107,O0088474,P0195,C04555,2025-09-25,1,Late Delivery,565.57,2025-06-07 10:25:28
R002108,O0055511,P0432,C00814,2025-05-26,3,Damaged,403.03,2025-12-13 00:20:27
R002109,O0004454,P0192,C04503,2026-02-14,2,Late Delivery,370.86,2026-02-01 08:06:56
R002110,O0051389,P0046,C03452,2025-09-05,2,Not as Described,666.12,2025-03-26 05:26:19
R002111,O0079513,P0420,C01750,2025-08-26,3,Changed Mind,163.93,2026-08-20 14:23:55
R002112,O0012107,P0430,C02284,2025-11-01,1,Wrong Item,963.83,2025-01-26 03:08:35
R002113,O0020676,P0248,C03653,2025-02-18,2,Not as Described,21.3,2026-06-17 19:54:12
R002114,O0006885,P0458,C00744,2025-08-26,3,Wrong Item,712.25,2025-03-08 21:46:09
R002115,O0005359,P0315,C01430,2025-03-09,3,Wrong Item,817.77,2026-05-20 13:27:51
R002116,O0012337,P0185,C02118,2025-08-04,1,Wrong Item,693.83,2026-08-03 06:58:41
R002117,O0016688,P0433,C03656,2026-07-21,1,Damaged,766.88,2025-07-16 08:04:45
R002118,O0059720,P0395,C03022,2026-09-07,2,Not as Described,216.32,2025-10-07 15:20:06
R002119,O0031970,P0003,C03385,2025-07-24,2,Late Delivery,251.96,2026-07-11 14:53:44
R002120,O0054691,P0258,C03539,2025-04-01,2,Damaged,497.37,2026-03-17 16:38:39
R002121,O0007233,P0232,C03964,2025-04-29,3,Late Delivery,201.09,2025-02-24 12:32:05
R002122,O0045931,P0452,C02393,2026-03-30,1,Not as Described,602.32,2025-05-13 08:52:58
R002123,O0026934,P0274,C00373,2025-12-10,3,Damaged,210.01,2025-07-04 10:20:52
R002124,O0048001,P0254,C04389,2025-06-11,1,Not as Described,104.77,2026-09-24 02:23:01
R002125,O0027454,P0333,C04900,2026-02-01,1,Changed Mind,372.16,2025-05-21 09:26:15
R002126,O0027330,P0265,C03975,2026-06-14,3,Damaged,98.56,2026-01-27 07:45:31
R002127,O0014241,P0459,C02919,2026-05-23,1,Changed Mind,401.08,2026-06-27 07:23:16
R002128,O0012185,P0025,C02307,2026-07-16,2,Wrong Item,387.75,2025-05-29 00:11:31
R002129,O0082910,P0487,C04511,2026-04-09,3,Wrong Item,900.42,2025-02-09 14:04:47
R002130,O0074245,P0276,C03901,2026-09-15,1,Damaged,220.58,2026-02-10 17:13:22
R002131,O0029478,P0426,C02615,2025-04-09,3,Changed Mind,827.41,2026-01-16 02:54:34
R002132,O0039373,P0077,C03961,2026-09-22,2,Changed Mind,672.49,2025-12-30 11:46:18
R002133,O0091698,P0417,C02105,2025-10-09,3,Late Delivery,843.55,2026-05-06 03:11:52
R002134,O0028884,P0481,C02445,2025-03-16,1,Damaged,771.2,2026-06-08 08:37:59
R002135,O0082621,P0098,C00907,2026-05-07,2,Damaged,130.14,2026-04-07 11:48:33
R002136,O0000987,P0074,C03120,2026-08-18,2,Changed Mind,306.7,2025-10-21 11:36:01
R002137,O0010876,P0053,C04386,2025-07-29,1,Changed Mind,899.76,2026-01-14 08:01:26
R002138,O0006853,P0072,C01577,2025-09-16,2,Damaged,411.31,2026-08-21 04:54:47
R002139,O0007169,P0331,C04152,2025-09-30,2,Late Delivery,29.83,2026-01-22 04:17:13
R002140,O0022527,P0157,C03838,2026-04-25,3,Damaged,909.33,2026-04-26 04:44:00
R002141,O0070665,P0084,C03821,2025-03-27,2,Late Delivery,728.42,2026-07-03 03:43:52
R002142,O0027848,P0047,C02290,2026-04-09,1,Wrong Item,-715.18,2025-02-04 02:55:40
R002143,O0032721,P0212,C04764,2026-01-12,3,Not as Described,29.42,2025-09-09 11:53:08
R002144,O0033762,P0203,C03483,2026-09-19,3,Late Delivery,613.0,2025-04-29 03:06:02
R002145,O0009865,P0287,C01124,2025-01-18,1,Changed Mind,238.38,2025-09-13 04:47:47
R002146,O0056721,P0163,C04678,2025-11-26,3,Wrong Item,106.02,2025-05-23 16:45:11
R002147,O0063369,P0401,C01976,2025-09-12,2,Changed Mind,52.66,2026-05-25 13:23:49
R002148,O0043095,P0133,C01883,2026-05-19,2,Wrong Item,375.94,2025-03-09 23:20:34
R002149,O0013076,P0366,C03520,2025-05-29,3,Late Delivery,704.81,2025-10-23 23:15:25
R002150,O0070440,P0095,C01257,2025-08-15,2,Damaged,154.4,2025-10-13 06:11:45
R002151,O0009892,P0490,C04248,2026-06-29,2,Changed Mind,37.91,2026-04-12 16:31:08
R002152,O0085333,P0073,C01596,2026-03-25,2,Changed Mind,261.39,2025-02-17 18:44:48
R002153,O0084487,P0258,C04708,2026-05-26,2,Late Delivery,604.98,2026-05-07 21:37:17
R002154,O0076256,P0196,C04375,2026-08-14,1,Not as Described,340.14,2026-07-04 00:13:19
R002155,O0092690,P0372,C00469,2025-03-20,1,Late Delivery,167.56,2026-06-17 05:13:31
R002156,O0033550,P0410,C03539,2026-08-28,1,Late Delivery,-463.28,2025-04-14 09:06:59
R002157,O0088392,P0068,C00040,2025-09-28,3,Not as Described,488.89,2025-12-15 18:15:23
R002158,O0084818,P0301,C03636,2026-05-18,1,Damaged,855.98,2026-08-23 06:45:20
R002159,O9999999,P0225,C03387,2025-11-03,2,Changed Mind,614.27,2025-02-26 00:07:11
R002160,O0064354,P0056,C02624,2025-02-02,3,Changed Mind,163.02,2025-07-28 20:47:57
R002161,O0055770,P0194,C02096,2025-05-31,2,Wrong Item,669.44,2026-03-12 14:07:20
R002162,O0046805,P0090,C04988,2025-05-23,2,Changed Mind,163.62,2026-02-23 23:48:03
R002163,O0036975,P0411,C00816,2025-03-24,1,Damaged,905.52,2025-12-04 01:16:56
R002164,O0089673,P0148,C04669,2025-01-13,1,Changed Mind,102.94,2026-06-15 22:03:33
R002165,O0025169,P0090,C01933,2025-01-11,2,Not as Described,368.58,2026-06-18 00:53:29
R002166,O0058478,P0054,C02271,2025-04-11,2,Not as Described,690.7,2025-09-12 19:09:21
R002167,O0015760,P0402,C02582,2026-02-19,1,Changed Mind,777.74,2025-02-09 21:27:36
R002168,O0071203,P0449,C01475,2026-07-03,3,Not as Described,146.82,2026-02-14 18:39:01
R002169,O0072463,P0177,C00983,2025-10-06,1,Damaged,325.0,2026-08-01 00:48:07
R002170,O0012945,P0064,C02785,2025-11-25,1,Changed Mind,623.31,2026-06-09 19:31:59
R002171,O0026299,P0093,C00635,2025-02-03,2,Damaged,82.3,2026-06-08 14:38:07
R002172,O0082222,P0257,C00331,2026-01-13,2,Wrong Item,376.08,2026-02-21 07:38:15
R002173,O0095450,P0019,C03744,2025-10-13,2,Wrong Item,46.13,2026-05-25 08:16:17
R002174,O0029615,P0184,C01122,2026-04-15,1,Wrong Item,791.59,2025-02-12 00:48:16
R002175,O0023670,P0434,C01871,2025-09-19,1,Not as Described,484.59,2025-06-29 03:15:33
R002176,O0011024,P0444,C04049,2026-06-05,3,Late Delivery,801.73,2025-06-25 15:10:46
R002177,O0012055,P0022,C02521,2025-08-03,1,Not as Described,55.56,2026-02-02 15:05:44
R002178,O0047979,P0096,C00854,2025-01-25,3,Damaged,996.68,2025-02-28 18:41:44
R002179,O0014283,P0405,C04704,2026-07-15,2,Changed Mind,321.05,2025-09-21 15:58:05
R002180,O0039544,P0120,C02472,2025-10-15,1,Not as Described,266.17,2026-02-09 08:59:31
R002181,O0035173,P0047,C04003,2025-11-13,1,Changed Mind,205.31,2025-10-20 20:41:41
R002182,O0082534,P0326,C02862,2025-02-19,1,Late Delivery,931.94,2026-02-14 13:38:07
R002183,O0092635,P0348,C00252,2025-04-26,1,Late Delivery,940.69,2026-04-22 06:30:44
R002184,O0014761,P0067,C04217,2025-07-21,2,Changed Mind,171.04,2025-11-30 21:33:14
R002185,O0015403,P0088,C03977,2026-02-05,3,Wrong Item,22.73,2025-08-06 01:14:44
R002186,O0045021,P0161,C02002,2025-12-29,1,Not as Described,980.71,2026-02-12 18:26:29
R002187,O0076001,P0478,C04851,2025-04-13,1,Damaged,123.08,2025-02-02 00:01:14
R002188,O0011394,P0467,C02471,2025-05-29,2,Changed Mind,726.94,2025-09-13 01:30:51
R002189,O0010484,P0155,C02456,2025-05-19,2,Damaged,852.86,2026-04-17 19:27:24
R002190,O0027446,P0074,C02825,2025-07-10,3,Not as Described,522.33,2025-05-28 06:10:49
R002191,O0009274,P0110,C00722,2026-01-22,3,Damaged,973.8,2026-02-03 02:26:30
R002192,O0053588,P0181,C01118,2025-10-31,1,Late Delivery,289.99,2026-05-27 02:09:12
R002193,O0060531,P0402,C01116,2025-05-10,3,Damaged,875.26,2025-12-09 04:22:54
R002194,O0050112,P0474,C03661,2025-12-18,1,Wrong Item,757.78,2025-05-04 03:54:26
R002195,O0087721,P0253,C02505,2026-06-07,2,Not as Described,515.48,2025-03-21 13:33:31
R002196,O0021760,P0389,C02915,2025-08-28,1,Changed Mind,997.96,2026-03-13 07:26:09
R002197,O0007739,P0149,C01368,2025-08-15,3,Late Delivery,759.65,2025-11-24 00:51:44
R002198,O0063797,P0075,C02574,2025-09-16,3,Changed Mind,197.5,2025-06-04 05:54:44
R002199,O0010113,P0137,C03009,2026-08-06,1,Changed Mind,154.58,2026-07-23 02:18:15
R002200,O0049009,P0227,C03003,2026-02-16,2,Wrong Item,503.93,2025-03-28 12:46:11
R002201,O0031919,P0476,C04612,2026-09-25,1,Wrong Item,914.53,2026-03-16 01:55:14
R002202,O0001105,P0016,C04551,2025-11-19,3,Damaged,763.64,2025-06-09 06:08:48
R002203,O0053333,P0419,C04757,2026-05-09,3,Damaged,876.45,2026-08-23 01:44:06
R002204,O0058891,P0225,C02323,2025-07-13,1,Damaged,522.29,2025-12-14 10:47:10
R002205,O0082442,P0241,C01911,2025-10-31,3,Not as Described,233.46,2025-03-06 14:45:21
R002206,O0042009,P0187,C02549,2026-06-15,1,Damaged,633.69,2025-12-30 09:49:11
R002207,O0095569,P0349,C01498,2025-11-02,3,Changed Mind,702.75,2026-02-03 09:59:20
R002208,O0053697,P0072,C01581,2026-04-10,1,Changed Mind,540.41,2026-06-27 12:43:57
R002209,O0022065,P0277,C00438,2026-07-18,2,Changed Mind,637.26,2025-06-29 11:56:03
R002210,O0020601,P0261,C00123,2025-04-07,2,Damaged,712.82,2026-01-11 00:27:23
R002211,O0065118,P0283,C03031,2026-05-02,2,Wrong Item,913.84,2026-05-26 09:46:12
R002212,O0086367,P0026,C02004,2026-03-10,1,Wrong Item,65.63,2025-05-22 07:18:16
R002213,O0028981,P0258,C04714,2025-09-02,3,Damaged,393.91,2025-11-11 07:35:00
R002214,O9999999,P0198,C02823,2025-05-09,1,Late Delivery,607.06,2025-01-31 10:47:59
R002215,O0092330,P0468,C04640,2025-10-10,2,Damaged,404.78,2025-05-27 08:22:38
R002216,O0086009,P0320,C00795,2025-08-18,2,Damaged,274.05,2025-02-24 05:08:05
R002217,O0008371,P0403,C01067,2026-09-01,1,Damaged,945.21,2026-01-07 18:00:36
R002218,O0088506,P0103,C02586,2026-01-01,1,Changed Mind,192.73,2025-02-11 07:49:31
R002219,O0089067,P0046,C00772,2026-06-11,2,Wrong Item,108.52,2025-08-10 01:02:10
R002220,O0077586,P0012,C01261,2026-02-09,3,Late Delivery,938.02,2025-03-27 14:22:23
R002221,O0090106,P0192,C01398,2026-01-18,3,Wrong Item,477.44,2026-09-07 23:34:45
R002222,O0005482,P0107,C00738,2026-02-05,1,Damaged,733.69,2026-09-17 17:11:07
R002223,O0006847,P0269,C01065,2025-03-29,1,Changed Mind,725.32,2026-04-05 23:29:51
R002224,O0083759,P0192,C01325,2025-08-19,1,Not as Described,403.96,2026-05-30 10:10:09
R002225,O0021258,P0372,C02020,2026-06-03,2,Damaged,411.64,2025-07-29 00:22:28
R002226,O0086072,P0011,C01073,2025-01-22,2,Damaged,332.71,2026-02-24 13:48:41
R002227,O0002265,P0338,C04358,2025-08-31,3,Changed Mind,112.58,2026-07-26 03:42:02
R002228,O0062937,P0276,C00368,2025-07-07,3,Wrong Item,530.99,2025-03-14 07:06:03
R002229,O0063393,P0154,C01653,2025-02-23,1,Damaged,403.0,2025-09-22 08:14:55
R002230,O0060048,P0428,C02212,2025-10-03,3,Damaged,182.34,2025-02-24 10:08:26
R002231,O0031105,P0496,C02015,2026-04-02,1,Late Delivery,21.22,2026-09-07 07:50:45
R002232,O0071269,P0294,C01854,2026-09-04,3,Late Delivery,272.28,2026-05-02 21:40:30
R002233,O0093119,P0213,C01840,2025-09-09,1,Damaged,744.07,2026-09-29 09:06:58
R002234,O0056674,P0050,C01875,2025-05-30,1,Damaged,33.5,2025-10-10 13:37:13
R002235,O0078460,P0029,C01433,2026-07-03,2,Changed Mind,394.13,2025-03-10 13:39:10
R002236,O0060247,P0338,C02298,2025-06-02,2,Damaged,46.44,2026-02-27 18:53:41
R002237,O0087970,P0085,C02797,2026-03-01,3,Damaged,846.79,2025-09-27 14:21:06
R002238,O0073697,P0249,C03732,2026-08-29,2,Damaged,289.43,2026-07-11 15:00:14
R002239,O0090790,P0275,C00491,2025-10-20,3,Late Delivery,448.58,2026-04-04 21:43:58
R002240,O0031804,P0075,C04940,2026-03-27,1,Not as Described,20.61,2025-06-17 13:15:40
R002241,O0079176,P0018,C03062,2026-07-16,2,Wrong Item,425.99,2026-03-15 17:21:43
R002242,O0028478,P0388,C01547,2026-07-18,1,Damaged,861.36,2025-07-20 03:47:57
R002243,O0011964,P0456,C01173,2026-09-22,3,Changed Mind,553.48,2025-05-22 01:50:31
R002244,O0022751,P0145,C02882,2026-07-20,3,Damaged,719.57,2026-09-21 06:49:51
R002245,O0073455,P0015,C03730,2025-09-24,1,Changed Mind,935.82,2025-09-03 05:01:55
R002246,O0028891,P0428,C03924,2026-06-12,2,Not as Described,240.81,2026-04-08 18:45:53
R002247,O0075017,P0113,C04972,2026-02-07,3,Late Delivery,789.8,2026-01-24 21:01:31
R002248,O0084403,P0195,C00925,2026-07-22,2,Not as Described,795.57,2026-07-20 19:41:18
R002249,O0067736,P0303,C01002,2025-12-21,2,Changed Mind,935.31,2025-11-08 02:55:33
R002250,O0054299,P0403,C04393,2025-10-05,3,Wrong Item,161.92,2026-02-19 09:21:18
R002251,O0034392,P0178,C03369,2025-03-20,2,Not as Described,530.35,2026-02-07 13:30:44
R002252,O0073075,P0453,C04131,2025-11-30,3,Wrong Item,493.73,2026-02-08 14:28:23
R002253,O0058540,P0415,C02311,2025-02-15,2,Wrong Item,459.9,2026-05-22 13:17:44
R002254,O0067172,P0306,C03867,2025-04-21,3,Wrong Item,858.46,2025-08-23 09:43:01
R002255,O0078980,P0355,C02388,2026-08-28,1,Changed Mind,110.31,2025-10-07 10:07:36
R002256,O0034330,P0296,C03808,2026-06-04,3,Changed Mind,159.65,2025-06-23 00:09:29
R002257,O0058257,P0398,C03991,2025-09-25,1,Not as Described,106.14,2025-08-13 17:03:13
R002258,O0005757,P0118,C04965,2026-02-06,2,Late Delivery,502.84,2025-01-10 02:51:04
R002259,O0069416,P0260,C03462,2025-07-28,2,Not as Described,81.7,2025-03-11 12:51:31
R002260,O0099694,P0410,C03441,2025-12-24,1,Wrong Item,272.06,2026-06-26 06:00:22
R002261,O0070716,P0359,C02108,2026-08-26,1,Damaged,382.24,2025-05-20 06:45:24
R002262,O0015132,P0369,C00058,2025-05-15,1,Late Delivery,94.68,2026-03-27 11:09:01
R002263,O0055476,P0129,C00044,2025-11-01,2,Late Delivery,878.86,2026-07-31 17:34:24
R002264,O0009980,P0309,C01927,2026-06-19,2,Changed Mind,828.78,2026-02-15 14:36:13
R002265,O0078063,P0291,C04283,2026-04-21,1,Wrong Item,691.15,2026-09-04 04:11:12
R002266,O0057817,P0029,C00897,2025-12-25,2,Changed Mind,454.05,2026-09-28 16:10:32
R002267,O0036599,P0497,C00206,2026-04-06,3,Wrong Item,630.08,2025-05-06 09:01:42
R002268,O0090803,P0120,C01203,2026-04-18,1,Changed Mind,758.74,2026-08-09 19:59:10
R002269,O0029500,P0106,C00172,2025-07-14,2,Changed Mind,207.53,2025-04-02 19:23:45
R002270,O0038348,P0097,C01782,2026-08-26,2,Changed Mind,49.83,2025-11-14 11:39:10
R002271,O0096160,P0364,C00809,2026-01-06,1,Changed Mind,998.75,2026-08-21 11:46:04
R002272,O0004176,P0443,C01902,2025-06-06,3,Late Delivery,460.03,2025-01-16 13:56:18
R002273,O0053398,P0084,C03860,2025-01-04,1,Wrong Item,613.75,2026-09-01 01:39:44
R002274,O0032798,P0382,C03815,2026-08-26,1,Changed Mind,215.9,2025-08-03 08:37:38
R002275,O0028375,P0441,C04109,2025-12-10,3,Wrong Item,613.55,2025-09-28 18:18:42
R002276,O0053842,P0194,C00678,2025-03-04,1,Wrong Item,898.07,2025-07-14 08:59:25
R002277,O0047420,P0478,C04823,2025-02-12,3,Changed Mind,388.49,2025-09-25 16:21:48
R002278,O0071313,P0100,C02584,2025-11-24,3,Late Delivery,28.67,2026-07-21 05:33:36
R002279,O0020880,P0414,C03068,2025-06-19,2,Wrong Item,650.85,2026-04-22 14:52:21
R002280,O0006938,P0339,C03739,2025-10-24,2,Not as Described,882.45,2026-09-18 06:11:35
R002281,O0051049,P0012,C04188,2025-05-18,2,Damaged,111.22,2025-02-25 02:22:59
R002282,O0073435,P0045,C01841,2025-08-06,3,Damaged,361.91,2026-09-15 15:19:51
R002283,O0061670,P0284,C04952,2026-03-25,3,Wrong Item,222.33,2026-02-16 18:01:05
R002284,O0062772,P0044,C02226,2026-04-19,3,Late Delivery,481.66,2026-08-21 16:43:02
R002285,O0040221,P0252,C03606,2025-07-25,3,Damaged,786.09,2025-10-22 03:13:51
R002286,O0055708,P0150,C00842,2025-08-30,3,Late Delivery,566.75,2025-10-17 12:30:03
R002287,O0098130,P0066,C02317,2026-09-18,1,Damaged,182.92,2025-09-29 07:24:15
R002288,O0084100,P0424,C00727,2026-05-10,1,Changed Mind,596.87,2025-03-25 09:58:09
R002289,O0026868,P0026,C03222,2025-12-30,3,Not as Described,845.18,2025-12-27 20:07:57
R002290,O0010165,P0257,C01847,2025-11-10,1,Not as Described,533.4,2025-08-23 01:43:37
R002291,O0097977,P0328,C02736,2025-08-03,3,Late Delivery,160.92,2026-02-20 16:58:53
R002292,O0020257,P0402,C03350,2025-06-27,2,Damaged,138.35,2025-06-01 05:14:55
R002293,O0089236,P0458,C02417,2026-05-12,3,Not as Described,528.2,2026-08-22 11:58:58
R002294,O0043886,P0057,C01417,2025-01-22,3,Not as Described,837.89,2026-05-30 14:41:07
R002295,O0000295,P0030,C01151,2026-03-27,2,Changed Mind,334.86,2025-09-18 06:23:40
R002296,O0021779,P0390,C03902,2025-07-26,3,Late Delivery,842.15,2025-01-19 20:51:56
R002297,O0003461,P0369,C01635,2026-08-16,1,Changed Mind,153.6,2026-08-02 08:05:40
R002298,O0035793,P0141,C02795,2026-05-05,2,Late Delivery,36.74,2026-06-10 17:11:31
R002299,O0043786,P0218,C02723,2026-07-28,2,Changed Mind,377.47,2026-05-16 21:23:28
R002300,O0022882,P0222,C01549,2026-07-03,1,Wrong Item,502.55,2026-02-25 05:58:44
R002301,O0002826,P0070,C04593,2025-09-05,3,Damaged,383.2,2026-05-24 17:28:37
R002302,O0098359,P0082,C04847,2026-04-19,2,Damaged,925.15,2026-07-04 02:47:20
R002303,O0006218,P0129,C03188,2026-06-21,2,Changed Mind,451.46,2025-09-14 21:24:55
R002304,O0017881,P0228,C02446,2025-04-19,1,Changed Mind,381.06,2025-12-11 10:53:06
R002305,O0067029,P0125,C01908,2026-05-23,1,Not as Described,79.98,2025-07-31 20:52:41
R002306,O0003739,P0224,C02417,2025-01-26,2,Damaged,468.75,2026-02-06 15:24:16
R002307,O0058077,P0146,C01252,2026-03-28,2,Not as Described,741.63,2026-05-05 21:53:23
R002308,O0009178,P0197,C01470,2025-07-24,1,Damaged,148.05,2025-04-15 18:57:53
R002309,O0060944,P0500,C01995,2026-08-06,3,Not as Described,651.99,2025-07-13 16:08:55
R002310,O0071532,P0382,C01893,2026-03-02,1,Wrong Item,161.09,2026-03-08 13:18:55
R002311,O0098336,P0220,C02426,2025-03-25,1,Changed Mind,228.83,2025-07-01 22:22:03
R002312,O0095261,P0053,C01622,2025-06-04,1,Not as Described,520.79,2025-03-25 23:54:26
R002313,O0073121,P0431,C01980,2025-03-09,1,Late Delivery,974.17,2025-12-11 10:43:12
R002314,O0097285,P0037,C00341,2026-06-26,1,Wrong Item,135.73,2026-01-12 19:31:06
R002315,O0038046,P0385,C04930,2026-02-18,1,Changed Mind,219.31,2025-03-10 20:17:37
R002316,O0013230,P0018,C02464,2025-12-03,3,Changed Mind,233.54,2025-06-28 09:07:16
R002317,O0036704,P0238,C04441,2026-08-05,1,Damaged,633.97,2025-04-13 16:29:01
R002318,O0014004,P0339,C04347,2025-05-04,2,Wrong Item,693.49,2025-02-23 11:46:18
R002319,O0096231,P0045,C02164,2026-01-28,3,Damaged,789.5,2025-10-18 14:11:09
R002320,O0091816,P0320,C02998,2026-07-19,3,Damaged,888.49,2026-05-23 10:30:20
R002321,O0099275,P0042,C00275,2025-08-23,1,Damaged,26.81,2025-03-17 20:42:45
R002322,O0042406,P0346,C00140,2025-02-15,1,Damaged,791.22,2025-08-06 17:47:46
R002323,O0009479,P0474,C04326,2026-05-22,1,Changed Mind,174.34,2025-07-24 02:31:11
R002324,O0004758,P0310,C02984,2026-09-15,2,Late Delivery,798.58,2026-03-08 08:29:58
R002325,O0013106,P0371,C01309,2025-02-03,3,Damaged,957.0,2026-02-23 00:31:33
R002326,O0003362,P0475,C04001,2025-05-10,2,Wrong Item,425.31,2025-05-24 11:52:33
R002327,O0025495,P0126,C01336,2025-06-24,1,Not as Described,477.38,2026-04-24 12:29:41
R002328,O0079129,P0419,C01043,2025-06-24,2,Damaged,318.48,2026-05-13 02:12:43
R002329,O0009906,P0458,C03941,2026-04-07,1,Late Delivery,733.2,2025-05-23 19:35:57
R002330,O0067959,P0057,C02316,2026-06-16,2,Damaged,283.78,2025-03-02 06:35:00
R002331,O0084554,P0427,C00581,2026-02-09,3,Late Delivery,770.66,2026-08-05 14:46:40
R002332,O0060186,P0419,C01743,2025-12-10,1,Late Delivery,329.14,2026-03-29 05:24:55
R002333,O0059539,P0004,C01401,2025-01-28,3,Changed Mind,980.3,2026-07-29 08:26:49
R002334,O0022852,P0022,C01541,2025-05-01,3,Late Delivery,65.81,2025-06-10 00:18:28
R002335,O0082514,P0086,C00861,2026-07-03,1,Wrong Item,696.9,2025-09-15 10:36:03
R002336,O0094991,P0172,C00035,2025-03-18,2,Changed Mind,779.63,2025-02-03 21:46:26
R002337,O0045132,P0070,C00749,2026-01-08,3,Wrong Item,341.95,2025-07-29 17:35:53
R002338,O0051156,P0415,C03467,2025-11-08,2,Wrong Item,854.76,2025-03-25 15:55:51
R002339,O0031193,P0261,C00543,2026-03-01,2,Not as Described,315.31,2026-08-30 05:44:20
R002340,O0043611,P0440,C03299,2026-07-23,3,Damaged,810.76,2026-05-20 12:16:23
R002341,O0003371,P0378,C01580,2026-05-05,2,Wrong Item,963.18,2025-07-20 21:28:51
R002342,O0094637,P0448,C03969,2026-04-06,2,Late Delivery,512.6,2025-03-02 10:24:05
R002343,O0001244,P0384,C03032,2025-05-25,3,Changed Mind,317.2,2025-08-30 18:29:38
R002344,O0042254,P0037,C03356,2026-09-16,2,Not as Described,75.73,2025-03-25 13:42:14
R002345,O0002147,P0239,C02262,2025-02-24,1,Damaged,271.08,2025-07-14 13:43:21
R002346,O0039614,P0311,C01064,2025-07-04,2,Late Delivery,562.76,2025-06-17 08:32:16
R002347,O0042940,P0088,C04247,2026-02-04,3,Late Delivery,416.7,2025-01-23 07:26:05
R002348,O0014153,P0489,C01369,2025-08-13,3,Not as Described,568.58,2025-03-27 19:47:26
R002349,O0062468,P0077,C02477,2025-08-12,1,Not as Described,284.36,2026-01-14 08:37:49
R002350,O0021721,P0044,C02439,2026-08-03,3,Changed Mind,728.86,2026-02-21 01:05:05
R002351,O0074995,P0304,C04354,2025-04-05,3,Wrong Item,361.52,2025-10-16 07:20:32
R002352,O0009293,P0044,C01727,2026-04-14,1,Changed Mind,495.62,2026-01-08 07:09:49
R002353,O0087760,P0388,C00764,2025-05-11,3,Damaged,934.23,2026-05-14 12:43:15
R002354,O0015932,P0194,C04896,2026-06-02,3,Wrong Item,451.26,2026-04-03 00:56:47
R002355,O0086717,P0261,C04561,2025-06-15,2,Not as Described,750.95,2026-03-27 06:30:41
R002356,O0041787,P0212,C00484,2025-08-17,2,Wrong Item,335.38,2026-08-22 02:25:23
R002357,O0035989,P0354,C02302,2026-04-26,3,Not as Described,352.29,2026-04-30 17:53:21
R002358,O0089659,P0146,C04313,2025-06-20,3,Late Delivery,498.78,2026-02-27 16:33:15
R002359,O0029687,P0316,C00877,2025-05-10,2,Not as Described,697.22,2025-08-13 15:25:36
R002360,O0089915,P0050,C03155,2025-03-02,1,Damaged,695.71,2026-06-04 21:44:13
R002361,O0085835,P0477,C00842,2025-11-16,2,Late Delivery,785.33,2026-02-10 16:31:39
R002362,O0068283,P0212,C01952,2025-02-23,3,Damaged,975.85,2025-03-25 06:30:51
R002363,O0072484,P0366,C03753,2025-09-13,2,Wrong Item,299.84,2026-07-30 12:12:01
R002364,O9999999,P0143,C00864,2025-04-08,1,Not as Described,336.38,2026-09-02 13:07:29
R002365,O0072752,P0099,C04297,2026-09-02,2,Late Delivery,123.47,2025-10-20 17:37:38
R002366,O0051023,P0250,C01092,2025-11-18,1,Damaged,345.54,2025-09-30 04:29:43
R002367,O0032990,P0170,C00385,2026-05-31,2,Changed Mind,182.0,2026-03-20 12:57:47
R002368,O0010932,P0335,C03991,2026-02-27,1,Late Delivery,566.01,2025-10-01 23:10:01
R002369,O0083703,P0030,C00896,2026-05-03,2,Changed Mind,37.97,2025-01-15 11:33:55
R002370,O0078028,P0494,C03222,2025-11-22,3,Not as Described,126.68,2025-01-13 20:13:33
R002371,O0001548,P0478,C03657,2026-05-28,3,Damaged,616.64,2025-11-25 14:52:32
R002372,O0028252,P0414,C00902,2026-02-17,2,Changed Mind,417.12,2025-05-17 20:03:36
R002373,O0077475,P0294,C04605,2026-08-01,3,Not as Described,474.61,2025-03-27 13:41:06
R002374,O0075654,P0122,C02629,2025-10-15,2,Damaged,158.59,2025-10-14 23:21:17
R002375,O0075564,P0152,C02092,2026-09-11,2,Late Delivery,664.2,2025-01-02 06:01:31
R002376,O0032190,P0402,C03845,2025-08-31,3,Damaged,413.31,2025-07-08 14:08:19
R002377,O0048648,P0247,C03459,2026-02-07,1,Changed Mind,590.75,2026-05-14 21:47:14
R002378,O0051356,P0043,C03881,2026-09-16,2,Late Delivery,514.74,2025-05-31 19:34:47
R002379,O0053417,P0269,C04139,2025-12-01,3,Damaged,99.37,2025-02-22 09:10:52
R002380,O0034316,P0380,C00751,2025-03-09,3,Late Delivery,755.62,2025-04-15 21:40:00
R002381,O0094689,P0151,C03091,2026-06-26,1,Not as Described,96.67,2025-07-14 02:54:55
R002382,O0038905,P0498,C02818,2025-08-17,2,Changed Mind,291.18,2026-02-10 05:05:50
R002383,O0069506,P0240,C01338,2025-02-26,1,Wrong Item,183.51,2025-06-18 16:03:40
R002384,O0096803,P0404,C00524,2025-09-03,3,Wrong Item,714.15,2025-07-25 05:23:40
R002385,O0025407,P0106,C01357,2025-09-23,1,Late Delivery,30.89,2025-08-03 08:40:29
R002386,O0004625,P0409,C02519,2026-04-22,1,Changed Mind,451.68,2025-02-06 08:17:12
R002387,O0032741,P0428,C01453,2026-02-25,3,Damaged,519.4,2025-06-17 22:32:42
R002388,O0058153,P0226,C02913,2026-01-17,3,Late Delivery,66.39,2025-11-01 18:42:32
R002389,O0068044,P0366,C03868,2026-07-22,2,Late Delivery,199.14,2026-01-22 12:16:57
R002390,O0031974,P0363,C01815,2025-01-29,1,Late Delivery,287.26,2026-01-11 18:46:57
R002391,O0007657,P0380,C01371,2026-09-12,1,Late Delivery,744.89,2026-07-16 13:02:44
R002392,O0065155,P0443,C01031,2025-09-14,2,Wrong Item,673.28,2025-10-15 07:16:43
R002393,O0040628,P0371,C04548,2026-04-29,2,Damaged,572.92,2026-09-12 21:33:06
R002394,O0019856,P0117,C01548,2025-03-28,1,Wrong Item,124.12,2026-07-09 09:58:23
R002395,O0090467,P0317,C02279,2025-09-18,2,Changed Mind,41.52,2025-11-19 08:09:46
R002396,O0035330,P0182,C02567,2025-12-11,2,Damaged,866.84,2025-10-19 15:43:56
R002397,O0053735,P0144,C01944,2025-08-22,3,Changed Mind,368.66,2025-04-20 23:41:27
R002398,O0000543,P0211,C03237,2025-10-24,2,Changed Mind,710.94,2025-10-14 07:43:33
R002399,O0013000,P0225,C03464,2025-12-06,2,Not as Described,830.18,2026-06-06 19:09:40
R002400,O0004889,P0009,C04973,2025-03-28,2,Wrong Item,716.65,2025-12-19 12:52:27
R002401,O0032265,P0073,C01829,2025-05-23,3,Changed Mind,265.24,2025-11-17 15:55:13
R002402,O0023418,P0486,C04332,2026-01-19,3,Wrong Item,429.23,2025-09-24 15:05:55
R002403,O0028008,P0260,C00780,2025-03-04,3,Changed Mind,442.67,2025-09-25 02:32:09
R002404,O0039773,P0397,C04339,2026-06-26,3,Not as Described,455.74,2025-01-24 01:38:11
R002405,O0096287,P0447,C04102,2025-01-12,1,Not as Described,209.54,2025-07-01 21:13:44
R002406,O0036216,P0128,C04602,2025-09-13,1,Damaged,488.59,2026-09-24 15:35:59
R002407,O0007531,P0462,C04943,2025-06-26,1,Damaged,948.43,2026-09-20 08:15:45
R002408,O0070601,P0495,C04096,2025-10-08,2,Late Delivery,687.58,2025-06-08 14:45:49
R002409,O0098644,P0025,C02666,2026-09-02,1,Changed Mind,187.54,2025-02-25 11:45:05
R002410,O0000445,P0270,C03379,2025-08-18,3,Damaged,242.11,2026-09-19 05:02:24
R002411,O0092950,P0263,C00121,2025-03-29,2,Damaged,281.77,2026-06-25 14:40:47
R002412,O0055489,P0199,C02482,2025-07-20,1,Late Delivery,981.85,2025-01-18 20:41:22
R002413,O0037324,P0414,C00306,2025-11-03,2,Wrong Item,749.79,2025-12-04 23:42:53
R002414,O0070729,P0093,C04302,2026-07-25,3,Not as Described,449.75,2026-05-27 11:49:39
R002415,O0065372,P0367,C02516,2026-06-13,3,Wrong Item,425.03,2025-04-05 20:12:17
R002416,O0002339,P0404,C03529,2025-05-22,3,Late Delivery,796.29,2026-02-01 18:11:50
R002417,O0029496,P0484,C04133,2025-04-12,2,Changed Mind,405.53,2025-03-25 20:49:36
R002418,O0004247,P0099,C01309,2026-05-03,1,Changed Mind,13.73,2025-03-30 14:29:04
R002419,O0081090,P0163,C04588,2026-08-02,3,Late Delivery,855.57,2025-08-22 19:01:25
R002420,O0096575,P0130,C02645,2026-09-16,1,Not as Described,947.83,2026-01-12 16:52:45
R002421,O0030274,P0100,C04557,2025-04-11,2,Damaged,786.99,2025-01-18 02:02:31
R002422,O0075373,P0494,C01281,2025-04-02,3,Wrong Item,687.38,2025-07-14 03:52:44
R002423,O0029413,P0262,C04131,2026-06-29,2,Changed Mind,627.4,2026-01-31 14:30:14
R002424,O0020710,P0345,C00738,2025-12-26,1,Wrong Item,350.54,2026-08-04 10:56:57
R002425,O0007989,P0436,C00754,2025-01-08,2,Wrong Item,826.24,2025-07-24 00:38:56
R002426,O0044557,P0108,C01681,2025-06-10,1,Damaged,517.71,2026-09-28 20:15:38
R002427,O0019948,P0112,C01683,2025-09-24,1,Wrong Item,32.73,2025-12-01 11:09:15
R002428,O0027803,P0440,C01341,2025-01-15,3,Wrong Item,-111.42,2025-03-14 20:56:20
R002429,O0064196,P0010,C03398,2025-02-03,3,Damaged,41.16,2025-05-24 00:20:52
R002430,O0003857,P0420,C02245,2026-08-21,2,Not as Described,460.41,2025-02-21 10:27:00
R002431,O0039247,P0194,C01761,2026-03-14,2,Late Delivery,368.82,2025-08-05 15:23:29
R002432,O0049089,P0054,C03388,2025-07-08,1,Not as Described,520.31,2025-12-18 10:35:53
R002433,O0039002,P0343,C01827,2025-06-14,1,Damaged,126.83,2026-03-10 09:14:49
R002434,O0000619,P0298,C04102,2026-06-26,1,Changed Mind,910.95,2025-11-09 20:41:12
R002435,O0000013,P0268,C01016,2026-02-03,1,Not as Described,306.51,2025-02-25 19:50:01
R002436,O0047408,P0454,C00022,2026-03-31,1,Changed Mind,902.08,2025-04-16 21:27:41
R002437,O0066566,P0400,C00215,2025-10-10,2,Damaged,573.02,2026-05-15 08:54:08
R002438,O0031494,P0099,C01911,2025-11-06,1,Not as Described,737.76,2025-06-14 10:16:31
R002439,O0064028,P0053,C03806,2025-10-04,3,Not as Described,750.62,2025-05-11 23:21:48
R002440,O0049311,P0118,C00622,2025-09-03,1,Late Delivery,20.69,2026-03-19 04:34:45
R002441,O0011352,P0285,C03411,2026-07-31,3,Not as Described,804.99,2026-02-05 18:44:55
R002442,O0041068,P0101,C00953,2025-04-23,2,Not as Described,349.23,2026-06-16 19:08:27
R002443,O0098424,P0455,C03921,2025-11-14,3,Changed Mind,400.43,2026-01-27 20:32:04
R002444,O0080089,P0478,C02301,2026-07-27,2,Late Delivery,611.97,2026-05-04 02:36:41
R002445,O0097111,P0043,C02071,2026-01-25,2,Changed Mind,339.53,2026-04-21 01:46:36
R002446,O0008869,P0262,C04879,2026-05-09,2,Changed Mind,477.37,2025-07-22 05:13:05
R002447,O0092894,P0075,C02532,2025-08-02,3,Changed Mind,21.56,2026-02-05 14:25:53
R002448,O0040725,P0369,C03481,2026-09-29,1,Not as Described,238.24,2025-03-08 01:21:27
R002449,O0043183,P0086,C01722,2026-09-01,2,Damaged,952.17,2025-11-28 04:14:47
R002450,O0022964,P0168,C02443,2026-01-13,2,Damaged,400.96,2025-11-05 10:53:32
R002451,O0037038,P0278,C04816,2025-10-04,3,Wrong Item,460.51,2025-05-20 05:46:55
R002452,O0093978,P0188,C04964,2025-03-25,2,Late Delivery,468.01,2025-01-25 19:51:39
R002453,O0000615,P0139,C00945,2026-07-18,1,Late Delivery,881.36,2025-05-25 21:26:58
R002454,O0001448,P0285,C00813,2025-11-27,1,Changed Mind,49.89,2025-06-17 06:06:32
R002455,O0018428,P0167,C02018,2026-03-08,1,Late Delivery,291.56,2025-01-11 15:08:41
R002456,O0022159,P0271,C03472,2025-06-20,2,Wrong Item,667.91,2025-10-20 07:38:19
R002457,O0051624,P0433,C02967,2025-11-25,3,Late Delivery,412.78,2025-06-15 10:42:30
R002458,O0068269,P0122,C02735,2025-01-03,3,Not as Described,78.36,2025-01-13 17:18:14
R002459,O0035171,P0052,C00729,2025-01-13,2,Late Delivery,691.88,2025-12-15 14:49:51
R002460,O0094741,P0075,C01867,2026-07-09,1,Damaged,154.34,2025-02-12 21:02:59
R002461,O0057884,P0475,C01082,2026-08-17,1,Damaged,292.86,2025-12-25 17:45:45
R002462,O0043648,P0099,C01508,2026-09-13,2,Changed Mind,375.18,2026-06-12 16:39:46
R002463,O0072533,P0253,C04572,2025-06-25,1,Late Delivery,378.27,2025-11-10 19:44:03
R002464,O0078942,P0478,C01029,2025-11-16,3,Damaged,626.57,2026-08-03 06:02:27
R002465,O0098065,P0027,C04723,2026-07-22,3,Wrong Item,989.72,2025-10-05 14:49:15
R002466,O0034593,P0258,C01563,2025-10-06,1,Late Delivery,870.44,2026-01-01 05:04:39
R002467,O0094811,P0059,C04458,2026-01-22,2,Changed Mind,730.46,2026-07-01 05:13:44
R002468,O0073420,P0103,C02057,2025-07-29,3,Changed Mind,286.77,2025-04-20 11:44:03
R002469,O0019090,P0329,C00867,2026-02-24,2,Late Delivery,917.09,2026-04-30 07:35:34
R002470,O0004317,P0482,C02194,2026-05-23,3,Damaged,566.55,2025-04-27 09:50:30
R002471,O0031202,P0228,C01217,2025-12-08,2,Late Delivery,680.54,2025-07-01 15:42:55
R002472,O0015874,P0417,C04164,2026-04-28,2,Not as Described,702.21,2025-03-13 00:04:30
R002473,O0053409,P0453,C03607,2025-11-03,2,Not as Described,171.36,2026-03-17 00:49:02
R002474,O0005366,P0081,C04943,2025-08-29,1,Wrong Item,586.28,2026-05-05 10:42:22
R002475,O0093996,P0214,C04382,2025-10-07,2,Wrong Item,37.72,2026-06-30 00:21:54
R002476,O0063238,P0448,C02213,2026-07-28,2,Wrong Item,966.77,2026-03-12 10:00:48
R002477,O0033736,P0073,C01805,2025-04-25,1,Changed Mind,943.98,2025-08-31 08:16:56
R002478,O0035694,P0106,C00682,2025-09-28,1,Not as Described,506.92,2026-01-29 00:16:46
R002479,O0070683,P0264,C00017,2026-04-02,2,Late Delivery,911.63,2025-01-27 03:06:56
R002480,O0046929,P0500,C02641,2025-07-10,1,Changed Mind,31.97,2026-03-19 17:22:17
R002481,O0089377,P0287,C02383,2026-05-15,2,Wrong Item,66.01,2026-01-22 07:16:55
R002482,O0085746,P0460,C04117,2026-06-23,2,Not as Described,803.21,2026-01-14 17:36:01
R002483,O0002036,P0235,C00354,2026-04-23,3,Not as Described,870.73,2026-02-07 06:00:00
R002484,O0024391,P0233,C04837,2025-05-13,1,Wrong Item,343.74,2025-12-12 11:22:48
R002485,O0094453,P0472,C02876,2026-07-15,3,Wrong Item,836.72,2025-06-04 20:27:53
R002486,O0036923,P0160,C01377,2025-11-10,1,Wrong Item,943.08,2026-06-20 04:47:48
R002487,O0080573,P0189,C01215,2025-05-28,1,Wrong Item,678.02,2025-05-03 23:05:54
R002488,O0062585,P0315,C02912,2026-08-09,3,Wrong Item,961.08,2025-07-21 05:58:40
R002489,O0045589,P0194,C01475,2026-08-26,1,Damaged,706.31,2025-09-16 14:16:47
R002490,O0092665,P0336,C00287,2025-10-20,3,Not as Described,576.1,2026-01-06 20:43:20
R002491,O0096373,P0332,C02872,2025-06-09,1,Late Delivery,187.32,2025-04-26 19:59:07
R002492,O0012469,P0180,C00131,2026-08-15,3,Late Delivery,549.12,2026-06-18 17:44:33
R002493,O0051571,P0419,C00249,2025-11-15,3,Damaged,213.95,2025-01-31 13:12:46
R002494,O0074084,P0446,C03224,2025-10-31,3,Late Delivery,372.93,2026-03-02 07:24:00
R002495,O0030142,P0048,C01625,2026-06-20,2,Late Delivery,246.07,2025-04-21 20:51:17
R002496,O0080214,P0170,C01106,2026-09-12,3,Changed Mind,341.97,2025-01-18 00:01:24
R002497,O0059877,P0117,C04533,2026-05-30,3,Damaged,587.08,2025-11-03 16:19:39
R002498,O0083855,P0083,C02962,2026-04-08,2,Changed Mind,996.69,2025-05-19 16:03:35
R002499,O0087532,P0201,C03692,2025-09-20,3,Changed Mind,278.66,2025-12-14 02:28:15
R002500,O0046256,P0125,C02401,2025-09-18,3,Wrong Item,828.96,2026-08-05 19:10:19
R002501,O0022974,P0179,C02785,2025-10-09,2,Changed Mind,189.24,2026-03-02 11:27:31
R002502,O0099634,P0482,C00444,2026-03-24,2,Wrong Item,87.97,2026-02-19 22:15:13
R002503,O0069060,P0410,C03867,2025-06-08,2,Not as Described,168.23,2026-02-13 01:16:53
R002504,O0094681,P0285,C00236,2025-08-18,2,Changed Mind,917.57,2025-06-02 13:24:17
R002505,O0098102,P0329,C04186,2026-05-11,2,Changed Mind,604.39,2026-03-31 01:14:48
R002506,O0063931,P0028,C02694,2026-01-05,1,Not as Described,48.56,2025-06-24 16:58:37
R002507,O0092630,P0049,C04499,2026-01-25,1,Wrong Item,504.41,2025-01-25 01:01:19
R002508,O9999999,P0258,C01474,2025-01-24,3,Wrong Item,121.06,2025-02-27 02:50:44
R002509,O0062749,P0375,C03087,2025-04-01,3,Late Delivery,645.87,2026-08-13 16:37:12
R002510,O0092048,P0448,C00014,2026-01-21,3,Not as Described,971.89,2025-04-22 22:02:51
R002511,O0055940,P0130,C00906,2025-05-29,1,Wrong Item,805.75,2026-01-23 03:04:06
R002512,O0036528,P0066,C00799,2025-05-02,3,Late Delivery,578.1,2025-09-29 17:38:39
R002513,O0013206,P0399,C03496,2025-05-25,3,Late Delivery,127.33,2025-06-18 09:22:23
R002514,O0041672,P0458,C02502,2026-06-19,3,Changed Mind,205.22,2025-10-04 23:21:21
R002515,O0039295,P0366,C00442,2025-03-09,3,Damaged,196.33,2025-11-01 00:38:30
R002516,O0048675,P0245,C01145,2026-03-21,1,Not as Described,879.99,2026-05-21 10:14:05
R002517,O0026884,P0407,C04551,2025-05-08,2,Wrong Item,740.9,2025-08-23 01:41:25
R002518,O0005391,P0129,C00291,2026-05-12,1,Damaged,921.71,2025-10-23 16:08:54
R002519,O0003190,P0113,C04423,2026-08-06,3,Damaged,636.19,2025-04-08 18:25:21
R002520,O0056476,P0477,C03109,2026-05-31,2,Not as Described,945.13,2026-03-20 11:59:26
R002521,O0079815,P0098,C03164,2026-07-27,2,Wrong Item,672.9,2025-12-17 16:10:58
R002522,O0002484,P0404,C02132,2026-05-07,2,Wrong Item,332.71,2025-01-26 15:41:37
R002523,O0020269,P0327,C00872,2026-04-14,3,Wrong Item,124.09,2026-01-08 16:46:45
R002524,O0041410,P0255,C00556,2026-08-17,3,Damaged,858.01,2025-07-07 00:55:51
R002525,O0078513,P0298,C02180,2026-03-22,1,Wrong Item,917.22,2026-06-20 15:29:35
R002526,O0066359,P0448,C00101,2025-07-12,3,Late Delivery,832.32,2025-05-09 12:17:53
R002527,O0029128,P0123,C01307,2026-08-17,1,Wrong Item,723.01,2025-05-22 07:58:40
R002528,O0006560,P0469,C02106,2026-04-17,2,Damaged,183.42,2025-03-24 13:25:18
R002529,O0047312,P0345,C02601,2026-03-28,1,Damaged,559.17,2025-06-09 09:27:31
R002530,O0040007,P0438,C02362,2025-08-05,1,Wrong Item,501.97,2025-08-29 08:36:16
R002531,O0041591,P0341,C03276,2026-08-15,1,Damaged,674.97,2026-09-29 20:47:00
R002532,O0078894,P0374,C03317,2025-09-13,1,Late Delivery,605.54,2026-07-09 21:30:19
R002533,O0040786,P0042,C04028,2025-03-13,3,Late Delivery,821.94,2026-02-04 19:25:58
R002534,O0091714,P0106,C01805,2025-04-27,3,Damaged,512.39,2026-08-23 14:55:28
R002535,O0018277,P0317,C03213,2026-02-09,1,Late Delivery,583.57,2026-01-06 13:58:44
R002536,O0090771,P0082,C03622,2026-06-22,2,Changed Mind,678.77,2025-07-15 17:55:00
R002537,O0040343,P0193,C02550,2025-04-21,1,Changed Mind,588.69,2025-04-30 12:27:10
R002538,O0039197,P0310,C04740,2025-06-16,3,Wrong Item,194.56,2025-05-01 16:25:48
R002539,O0058484,P0220,C00163,2025-06-17,3,Not as Described,939.0,2025-12-10 00:40:05
R002540,O0087153,P0465,C00231,2026-06-02,2,Not as Described,304.36,2026-06-04 22:29:04
R002541,O0018311,P0254,C01291,2025-05-24,2,Late Delivery,733.05,2026-03-26 12:06:39
R002542,O0021273,P0060,C00278,2026-06-20,3,Late Delivery,400.57,2025-07-15 08:38:40
R002543,O0015227,P0362,C04764,2026-03-04,1,Not as Described,499.44,2025-11-25 06:56:31
R002544,O0022820,P0312,C02076,2026-03-16,3,Late Delivery,79.67,2025-06-16 02:38:35
R002545,O0047601,P0356,C03964,2026-02-14,2,Late Delivery,26.11,2026-06-24 11:04:12
R002546,O0062884,P0306,C04998,2026-02-17,2,Late Delivery,158.84,2025-01-22 13:09:40
R002547,O0020392,P0090,C02035,2025-05-25,2,Late Delivery,827.52,2026-05-17 19:40:01
R002548,O0048764,P0394,C03607,2026-05-03,3,Late Delivery,468.1,2025-01-03 12:44:54
R002549,O0091851,P0418,C03468,2026-06-27,3,Wrong Item,800.31,2026-06-23 03:08:10
R002550,O9999999,P0296,C00844,2026-09-12,3,Not as Described,534.18,2026-09-06 00:05:01
R002551,O0071430,P0356,C01087,2025-03-17,2,Changed Mind,505.46,2025-12-28 01:15:05
R002552,O0077253,P0432,C01841,2025-03-12,3,Not as Described,993.26,2026-06-09 08:23:07
R002553,O0076549,P0258,C03533,2025-04-03,1,Changed Mind,211.24,2026-03-05 09:39:01
R002554,O0069145,P0125,C03913,2026-09-05,3,Damaged,69.95,2026-02-26 19:00:23
R002555,O0066304,P0152,C04375,2025-10-07,1,Wrong Item,67.13,2026-05-19 22:49:59
R002556,O0021328,P0408,C04565,2025-04-29,1,Not as Described,747.84,2025-03-22 10:57:57
R002557,O0042985,P0162,C01945,2026-08-28,2,Wrong Item,782.7,2025-08-08 14:11:33
R002558,O0027787,P0207,C04178,2026-02-27,1,Wrong Item,135.37,2026-05-29 00:20:54
R002559,O0001850,P0268,C03636,2026-07-30,3,Not as Described,696.86,2025-05-06 07:48:19
R002560,O0070372,P0114,C00255,2025-05-25,1,Wrong Item,353.18,2026-07-08 12:36:00
R002561,O0045345,P0191,C01766,2025-07-22,2,Changed Mind,410.15,2026-08-11 02:57:55
R002562,O0039426,P0373,C01407,2025-10-04,1,Late Delivery,922.78,2025-03-21 00:48:22
R002563,O0014470,P0117,C04475,2026-07-05,2,Wrong Item,449.62,2025-07-09 13:40:40
R002564,O0009228,P0215,C01641,2025-12-10,2,Changed Mind,444.12,2025-02-05 08:17:11
R002565,O0093040,P0396,C04889,2025-02-27,3,Not as Described,947.63,2025-06-03 19:26:41
R002566,O0044282,P0022,C04538,2025-08-11,3,Not as Described,743.86,2025-05-25 14:08:58
R002567,O0033177,P0334,C04857,2026-01-13,3,Changed Mind,270.6,2025-06-16 00:59:17
R002568,O0063780,P0046,C01075,2025-03-17,3,Wrong Item,646.66,2026-08-07 18:30:49
R002569,O0021668,P0181,C01103,2025-09-09,2,Damaged,47.58,2026-04-05 11:54:34
R002570,O0012057,P0444,C01723,2025-12-25,3,Late Delivery,441.74,2026-09-23 03:37:44
R002571,O0056248,P0442,C00675,2025-08-20,1,Wrong Item,539.42,2025-11-17 05:43:15
R002572,O0089488,P0376,C02091,2026-04-29,3,Damaged,639.6,2026-08-24 07:40:52
R002573,O0098397,P0446,C02349,2025-03-03,3,Late Delivery,532.29,2025-11-15 06:11:09
R002574,O0006641,P0189,C02676,2025-07-13,1,Late Delivery,762.19,2025-08-19 00:47:03
R002575,O0038253,P0305,C03138,2026-07-24,3,Damaged,999.97,2026-01-23 02:49:41
R002576,O0013986,P0076,C01764,2026-05-16,1,Damaged,629.37,2026-01-17 10:59:42
R002577,O0066078,P0424,C02197,2026-06-27,2,Late Delivery,619.83,2025-06-08 13:13:59
R002578,O0063638,P0364,C04862,2025-06-29,2,Late Delivery,396.3,2025-07-09 22:24:07
R002579,O0044243,P0432,C01783,2026-03-30,2,Changed Mind,105.27,2026-09-17 03:46:08
R002580,O0000955,P0416,C02472,2025-01-12,1,Damaged,88.14,2025-02-22 23:52:37
R002581,O0023848,P0103,C00747,2026-09-07,3,Changed Mind,839.97,2025-06-28 07:21:07
R002582,O0029541,P0358,C02771,2025-09-22,3,Wrong Item,48.31,2026-03-26 15:04:32
R002583,O0040385,P0277,C02182,2026-02-12,3,Wrong Item,730.53,2025-04-25 03:26:02
R002584,O0033883,P0421,C00657,2025-05-28,2,Wrong Item,794.82,2025-01-30 16:41:59
R002585,O0052647,P0026,C03142,2026-05-09,2,Damaged,694.62,2025-09-11 09:33:19
R002586,O0084087,P0230,C04121,2025-08-05,1,Damaged,773.18,2025-02-05 10:04:12
R002587,O0085209,P0148,C02324,2026-07-23,3,Changed Mind,424.16,2025-02-19 09:23:43
R002588,O0076849,P0051,C01886,2026-07-05,3,Not as Described,302.96,2025-09-06 11:43:23
R002589,O0038088,P0321,C04684,2025-07-24,3,Damaged,724.67,2025-05-20 04:57:51
R002590,O0013152,P0246,C00585,2026-09-07,1,Damaged,383.71,2026-09-19 09:26:41
R002591,O0065825,P0420,C00987,2025-06-29,1,Late Delivery,74.28,2026-06-15 14:09:37
R002592,O0017006,P0122,C01463,2026-03-05,2,Changed Mind,621.58,2026-03-30 23:01:01
R002593,O0069262,P0241,C01287,2025-11-12,3,Changed Mind,-135.0,2026-08-06 10:20:08
R002594,O0059682,P0463,C02017,2025-06-08,2,Damaged,708.65,2026-07-21 13:37:58
R002595,O0047739,P0278,C04468,2026-08-05,3,Not as Described,245.77,2026-01-24 18:36:55
R002596,O0039749,P0259,C02853,2025-10-30,3,Wrong Item,970.6,2025-09-02 09:35:57
R002597,O0041079,P0125,C03787,2025-07-15,3,Wrong Item,241.95,2026-03-27 02:04:14
R002598,O0069304,P0294,C03965,2026-09-11,3,Changed Mind,464.69,2026-01-13 23:14:16
R002599,O0086383,P0164,C01114,2025-03-26,2,Not as Described,406.98,2025-12-05 07:00:15
R002600,O0068289,P0342,C01624,2025-02-11,3,Not as Described,687.15,2025-09-19 06:07:09
R002601,O0016344,P0214,C02146,2026-04-12,3,Wrong Item,876.0,2026-05-25 00:13:47
R002602,O0075902,P0408,C02310,2025-03-01,2,Late Delivery,599.58,2025-09-09 01:10:56
R002603,O0071242,P0308,C04783,2025-11-02,2,Not as Described,959.29,2026-01-06 22:15:00
R002604,O0062362,P0421,C04625,2025-09-07,1,Changed Mind,842.01,2025-07-21 01:55:07
R002605,O0097454,P0111,C04425,2025-07-19,1,Changed Mind,192.61,2026-02-05 11:03:42
R002606,O0014266,P0385,C01137,2026-08-22,1,Not as Described,743.39,2026-07-25 03:41:59
R002607,O0065598,P0451,C04179,2026-04-22,3,Late Delivery,949.28,2025-06-13 13:44:30
R002608,O0074950,P0335,C02027,2025-08-20,1,Wrong Item,446.08,2026-09-13 21:18:43
R002609,O0073577,P0352,C02248,2025-09-02,1,Damaged,-161.23,2026-01-23 16:27:18
R002610,O0043334,P0306,C03583,2025-08-20,2,Wrong Item,-591.53,2025-08-15 08:56:49
R002611,O0014944,P0459,C02294,2026-06-04,1,Wrong Item,953.85,2025-12-25 22:26:54
R002612,O0047035,P0005,C03890,2026-02-03,1,Damaged,738.08,2025-11-08 11:57:44
R002613,O0021106,P0074,C03971,2025-03-30,1,Late Delivery,254.1,2026-06-20 16:01:53
R002614,O0003875,P0009,C03085,2025-03-01,2,Not as Described,166.53,2026-01-28 12:53:38
R002615,O0053226,P0008,C00730,2025-02-20,1,Damaged,83.69,2025-09-06 02:25:19
R002616,O0014073,P0110,C02176,2026-08-22,1,Wrong Item,687.24,2025-05-24 14:30:45
R002617,O0048664,P0474,C04151,2025-05-03,3,Not as Described,932.32,2026-05-04 09:57:52
R002618,O0064991,P0471,C01003,2026-05-05,1,Not as Described,844.23,2026-09-03 10:40:19
R002619,O0063845,P0459,C01335,2026-05-19,3,Late Delivery,994.19,2025-06-08 14:28:18
R002620,O0011391,P0062,C04248,2026-01-02,2,Wrong Item,331.97,2025-09-25 20:00:39
R002621,O0029145,P0100,C00389,2025-07-21,3,Not as Described,771.04,2026-03-09 05:49:49
R002622,O0084761,P0444,C01955,2026-05-22,1,Changed Mind,156.18,2025-09-28 04:06:07
R002623,O0013592,P0305,C04265,2026-03-19,3,Not as Described,594.99,2026-02-03 21:26:26
R002624,O0043159,P0084,C03683,2026-04-01,1,Not as Described,403.98,2026-09-19 04:15:31
R002625,O9999999,P0061,C02679,2025-06-25,1,Damaged,689.73,2025-10-23 12:13:23
R002626,O0077632,P0152,C02746,2025-11-14,3,Damaged,676.78,2025-02-04 03:13:37
R002627,O0024443,P0344,C03384,2026-08-05,2,Late Delivery,165.22,2026-02-17 06:02:55
R002628,O0084530,P0463,C03796,2026-07-29,1,Changed Mind,248.86,2026-09-24 23:37:00
R002629,O0036492,P0104,C02622,2026-06-27,3,Late Delivery,943.45,2025-10-16 19:00:30
R002630,O0023111,P0468,C03473,2025-07-29,3,Damaged,920.21,2026-01-21 17:22:21
R002631,O0014737,P0452,C03506,2025-07-06,1,Changed Mind,979.84,2025-01-18 11:34:46
R002632,O0061051,P0243,C01318,2026-03-17,3,Damaged,896.11,2025-05-04 11:26:02
R002633,O0041449,P0262,C04835,2025-11-19,3,Damaged,89.34,2026-01-11 20:31:16
R002634,O0090931,P0228,C00074,2025-05-13,1,Changed Mind,28.3,2025-01-03 11:38:58
R002635,O0018156,P0317,C01544,2026-07-04,3,Wrong Item,267.25,2026-01-12 16:16:48
R002636,O0049613,P0076,C04362,2026-04-17,2,Damaged,581.37,2026-09-24 15:44:58
R002637,O0021917,P0386,C04175,2025-11-17,2,Late Delivery,484.56,2026-04-10 17:53:38
R002638,O0020127,P0373,C02914,2025-06-27,2,Wrong Item,798.85,2026-08-16 21:08:34
R002639,O0037095,P0376,C02517,2026-01-08,2,Wrong Item,992.16,2026-04-17 01:44:47
R002640,O0013671,P0139,C03284,2025-01-26,1,Damaged,248.75,2025-01-02 09:19:55
R002641,O0058545,P0434,C02513,2025-02-14,3,Changed Mind,233.14,2025-01-10 03:35:07
R002642,O0018507,P0320,C00136,2025-02-17,2,Damaged,994.72,2026-03-12 00:02:22
R002643,O0071605,P0147,C00795,2026-05-25,2,Changed Mind,41.8,2026-05-27 07:02:23
R002644,O0012430,P0464,C04088,2026-06-26,2,Damaged,778.81,2025-07-09 12:56:07
R002645,O0027502,P0223,C03415,2025-02-04,1,Wrong Item,940.6,2026-04-23 09:58:48
R002646,O0074721,P0157,C02482,2026-06-13,2,Late Delivery,838.78,2026-01-13 07:32:34
R002647,O0030846,P0303,C03291,2026-04-01,3,Late Delivery,553.36,2025-04-05 14:14:35
R002648,O0049843,P0067,C00040,2025-07-31,3,Damaged,984.45,2025-03-06 16:58:56
R002649,O0051139,P0389,C02165,2025-11-20,3,Late Delivery,354.18,2026-04-14 09:23:26
R002650,O0080698,P0381,C00461,2025-08-19,2,Damaged,12.9,2026-04-15 18:10:35
R002651,O9999999,P0390,C01700,2026-08-20,1,Not as Described,455.25,2025-11-17 19:58:18
R002652,O0072506,P0054,C02633,2025-05-17,3,Damaged,152.6,2026-08-15 23:03:39
R002653,O0061581,P0494,C00691,2025-12-04,2,Late Delivery,881.76,2025-03-26 14:44:19
R002654,O0043499,P0476,C01569,2026-04-06,1,Damaged,495.2,2026-03-15 20:29:41
R002655,O0024236,P0225,C03884,2025-08-17,3,Late Delivery,38.99,2025-02-23 16:15:45
R002656,O0038978,P0244,C04384,2025-06-28,3,Not as Described,901.45,2025-05-02 06:19:13
R002657,O0020945,P0366,C02964,2026-01-21,2,Changed Mind,517.97,2026-07-08 03:15:41
R002658,O0017619,P0442,C04501,2025-12-02,1,Late Delivery,986.64,2025-03-28 22:02:49
R002659,O0049544,P0347,C01676,2026-05-07,2,Wrong Item,598.88,2025-03-14 17:39:53
R002660,O0070235,P0139,C01925,2026-02-03,3,Late Delivery,654.21,2025-04-07 10:36:15
R002661,O0090321,P0030,C03543,2025-08-10,3,Not as Described,53.99,2025-01-31 06:37:11
R002662,O9999999,P0250,C04884,2026-03-16,2,Changed Mind,354.03,2025-07-01 15:13:12
R002663,O0011470,P0163,C03361,2025-07-24,3,Not as Described,341.69,2025-12-24 07:18:19
R002664,O0046070,P0358,C03505,2026-03-12,3,Wrong Item,495.66,2026-06-09 12:18:34
R002665,O0010326,P0450,C04033,2025-07-21,2,Changed Mind,278.51,2026-02-10 03:57:51
R002666,O0034138,P0125,C01997,2026-04-14,2,Damaged,124.11,2025-10-30 02:46:53
R002667,O0001923,P0062,C00161,2026-03-31,2,Late Delivery,203.78,2025-11-19 09:52:13
R002668,O0025795,P0066,C00597,2026-02-04,2,Not as Described,693.56,2026-01-23 02:50:17
R002669,O0072867,P0039,C04983,2025-03-17,1,Not as Described,318.03,2025-10-05 14:28:11
R002670,O0078776,P0084,C02371,2025-05-14,3,Damaged,704.64,2025-02-21 11:48:49
R002671,O0075176,P0231,C01968,2025-12-04,1,Not as Described,584.32,2025-11-23 19:05:09
R002672,O0059577,P0010,C03093,2025-06-29,2,Damaged,869.29,2025-04-13 20:02:02
R002673,O0004731,P0347,C03916,2025-01-31,2,Late Delivery,895.02,2025-04-15 22:59:09
R002674,O0075265,P0169,C01587,2026-09-29,2,Damaged,207.74,2025-05-22 20:14:59
R002675,O0041861,P0424,C03069,2025-02-15,2,Late Delivery,97.79,2025-03-30 00:52:20
R002676,O0035853,P0121,C01417,2025-03-06,1,Changed Mind,700.92,2026-05-07 13:21:33
R002677,O0000157,P0476,C01888,2025-07-26,1,Damaged,133.16,2026-04-16 15:44:26
R002678,O0090614,P0039,C03983,2026-07-12,1,Wrong Item,478.12,2025-03-13 17:38:13
R002679,O0046988,P0221,C04070,2025-09-11,1,Late Delivery,216.21,2025-01-19 02:09:23
R002680,O0082538,P0282,C02424,2025-11-08,3,Changed Mind,654.09,2025-05-06 21:16:32
R002681,O0070485,P0028,C02612,2025-03-14,3,Late Delivery,330.26,2025-11-13 11:34:40
R002682,O0014994,P0111,C03021,2025-05-08,3,Wrong Item,172.99,2025-05-10 22:06:32
R002683,O0009689,P0115,C03024,2026-04-22,1,Late Delivery,58.98,2026-01-27 11:33:48
R002684,O0013712,P0481,C00309,2026-04-08,3,Damaged,207.62,2025-12-18 04:12:55
R002685,O0007602,P0319,C01144,2025-02-05,2,Not as Described,844.75,2025-05-02 19:00:08
R002686,O0021983,P0422,C04685,2025-02-11,1,Not as Described,622.52,2025-09-21 06:16:02
R002687,O0097396,P0046,C04034,2026-03-23,2,Not as Described,449.96,2026-05-10 09:27:18
R002688,O0040770,P0025,C02355,2025-02-19,3,Changed Mind,879.14,2025-03-28 01:04:09
R002689,O0096570,P0193,C02601,2026-06-23,2,Late Delivery,341.06,2026-09-14 00:36:58
R002690,O0086248,P0304,C01177,2026-08-30,3,Not as Described,728.99,2025-09-20 00:00:02
R002691,O0011251,P0345,C03833,2025-05-31,3,Damaged,328.75,2025-10-09 02:48:02
R002692,O0054596,P0451,C01308,2026-03-30,2,Late Delivery,90.19,2025-06-13 06:53:06
R002693,O0050652,P0159,C02285,2026-05-06,2,Late Delivery,256.03,2025-09-29 03:31:16
R002694,O0073566,P0060,C00574,2026-07-13,2,Damaged,254.28,2026-07-02 17:24:36
R002695,O0046171,P0418,C00771,2026-09-30,3,Damaged,126.64,2025-02-09 23:33:50
R002696,O0081020,P0357,C01200,2025-09-27,3,Not as Described,257.11,2026-04-28 06:19:22
R002697,O0053551,P0348,C00057,2026-03-18,3,Not as Described,679.01,2025-04-28 17:47:18
R002698,O0033351,P0204,C01070,2026-04-15,2,Damaged,389.22,2026-02-16 03:17:57
R002699,O0007619,P0098,C04141,2025-09-02,1,Late Delivery,951.04,2026-08-12 20:14:15
R002700,O0008301,P0421,C00857,2025-01-07,2,Damaged,860.14,2025-04-26 15:50:05
R002701,O0097969,P0426,C03966,2026-06-21,1,Damaged,803.15,2026-03-19 18:43:21
R002702,O0095272,P0412,C03556,2025-07-24,1,Changed Mind,181.23,2025-08-25 01:59:14
R002703,O0073739,P0343,C04955,2026-01-07,2,Changed Mind,748.72,2026-05-23 16:48:32
R002704,O0064040,P0229,C02168,2025-09-30,3,Wrong Item,872.59,2025-05-22 11:44:50
R002705,O0034891,P0365,C02314,2026-01-02,1,Damaged,436.05,2025-12-28 22:33:52
R002706,O0087124,P0304,C03634,2026-08-10,1,Damaged,28.0,2026-04-24 12:39:30
R002707,O0003235,P0448,C01105,2025-02-25,1,Wrong Item,266.28,2025-11-01 14:58:06
R002708,O0025216,P0450,C04876,2026-01-27,3,Damaged,390.47,2026-05-10 18:59:12
R002709,O0024404,P0228,C00381,2025-08-08,2,Not as Described,849.05,2025-12-05 09:47:05
R002710,O0058306,P0017,C02461,2026-03-28,3,Damaged,551.07,2025-12-24 01:55:36
R002711,O0083597,P0487,C00722,2025-03-06,3,Wrong Item,476.55,2025-01-31 15:48:06
R002712,O0055589,P0068,C04656,2025-03-06,1,Late Delivery,592.15,2025-04-06 13:43:02
R002713,O0069626,P0216,C04928,2026-08-27,1,Not as Described,373.13,2025-09-30 22:02:03
R002714,O0036018,P0172,C01260,2026-08-02,1,Not as Described,269.1,2026-07-09 20:40:18
R002715,O0066642,P0232,C04385,2025-11-29,1,Not as Described,413.36,2026-09-17 03:12:11
R002716,O0048476,P0077,C03250,2025-10-17,1,Damaged,457.17,2025-10-11 07:27:06
R002717,O0094992,P0087,C03435,2025-04-24,1,Changed Mind,693.76,2026-07-03 15:35:05
R002718,O0087933,P0454,C04604,2026-06-21,3,Late Delivery,343.67,2025-03-16 05:16:28
R002719,O0005939,P0373,C02176,2026-05-28,2,Damaged,581.83,2025-01-28 08:38:16
R002720,O0072491,P0112,C00330,2026-07-28,2,Not as Described,765.8,2026-07-13 15:02:04
R002721,O0090241,P0429,C03639,2026-09-24,1,Changed Mind,799.95,2025-06-01 22:03:46
R002722,O0098720,P0500,C02072,2025-04-18,2,Not as Described,268.99,2025-09-24 06:58:47
R002723,O0033271,P0006,C04237,2026-06-11,2,Late Delivery,-849.31,2026-05-22 08:30:56
R002724,O0005837,P0237,C04334,2025-01-17,3,Wrong Item,351.76,2025-12-06 09:02:25
R002725,O0079009,P0237,C03214,2025-07-11,2,Late Delivery,377.68,2025-08-02 14:02:35
R002726,O0072122,P0035,C04524,2026-01-22,1,Wrong Item,218.4,2026-04-06 05:48:31
R002727,O0006573,P0432,C00599,2026-08-06,3,Not as Described,792.66,2026-05-02 19:21:55
R002728,O0056035,P0078,C04010,2025-12-20,1,Late Delivery,111.8,2026-08-09 18:26:35
R002729,O0096716,P0137,C00973,2026-05-16,2,Wrong Item,293.83,2026-07-17 00:27:06
R002730,O0029720,P0355,C00605,2025-05-26,2,Changed Mind,627.66,2026-02-21 17:10:53
R002731,O0063998,P0054,C01072,2025-01-07,3,Damaged,705.36,2026-01-30 06:29:33
R002732,O0029896,P0481,C04345,2025-04-16,3,Not as Described,19.47,2026-08-01 21:03:38
R002733,O0068601,P0033,C00987,2026-07-25,1,Late Delivery,456.5,2025-04-09 12:57:44
R002734,O0018757,P0317,C02458,2025-10-30,1,Late Delivery,879.82,2025-08-24 21:35:17
R002735,O0015504,P0127,C01207,2025-09-23,2,Late Delivery,924.69,2025-10-28 12:15:11
R002736,O0090197,P0287,C03891,2025-06-12,2,Not as Described,897.68,2025-09-01 09:28:04
R002737,O0024486,P0124,C03603,2025-11-11,1,Not as Described,594.2,2025-03-02 01:36:49
R002738,O0091002,P0213,C01547,2025-09-12,1,Damaged,226.0,2025-12-16 19:14:31
R002739,O0056068,P0133,C04934,2026-07-12,3,Late Delivery,718.37,2025-01-15 01:34:16
R002740,O0075205,P0270,C03703,2026-04-19,3,Changed Mind,451.67,2025-03-30 07:03:31
R002741,O9999999,P0473,C03248,2025-06-03,3,Changed Mind,864.08,2025-09-14 07:15:50
R002742,O0069489,P0148,C04834,2025-08-06,2,Wrong Item,286.05,2025-10-12 00:19:09
R002743,O0059782,P0369,C00587,2026-05-20,3,Not as Described,448.75,2025-10-22 12:23:44
R002744,O0014043,P0117,C02185,2025-06-06,1,Changed Mind,763.09,2025-12-11 01:05:24
R002745,O0098161,P0235,C02458,2025-06-28,1,Late Delivery,244.71,2025-11-07 11:27:23
R002746,O0014468,P0189,C00474,2026-08-28,2,Damaged,515.95,2025-03-09 03:01:19
R002747,O0048954,P0030,C01457,2026-03-04,2,Wrong Item,660.59,2025-06-04 15:57:03
R002748,O0063152,P0355,C01319,2026-02-24,2,Damaged,193.14,2025-01-14 07:59:29
R002749,O0098561,P0246,C03450,2025-06-19,3,Changed Mind,717.07,2025-10-30 07:15:48
R002750,O0066462,P0231,C02291,2025-06-19,2,Damaged,767.86,2025-09-27 02:20:40
R002751,O9999999,P0042,C00326,2026-05-22,1,Not as Described,752.29,2025-06-30 19:54:44
R002752,O0083400,P0062,C01131,2026-04-30,3,Damaged,702.08,2025-01-17 00:59:25
R002753,O0025753,P0142,C00354,2026-05-04,3,Wrong Item,730.23,2025-02-08 05:45:27
R002754,O0048129,P0293,C03615,2025-02-17,1,Changed Mind,806.18,2026-06-27 16:28:18
R002755,O0057837,P0156,C01720,2026-04-04,3,Changed Mind,32.48,2025-10-09 15:18:55
R002756,O0073295,P0248,C03795,2025-10-18,3,Not as Described,390.48,2025-07-15 14:27:31
R002757,O0073933,P0020,C02139,2025-09-28,1,Changed Mind,376.79,2025-05-25 06:58:08
R002758,O0053813,P0311,C01009,2026-01-09,1,Changed Mind,308.64,2026-07-21 01:07:50
R002759,O0082987,P0392,C03125,2025-10-07,2,Not as Described,743.57,2025-12-17 23:24:24
R002760,O0016223,P0130,C00617,2025-05-22,3,Damaged,541.62,2025-06-10 11:18:37
R002761,O0006767,P0045,C01668,2026-06-22,2,Late Delivery,133.54,2026-08-12 16:02:14
R002762,O0083651,P0161,C03985,2026-08-19,3,Changed Mind,807.78,2026-01-19 17:39:48
R002763,O0006068,P0042,C02396,2025-10-04,2,Late Delivery,562.66,2026-07-22 04:28:33
R002764,O0029896,P0400,C02649,2026-04-02,3,Late Delivery,955.09,2026-01-21 08:02:45
R002765,O0040179,P0283,C03227,2026-03-30,3,Changed Mind,168.02,2026-04-06 18:56:19
R002766,O0002943,P0391,C00234,2025-07-22,1,Not as Described,635.61,2025-12-18 01:10:58
R002767,O0039535,P0284,C01869,2025-04-21,1,Changed Mind,797.63,2026-06-21 13:22:09
R002768,O0038654,P0181,C03818,2025-09-10,2,Changed Mind,441.19,2025-06-14 09:59:28
R002769,O0003010,P0394,C00975,2026-07-05,3,Wrong Item,384.49,2025-08-30 08:09:57
R002770,O0020964,P0047,C02223,2025-10-30,3,Wrong Item,756.41,2026-02-07 23:17:31
R002771,O0014383,P0334,C03274,2025-01-11,1,Not as Described,637.88,2026-01-22 18:40:27
R002772,O0055276,P0008,C01919,2025-05-18,2,Not as Described,843.69,2025-04-10 22:02:39
R002773,O0093839,P0445,C01849,2025-12-21,2,Changed Mind,557.29,2025-03-27 09:44:34
R002774,O0031173,P0358,C01617,2025-02-11,2,Late Delivery,825.86,2025-05-06 18:02:32
R002775,O0057518,P0491,C02973,2026-09-15,3,Damaged,411.51,2026-02-12 01:21:25
R002776,O0008802,P0005,C01539,2025-09-30,1,Changed Mind,803.82,2025-09-08 12:43:03
R002777,O0078153,P0461,C02637,2026-06-28,2,Wrong Item,521.32,2026-04-19 00:10:05
R002778,O0089524,P0329,C03106,2025-06-15,2,Damaged,749.68,2025-01-14 04:36:43
R002779,O0076461,P0332,C03718,2025-05-12,1,Not as Described,701.29,2026-09-07 00:35:01
R002780,O0009226,P0407,C01568,2026-06-20,2,Not as Described,376.11,2026-09-27 07:44:18
R002781,O0029578,P0252,C04452,2026-07-01,2,Damaged,596.04,2026-04-01 04:13:37
R002782,O0067812,P0188,C02804,2025-01-07,1,Damaged,295.95,2026-08-01 05:21:57
R002783,O0068474,P0090,C02487,2026-01-30,3,Changed Mind,732.5,2025-02-13 15:06:55
R002784,O0018896,P0476,C04994,2025-08-09,2,Wrong Item,323.64,2026-02-21 23:03:39
R002785,O0052382,P0053,C00630,2025-01-10,3,Wrong Item,799.32,2025-05-05 10:42:10
R002786,O0084217,P0371,C04056,2025-07-03,3,Changed Mind,913.55,2026-06-05 07:25:58
R002787,O0083683,P0058,C03114,2026-04-14,1,Not as Described,261.53,2026-01-04 18:08:17
R002788,O0020641,P0219,C03426,2026-08-31,3,Not as Described,850.83,2026-06-17 01:33:08
R002789,O0008066,P0054,C02659,2026-01-01,1,Not as Described,50.75,2025-01-21 13:35:42
R002790,O0014020,P0191,C03716,2026-08-31,2,Wrong Item,655.83,2026-06-30 21:17:43
R002791,O0046424,P0496,C02875,2026-03-11,1,Late Delivery,854.75,2026-09-04 23:00:49
R002792,O0054689,P0298,C00380,2026-01-21,1,Late Delivery,486.41,2026-09-01 15:26:18
R002793,O0002049,P0230,C02570,2025-08-01,1,Damaged,556.69,2025-04-21 19:49:38
R002794,O0089136,P0061,C01345,2025-12-22,1,Damaged,184.26,2025-12-05 04:47:14
R002795,O0036238,P0312,C01734,2025-09-28,2,Wrong Item,593.79,2025-01-20 09:07:16
R002796,O0083669,P0186,C02743,2025-02-14,1,Changed Mind,278.5,2026-02-06 20:11:00
R002797,O0091325,P0392,C01779,2025-12-01,3,Not as Described,743.95,2026-09-16 14:26:28
R002798,O0012055,P0250,C02728,2026-05-18,3,Wrong Item,168.54,2025-12-23 22:27:06
R002799,O0044038,P0055,C00544,2025-02-08,1,Damaged,503.71,2025-05-06 06:53:52
R002800,O0047372,P0260,C02296,2025-02-18,2,Not as Described,675.13,2025-12-12 22:33:35
R002801,O0049077,P0074,C02080,2026-03-13,2,Damaged,536.88,2025-09-03 05:50:46
R002802,O0091352,P0348,C03615,2025-03-07,2,Wrong Item,75.09,2026-03-05 05:58:33
R002803,O0023436,P0116,C01554,2025-01-15,3,Not as Described,730.0,2026-02-24 20:06:24
R002804,O0009779,P0422,C00389,2026-02-17,2,Late Delivery,285.22,2025-06-21 07:31:27
R002805,O0014998,P0032,C04875,2025-11-10,2,Not as Described,37.13,2025-04-24 13:53:04
R002806,O0022314,P0121,C03104,2025-08-09,2,Damaged,576.96,2025-07-20 00:15:23
R002807,O0023988,P0238,C01090,2025-11-09,1,Wrong Item,953.43,2026-09-02 21:43:04
R002808,O0049999,P0018,C01042,2025-04-03,1,Wrong Item,476.42,2026-01-28 08:16:34
R002809,O0014008,P0090,C00595,2026-04-10,1,Late Delivery,608.83,2026-07-09 02:51:35
R002810,O0033258,P0444,C02198,2025-03-04,2,Late Delivery,559.86,2025-09-18 08:38:07
R002811,O0088733,P0162,C03824,2025-08-31,2,Changed Mind,67.3,2025-11-08 16:44:03
R002812,O9999999,P0263,C03747,2026-01-05,3,Damaged,173.49,2025-01-22 00:36:46
R002813,O0009804,P0154,C02179,2025-10-20,3,Changed Mind,-682.39,2025-01-04 19:46:36
R002814,O0017760,P0482,C01379,2025-01-06,1,Changed Mind,981.87,2025-04-17 11:35:40
R002815,O0086899,P0069,C02037,2025-11-17,3,Changed Mind,609.43,2025-02-06 01:18:33
R002816,O0069724,P0182,C03047,2026-09-13,2,Not as Described,629.01,2026-03-09 14:01:54
R002817,O0080390,P0142,C03447,2025-09-13,2,Changed Mind,223.03,2026-07-23 22:44:01
R002818,O0043504,P0240,C03120,2026-03-09,2,Wrong Item,95.45,2026-02-04 02:38:01
R002819,O0022667,P0244,C00123,2026-07-15,1,Wrong Item,713.91,2026-01-13 15:21:33
R002820,O0071971,P0039,C03156,2026-06-01,2,Late Delivery,639.73,2025-12-14 06:24:51
R002821,O0004383,P0187,C00293,2026-01-01,1,Changed Mind,115.26,2025-05-29 07:23:35
R002822,O0032900,P0348,C01000,2025-08-19,3,Late Delivery,190.88,2025-05-11 11:21:37
R002823,O0034099,P0015,C03296,2026-07-12,1,Not as Described,36.37,2025-04-16 19:52:42
R002824,O0072493,P0457,C04446,2025-10-26,3,Wrong Item,403.95,2025-07-06 15:04:39
R002825,O0061884,P0275,C00507,2026-02-09,2,Wrong Item,974.45,2025-08-11 13:53:14
R002826,O0033069,P0244,C04315,2025-02-27,3,Wrong Item,186.03,2026-03-25 00:00:40
R002827,O0057338,P0309,C02949,2025-01-08,3,Wrong Item,934.83,2025-12-13 06:00:26
R002828,O0068947,P0042,C04456,2025-08-02,1,Wrong Item,884.7,2025-04-17 02:45:16
R002829,O0075798,P0465,C00561,2025-12-22,2,Not as Described,922.43,2026-08-26 04:55:44
R002830,O0068498,P0268,C02218,2026-05-12,1,Late Delivery,688.67,2026-05-25 07:20:10
R002831,O0048370,P0258,C00913,2026-08-05,3,Changed Mind,630.13,2025-12-17 15:43:44
R002832,O0082248,P0202,C03440,2025-09-04,1,Not as Described,226.11,2025-11-08 19:32:52
R002833,O0033639,P0099,C01655,2026-01-27,1,Not as Described,302.75,2026-07-10 16:48:10
R002834,O0033848,P0207,C03653,2026-09-14,2,Not as Described,405.65,2025-03-26 10:11:26
R002835,O0085527,P0137,C01577,2025-04-30,2,Damaged,991.15,2026-06-12 00:13:24
R002836,O0054895,P0231,C03876,2026-09-11,3,Late Delivery,856.45,2025-09-24 00:37:59
R002837,O0086661,P0122,C00970,2025-06-27,3,Damaged,364.52,2026-05-26 11:33:44
R002838,O0058772,P0429,C00489,2025-03-26,1,Late Delivery,136.87,2025-08-13 01:24:10
R002839,O0044652,P0210,C01930,2026-02-25,3,Damaged,257.19,2025-03-02 07:59:07
R002840,O0041517,P0200,C03974,2025-01-13,3,Not as Described,238.2,2025-04-24 01:11:14
R002841,O0078292,P0045,C01398,2025-08-22,1,Late Delivery,270.79,2025-10-21 06:54:39
R002842,O0094543,P0300,C01111,2025-05-20,2,Changed Mind,149.62,2025-02-03 07:34:15
R002843,O0025872,P0277,C00792,2025-08-10,2,Changed Mind,115.92,2026-07-03 10:35:13
R002844,O0058450,P0022,C02842,2026-07-30,2,Changed Mind,764.9,2026-09-29 13:02:02
R002845,O0091152,P0035,C01407,2026-09-22,1,Wrong Item,993.03,2026-05-09 05:04:26
R002846,O0045993,P0318,C04471,2026-01-26,2,Wrong Item,873.98,2026-02-09 20:54:57
R002847,O0054842,P0205,C00275,2026-01-15,3,Wrong Item,792.91,2025-10-18 09:40:42
R002848,O0068048,P0337,C01202,2026-05-19,3,Wrong Item,720.77,2025-09-23 08:01:17
R002849,O0058256,P0109,C04142,2025-06-14,3,Changed Mind,463.61,2025-08-10 16:08:48
R002850,O0088381,P0328,C01240,2025-05-28,1,Changed Mind,52.64,2025-12-17 13:38:25
R002851,O0035741,P0396,C01025,2025-06-15,1,Late Delivery,808.75,2026-01-17 15:38:49
R002852,O0057590,P0482,C02927,2026-06-28,3,Changed Mind,419.32,2026-01-20 11:39:23
R002853,O0002757,P0301,C02897,2025-10-23,2,Changed Mind,334.94,2026-03-24 20:45:28
R002854,O0040864,P0219,C00911,2026-05-01,2,Changed Mind,504.25,2025-08-17 04:04:50
R002855,O0053535,P0172,C01146,2026-04-01,1,Damaged,223.29,2025-05-06 21:55:13
R002856,O0071877,P0354,C04306,2026-05-29,3,Changed Mind,102.9,2026-08-04 14:03:38
R002857,O0015203,P0114,C00882,2025-05-03,3,Not as Described,907.18,2026-09-29 06:18:22
R002858,O0088149,P0201,C01925,2026-05-01,2,Late Delivery,427.02,2025-08-19 06:47:39
R002859,O0014202,P0246,C03394,2025-09-30,1,Not as Described,852.36,2025-01-17 05:05:42
R002860,O0003923,P0281,C03973,2025-09-11,2,Late Delivery,703.88,2026-07-29 20:41:54
R002861,O0039239,P0202,C01690,2025-09-04,2,Late Delivery,827.89,2026-09-17 20:26:25
R002862,O0022186,P0219,C02561,2026-05-22,1,Damaged,355.86,2026-06-10 02:12:13
R002863,O0051488,P0319,C00679,2025-10-02,1,Not as Described,649.17,2025-01-12 07:36:37
R002864,O0054558,P0073,C01874,2026-01-28,3,Not as Described,666.62,2025-06-02 11:11:09
R002865,O0016891,P0213,C01148,2026-02-13,2,Wrong Item,677.12,2025-04-03 10:37:19
R002866,O0082863,P0077,C01173,2025-10-27,1,Damaged,266.89,2026-02-21 21:37:11
R002867,O0016720,P0289,C03241,2025-06-24,2,Wrong Item,971.24,2026-03-15 06:13:51
R002868,O0013840,P0461,C04548,2026-03-18,3,Changed Mind,138.36,2025-08-02 04:03:31
R002869,O0043288,P0160,C04874,2025-08-24,3,Damaged,109.29,2026-01-13 02:08:05
R002870,O0055127,P0028,C00305,2025-11-23,1,Wrong Item,740.34,2025-12-10 21:59:04
R002871,O0097692,P0037,C04647,2025-02-10,2,Late Delivery,985.26,2026-05-24 11:49:58
R002872,O0058664,P0266,C01865,2025-08-15,2,Damaged,805.39,2025-07-22 09:52:53
R002873,O0054260,P0047,C04710,2025-07-18,3,Not as Described,404.5,2026-08-11 08:46:27
R002874,O0021273,P0039,C04130,2026-08-31,2,Damaged,770.22,2026-08-24 12:11:27
R002875,O0059676,P0264,C00835,2025-11-03,2,Wrong Item,549.22,2026-06-29 06:33:04
R002876,O0070874,P0198,C04200,2025-06-09,2,Wrong Item,585.87,2025-01-25 20:29:39
R002877,O0085255,P0439,C00583,2025-03-15,1,Damaged,174.24,2025-07-14 15:39:21
R002878,O0014100,P0148,C03353,2025-07-16,3,Not as Described,491.91,2026-04-27 18:53:48
R002879,O0045712,P0064,C02839,2026-01-03,2,Damaged,749.51,2025-12-18 12:56:56
R002880,O0064211,P0251,C04106,2026-07-03,1,Not as Described,256.51,2026-02-06 21:28:39
R002881,O0020803,P0426,C02270,2025-04-15,3,Not as Described,461.56,2025-09-19 01:07:56
R002882,O0085413,P0282,C02822,2026-07-19,1,Late Delivery,694.43,2025-03-25 09:25:14
R002883,O0035895,P0228,C01097,2026-03-26,3,Changed Mind,137.73,2025-08-31 22:28:41
R002884,O0017902,P0133,C02613,2026-01-12,2,Not as Described,817.68,2025-11-23 00:13:07
R002885,O0027567,P0372,C01734,2025-01-05,2,Damaged,622.24,2025-06-28 12:56:41
R002886,O0088702,P0182,C03963,2025-08-21,2,Not as Described,101.28,2026-05-17 22:46:24
R002887,O0048535,P0265,C03000,2026-02-15,3,Late Delivery,774.46,2025-12-18 04:35:37
R002888,O0055251,P0063,C01019,2025-03-31,2,Changed Mind,171.31,2025-11-12 18:18:46
R002889,O0087699,P0089,C03085,2026-08-09,1,Late Delivery,108.14,2025-11-27 17:37:41
R002890,O0046597,P0168,C03079,2025-12-20,2,Wrong Item,508.88,2025-01-26 02:20:39
R002891,O0000006,P0313,C02699,2025-01-15,2,Changed Mind,426.29,2026-03-08 10:55:25
R002892,O0015311,P0360,C00880,2025-11-23,2,Wrong Item,429.52,2025-05-17 20:55:00
R002893,O0024822,P0337,C04934,2025-09-01,1,Wrong Item,974.1,2025-02-03 01:37:13
R002894,O0031057,P0081,C02245,2026-04-30,3,Not as Described,855.55,2025-12-04 00:49:46
R002895,O0062085,P0053,C01055,2025-02-12,3,Changed Mind,366.99,2026-01-15 23:58:08
R002896,O0084433,P0349,C02555,2025-05-11,1,Wrong Item,109.77,2025-07-19 08:26:12
R002897,O0084789,P0203,C01750,2025-05-30,3,Damaged,518.77,2025-12-21 19:03:32
R002898,O0040772,P0308,C02047,2026-05-21,3,Late Delivery,343.47,2026-04-05 19:44:10
R002899,O0055834,P0469,C02820,2025-10-18,1,Late Delivery,678.8,2025-10-27 19:21:10
R002900,O0063658,P0215,C00676,2026-02-16,2,Changed Mind,643.35,2026-02-12 00:35:02
R002901,O0047301,P0454,C00492,2025-07-21,2,Damaged,542.16,2026-02-24 01:55:27
R002902,O0015430,P0409,C02596,2025-09-25,2,Damaged,259.92,2025-04-20 16:32:17
R002903,O0049892,P0125,C02949,2026-07-04,1,Late Delivery,605.97,2025-07-19 23:43:58
R002904,O0093124,P0175,C03561,2025-08-13,3,Damaged,708.95,2025-01-02 20:47:40
R002905,O0006742,P0182,C01018,2025-07-19,3,Damaged,450.36,2025-03-13 18:01:22
R002906,O9999999,P0242,C03091,2026-09-25,1,Damaged,414.96,2026-03-03 05:18:02
R002907,O0056283,P0110,C02238,2026-01-11,1,Not as Described,408.2,2026-03-14 07:08:08
R002908,O0007694,P0199,C04219,2026-06-22,2,Wrong Item,705.64,2025-12-20 15:25:04
R002909,O0024015,P0345,C03402,2026-08-07,1,Wrong Item,829.85,2026-06-03 20:17:52
R002910,O0066800,P0476,C00774,2025-07-08,1,Wrong Item,328.09,2025-12-26 22:36:44
R002911,O0067524,P0008,C03627,2025-03-24,3,Not as Described,-993.42,2026-07-21 11:52:08
R002912,O0025034,P0354,C04452,2026-05-30,3,Late Delivery,487.83,2026-03-14 05:25:13
R002913,O0013163,P0138,C02148,2025-03-20,3,Changed Mind,364.14,2025-07-21 20:59:41
R002914,O0007285,P0099,C02406,2026-01-07,1,Late Delivery,822.44,2026-01-17 19:25:18
R002915,O0093057,P0373,C02081,2025-10-17,2,Not as Described,407.63,2026-03-17 22:27:18
R002916,O0007602,P0332,C01662,2026-02-17,1,Not as Described,72.37,2026-08-18 08:50:53
R002917,O0022046,P0357,C02268,2026-05-18,3,Changed Mind,447.98,2025-05-27 01:57:22
R002918,O0065661,P0059,C03889,2025-07-07,2,Late Delivery,355.95,2025-08-01 17:55:13
R002919,O0033782,P0238,C03485,2025-07-03,2,Not as Described,840.21,2025-07-18 00:14:09
R002920,O0046050,P0004,C02772,2025-02-18,3,Not as Described,816.97,2026-08-08 09:47:31
R002921,O0053155,P0183,C00746,2026-01-28,3,Changed Mind,638.16,2026-04-14 11:24:29
R002922,O0019217,P0293,C01937,2025-07-29,3,Not as Described,835.96,2026-09-15 22:51:31
R002923,O0044684,P0489,C03041,2026-05-23,3,Damaged,374.48,2025-12-15 00:18:21
R002924,O0064848,P0291,C01277,2025-05-02,2,Not as Described,518.43,2025-08-30 11:18:31
R002925,O0087954,P0401,C00005,2025-05-23,1,Not as Described,47.42,2025-09-22 19:32:06
R002926,O0041276,P0398,C02771,2026-03-05,2,Not as Described,185.15,2025-06-20 11:42:47
R002927,O0027858,P0041,C01378,2025-01-11,1,Wrong Item,494.36,2025-02-21 08:24:51
R002928,O0094856,P0331,C02007,2025-09-28,1,Damaged,313.24,2026-06-20 00:53:28
R002929,O0053888,P0015,C00849,2025-06-23,2,Changed Mind,-765.3,2025-07-11 02:32:23
R002930,O0077542,P0388,C01135,2025-01-12,1,Late Delivery,428.63,2026-01-11 16:08:31
R002931,O0017270,P0059,C03785,2025-03-05,3,Wrong Item,721.49,2025-03-08 02:17:43
R002932,O0060728,P0350,C01838,2025-06-16,3,Damaged,76.57,2025-05-08 07:24:39
R002933,O0046928,P0001,C00592,2026-06-26,1,Late Delivery,819.25,2025-04-09 19:31:21
R002934,O0044668,P0437,C01971,2026-03-24,1,Late Delivery,154.18,2025-03-28 17:08:49
R002935,O0004002,P0080,C04048,2025-08-23,3,Late Delivery,316.85,2025-06-15 18:14:48
R002936,O0008824,P0084,C00376,2026-09-28,2,Wrong Item,218.89,2025-04-01 14:54:31
R002937,O0073038,P0171,C04682,2025-07-21,2,Wrong Item,170.68,2026-07-26 10:05:49
R002938,O0091157,P0201,C03211,2026-05-07,3,Late Delivery,169.69,2025-01-30 16:41:43
R002939,O0000855,P0482,C03146,2025-12-21,1,Changed Mind,977.19,2026-01-07 01:41:37
R002940,O0076725,P0186,C04010,2026-02-13,2,Late Delivery,466.7,2026-07-19 01:43:10
R002941,O0027408,P0005,C00899,2025-12-03,1,Damaged,395.44,2025-11-05 15:47:17
R002942,O0048336,P0230,C01461,2026-07-01,2,Not as Described,189.21,2025-08-23 06:17:36
R002943,O0020282,P0245,C01243,2026-07-25,1,Wrong Item,751.31,2025-12-21 03:07:50
R002944,O0087227,P0029,C02579,2026-02-19,1,Damaged,485.45,2025-03-27 23:12:04
R002945,O0050051,P0322,C04478,2025-07-26,3,Changed Mind,730.13,2025-12-25 14:37:22
R002946,O0094014,P0182,C00588,2025-12-07,2,Late Delivery,751.23,2025-08-22 06:46:16
R002947,O0087153,P0381,C00747,2026-06-30,3,Wrong Item,808.44,2026-03-21 05:52:33
R002948,O0063064,P0424,C02015,2025-07-11,1,Wrong Item,813.81,2026-03-01 05:14:06
R002949,O0038695,P0211,C03538,2025-12-20,3,Late Delivery,51.51,2025-12-31 01:23:54
R002950,O0048173,P0358,C03250,2026-07-13,1,Changed Mind,897.96,2025-06-29 14:24:24
R002951,O0017653,P0199,C01592,2025-12-02,2,Wrong Item,153.59,2025-01-02 17:16:32
R002952,O0048301,P0248,C04193,2025-02-07,3,Wrong Item,242.14,2025-07-21 07:45:14
R002953,O0064746,P0449,C04397,2026-05-10,2,Not as Described,977.62,2026-06-05 07:11:17
R002954,O0050879,P0066,C02176,2026-01-25,2,Not as Described,660.04,2025-07-06 17:10:12
R002955,O0047935,P0439,C00510,2025-06-29,1,Damaged,177.08,2025-08-11 16:10:02
R002956,O0051323,P0420,C02747,2025-05-18,2,Not as Described,49.39,2026-06-04 22:57:25
R002957,O0082260,P0050,C01816,2026-01-01,3,Changed Mind,482.57,2026-08-06 21:14:43
R002958,O0070055,P0454,C02067,2026-04-22,2,Damaged,961.54,2026-09-19 02:04:04
R002959,O0003390,P0039,C01898,2026-08-23,3,Wrong Item,50.83,2026-08-25 07:13:55
R002960,O0097270,P0035,C01018,2025-08-10,2,Not as Described,68.24,2025-07-02 04:44:09
R002961,O0068802,P0305,C01111,2025-12-01,2,Damaged,775.54,2026-08-29 23:50:14
R002962,O0050640,P0043,C01736,2025-10-16,3,Changed Mind,245.53,2025-09-22 06:22:48
R002963,O0024374,P0238,C00625,2025-01-05,1,Wrong Item,903.63,2025-08-23 05:47:02
R002964,O0009101,P0242,C01468,2025-03-21,3,Not as Described,858.22,2025-12-01 08:00:18
R002965,O0048847,P0071,C02567,2025-12-18,1,Late Delivery,301.54,2025-07-05 09:26:00
R002966,O0038117,P0301,C04599,2026-05-31,1,Wrong Item,143.19,2026-02-23 04:26:19
R002967,O0025640,P0077,C02459,2026-06-06,3,Late Delivery,66.77,2025-03-02 22:51:04
R002968,O0030126,P0087,C03507,2025-04-28,1,Late Delivery,968.99,2025-04-19 02:12:10
R002969,O0035989,P0153,C03916,2026-04-21,1,Not as Described,195.62,2025-10-16 03:03:35
R002970,O0081344,P0288,C01483,2026-06-01,2,Not as Described,780.54,2025-12-24 13:03:59
R002971,O0008083,P0329,C00939,2026-08-30,1,Changed Mind,335.61,2026-04-02 10:44:02
R002972,O0062977,P0335,C01713,2025-10-04,1,Late Delivery,-852.75,2026-01-09 18:59:54
R002973,O0000853,P0046,C00030,2026-07-17,2,Not as Described,786.23,2026-08-08 11:41:00
R002974,O0082190,P0123,C01560,2025-11-12,3,Not as Described,847.03,2025-03-31 07:00:12
R002975,O0044815,P0129,C03634,2025-03-06,1,Wrong Item,322.98,2025-07-14 19:38:18
R002976,O0082937,P0259,C01302,2026-08-27,2,Changed Mind,489.93,2026-04-24 10:01:21
R002977,O0029329,P0069,C01947,2025-09-26,3,Wrong Item,109.1,2025-09-29 13:29:12
R002978,O0013531,P0283,C01017,2025-08-27,2,Not as Described,755.31,2026-01-01 19:30:08
R002979,O0069213,P0106,C04466,2026-05-08,3,Not as Described,694.01,2026-02-24 16:27:18
R002980,O0098463,P0406,C02964,2025-01-08,1,Not as Described,904.92,2025-02-28 13:52:45
R002981,O0025665,P0291,C02719,2026-06-02,2,Not as Described,357.4,2025-08-11 11:18:11
R002982,O0092605,P0328,C01818,2025-03-24,3,Late Delivery,379.24,2025-06-06 06:52:53
R002983,O0025054,P0392,C04680,2025-09-17,3,Changed Mind,535.0,2025-02-05 12:55:23
R002984,O0067256,P0050,C00089,2025-07-28,3,Changed Mind,179.45,2026-05-10 15:24:15
R002985,O0088889,P0085,C04430,2025-11-27,2,Changed Mind,28.85,2025-11-03 05:15:58
R002986,O0041897,P0440,C02710,2026-09-27,2,Wrong Item,293.8,2025-03-23 15:00:32
R002987,O0080559,P0219,C03005,2025-08-01,3,Not as Described,445.47,2026-06-13 15:30:05
R002988,O0019560,P0360,C02318,2025-03-28,2,Not as Described,260.82,2025-04-25 23:35:22
R002989,O0042712,P0196,C01996,2025-07-19,2,Not as Described,464.46,2025-03-22 10:34:03
R002990,O0020340,P0316,C01499,2025-06-22,3,Wrong Item,402.92,2025-11-26 14:03:01
R002991,O0054444,P0307,C04123,2026-01-29,3,Wrong Item,652.66,2025-10-29 03:47:46
R002992,O0071817,P0043,C01758,2025-04-23,1,Damaged,122.85,2025-01-18 23:54:21
R002993,O0026855,P0009,C00247,2025-07-29,2,Late Delivery,965.1,2026-06-27 17:19:03
R002994,O0085172,P0443,C04341,2026-02-21,2,Changed Mind,172.0,2026-08-20 00:02:16
R002995,O0032981,P0095,C01875,2025-12-02,2,Damaged,950.2,2025-03-20 01:24:20
R002996,O0052916,P0001,C02561,2026-05-02,3,Late Delivery,140.86,2026-03-26 14:59:19
R002997,O0065483,P0284,C01617,2025-06-27,3,Not as Described,763.0,2026-09-30 09:40:21
R002998,O0034954,P0452,C04168,2025-12-31,2,Not as Described,390.36,2025-09-28 11:14:24
R002999,O0086929,P0454,C03461,2025-02-14,2,Changed Mind,938.33,2025-11-09 02:51:44
R003000,O0010458,P0388,C01652,2026-04-12,3,Damaged,775.08,2025-12-21 05:33:45
R003001,O0046372,P0472,C00356,2026-09-17,1,Late Delivery,29.63,2026-09-09 05:15:08
R003002,O0043247,P0088,C00644,2025-02-20,3,Not as Described,520.07,2026-06-07 11:38:48
R003003,O0027764,P0284,C04194,2025-12-13,2,Wrong Item,715.75,2025-08-28 03:15:40
R003004,O0004650,P0257,C00564,2025-03-28,3,Changed Mind,874.69,2025-06-04 08:12:44
R003005,O0046361,P0350,C01911,2025-07-20,3,Not as Described,943.66,2025-07-20 01:14:07
R003006,O0010607,P0371,C04784,2025-05-03,2,Not as Described,86.74,2026-02-02 22:03:53
R003007,O0066279,P0184,C01671,2025-09-25,1,Wrong Item,860.54,2026-06-10 05:20:29
R003008,O0018740,P0020,C00516,2025-12-07,3,Not as Described,400.76,2025-03-09 18:21:30
R003009,O0081116,P0098,C00845,2026-02-17,2,Late Delivery,256.99,2025-08-16 18:33:31
R003010,O0080610,P0314,C03037,2025-08-10,2,Damaged,548.23,2026-06-02 20:46:01
R003011,O0069889,P0303,C02422,2025-08-08,1,Damaged,648.43,2025-03-09 22:44:28
R003012,O0066110,P0337,C00809,2025-03-07,2,Wrong Item,633.29,2026-01-06 06:27:03
R003013,O0081590,P0062,C02734,2026-02-18,3,Damaged,561.31,2025-11-16 07:51:02
R003014,O0009081,P0483,C01993,2026-09-14,2,Changed Mind,251.41,2025-06-02 03:21:14
R003015,O0039911,P0057,C00051,2025-03-17,1,Wrong Item,45.09,2026-08-19 03:08:04
R003016,O0055239,P0435,C02878,2025-12-25,2,Late Delivery,828.69,2026-05-12 20:35:18
R003017,O0081577,P0276,C03004,2026-03-25,1,Late Delivery,825.26,2026-03-15 03:51:24
R003018,O0038450,P0014,C04348,2025-10-18,1,Late Delivery,14.42,2025-09-29 16:56:16
R003019,O0049632,P0152,C00058,2025-01-19,2,Not as Described,730.29,2025-03-22 01:49:12
R003020,O0022574,P0127,C01068,2025-01-23,1,Wrong Item,-279.72,2026-07-01 07:27:20
R003021,O0008592,P0065,C04078,2026-05-19,2,Late Delivery,446.6,2026-03-01 13:08:59
R003022,O0067228,P0241,C00176,2025-01-03,1,Wrong Item,662.64,2025-12-18 22:49:35
R003023,O0056163,P0451,C03412,2026-06-07,3,Late Delivery,983.97,2025-06-12 06:45:53
R003024,O0022371,P0108,C01221,2025-02-18,1,Damaged,189.29,2026-08-25 00:30:18
R003025,O0048196,P0133,C00603,2025-03-15,1,Changed Mind,244.57,2026-03-25 20:50:15
R003026,O0049488,P0290,C03514,2025-09-14,3,Wrong Item,129.01,2026-08-25 10:12:59
R003027,O0060064,P0482,C00016,2025-09-23,1,Changed Mind,887.5,2026-04-13 16:08:07
R003028,O0080993,P0143,C04146,2025-02-14,2,Late Delivery,225.72,2025-07-15 15:59:43
R003029,O0059971,P0413,C03996,2025-11-27,2,Late Delivery,183.14,2026-05-06 11:15:58
R003030,O0024975,P0238,C00330,2025-12-18,2,Changed Mind,983.82,2026-09-13 00:08:32
R003031,O0067048,P0480,C04816,2026-06-06,3,Not as Described,816.62,2026-03-01 03:02:21
R003032,O0018633,P0475,C03907,2025-09-03,3,Changed Mind,466.43,2025-06-03 15:49:41
R003033,O0017985,P0298,C02727,2025-01-14,1,Damaged,-204.82,2025-01-15 18:34:31
R003034,O0092609,P0015,C02310,2025-04-30,2,Late Delivery,972.36,2025-08-12 18:31:59
R003035,O0055994,P0146,C02414,2026-07-16,2,Late Delivery,164.06,2025-11-15 00:21:18
R003036,O0024083,P0125,C03938,2025-12-03,2,Changed Mind,344.04,2025-05-30 13:20:45
R003037,O0010252,P0139,C04515,2025-03-28,2,Not as Described,765.21,2026-05-17 22:36:03
R003038,O0086564,P0452,C04114,2025-09-10,3,Damaged,140.66,2025-03-21 08:59:14
R003039,O0038429,P0292,C03494,2026-09-28,3,Changed Mind,740.6,2025-02-03 23:57:35
R003040,O0048849,P0419,C00616,2025-11-10,3,Wrong Item,179.86,2026-02-16 00:53:07
R003041,O0065629,P0110,C00137,2026-09-13,1,Not as Described,189.95,2026-08-19 11:53:44
R003042,O0030018,P0374,C00422,2026-08-03,2,Changed Mind,849.8,2026-03-28 05:07:26
R003043,O0096568,P0254,C04184,2026-06-17,3,Late Delivery,255.04,2025-10-19 13:06:11
R003044,O0088982,P0448,C02767,2026-07-15,2,Late Delivery,922.89,2025-12-22 21:35:38
R003045,O0085527,P0158,C04731,2026-05-08,3,Changed Mind,211.43,2025-08-13 22:20:50
R003046,O0048218,P0252,C00525,2026-08-12,3,Late Delivery,360.44,2025-06-06 02:36:00
R003047,O0095069,P0084,C00571,2026-02-27,2,Not as Described,104.73,2026-01-11 09:01:41
R003048,O0007637,P0110,C02001,2025-07-14,3,Not as Described,634.77,2026-02-17 06:38:21
R003049,O0041991,P0379,C02611,2025-11-21,1,Not as Described,373.51,2026-01-18 01:11:28
R003050,O0082661,P0263,C02306,2025-01-24,2,Late Delivery,253.21,2025-01-29 06:56:20
R003051,O0077993,P0204,C00720,2025-12-24,3,Late Delivery,179.09,2026-04-28 01:22:55
R003052,O0022978,P0472,C00424,2025-03-24,2,Changed Mind,795.04,2025-03-13 08:17:37
R003053,O0049375,P0346,C03004,2026-04-08,3,Changed Mind,671.6,2025-11-21 08:06:18
R003054,O0068209,P0118,C03509,2025-05-14,2,Wrong Item,857.7,2025-01-31 00:08:08
R003055,O0043764,P0159,C04896,2026-09-04,1,Damaged,360.03,2025-08-06 00:46:06
R003056,O0032585,P0100,C04389,2026-08-05,1,Late Delivery,345.08,2025-04-30 04:56:36
R003057,O0053909,P0005,C03689,2026-02-17,2,Not as Described,770.12,2026-04-02 04:05:49
R003058,O0081195,P0076,C02735,2025-07-18,1,Changed Mind,446.67,2025-02-25 23:59:05
R003059,O0099217,P0484,C02613,2025-04-07,2,Not as Described,878.72,2026-03-28 02:39:06
R003060,O0020967,P0320,C04712,2025-07-10,1,Wrong Item,51.6,2026-06-01 00:05:34
R003061,O0062842,P0337,C04318,2025-11-17,1,Not as Described,799.17,2026-03-02 07:17:42
R003062,O0083906,P0201,C03442,2026-02-24,1,Late Delivery,565.16,2026-09-28 02:20:35
R003063,O0089973,P0246,C00017,2025-08-23,2,Changed Mind,211.92,2026-04-04 12:39:51
R003064,O0071133,P0168,C03456,2025-12-15,2,Not as Described,654.49,2025-04-28 11:57:27
R003065,O0027777,P0433,C00086,2025-05-21,2,Changed Mind,99.54,2026-07-23 04:28:29
R003066,O0060281,P0335,C00692,2025-03-15,1,Late Delivery,821.84,2025-02-03 05:03:10
R003067,O0079168,P0120,C01682,2025-06-09,1,Not as Described,724.16,2025-05-02 07:30:38
R003068,O0056259,P0118,C00444,2025-02-13,3,Wrong Item,575.99,2025-02-13 15:18:16
R003069,O0054240,P0187,C04060,2025-06-03,3,Changed Mind,183.41,2025-11-15 01:28:00
R003070,O0020840,P0322,C00237,2025-05-03,1,Wrong Item,158.08,2026-01-02 19:24:31
R003071,O0051577,P0174,C04194,2025-01-13,3,Not as Described,832.34,2025-10-16 20:11:37
R003072,O0082755,P0141,C01663,2025-11-17,3,Changed Mind,342.92,2026-07-21 16:54:46
R003073,O0022035,P0228,C00241,2026-06-19,1,Wrong Item,474.25,2025-06-01 20:10:00
R003074,O0028668,P0325,C04437,2026-06-03,2,Not as Described,273.86,2026-07-13 03:01:12
R003075,O0024036,P0097,C04846,2026-04-28,1,Changed Mind,53.86,2026-06-03 11:48:31
R003076,O0048292,P0487,C04483,2025-05-11,1,Changed Mind,582.32,2025-08-10 05:09:11
R003077,O0084231,P0206,C01709,2026-07-06,1,Wrong Item,149.86,2026-09-10 19:22:26
R003078,O0022487,P0068,C02878,2025-10-19,3,Changed Mind,45.03,2025-07-10 23:36:39
R003079,O0077836,P0234,C03536,2026-08-07,3,Late Delivery,899.96,2025-10-13 21:18:21
R003080,O0038014,P0401,C04465,2025-04-27,1,Damaged,36.95,2025-12-17 13:13:59
R003081,O0053202,P0259,C03368,2026-01-13,1,Not as Described,569.99,2026-08-04 01:06:10
R003082,O0070015,P0396,C00531,2025-11-18,2,Wrong Item,272.36,2025-12-01 00:44:47
R003083,O0075018,P0227,C02655,2026-04-03,2,Damaged,885.0,2026-08-23 17:34:51
R003084,O0094631,P0236,C04269,2025-11-17,2,Not as Described,200.17,2026-09-21 03:10:48
R003085,O0009225,P0187,C02440,2026-03-25,3,Late Delivery,454.05,2025-12-13 22:50:47
R003086,O0069645,P0412,C02717,2026-08-16,1,Not as Described,801.98,2026-01-22 00:29:26
R003087,O0013733,P0139,C02275,2025-04-05,1,Wrong Item,489.17,2025-03-31 12:13:40
R003088,O0032561,P0182,C03205,2025-07-20,2,Late Delivery,754.67,2025-02-22 23:55:48
R003089,O0013850,P0375,C00116,2025-04-25,2,Late Delivery,944.36,2026-07-19 23:48:03
R003090,O0008034,P0121,C00750,2025-12-30,2,Not as Described,105.86,2025-09-06 12:50:23
R003091,O0092118,P0062,C00736,2025-02-23,2,Damaged,27.83,2025-02-28 14:38:20
R003092,O0034425,P0456,C04092,2025-01-01,3,Not as Described,719.49,2025-07-21 04:30:48
R003093,O0010736,P0222,C03794,2025-01-24,1,Damaged,553.7,2026-03-26 15:06:41
R003094,O0068759,P0205,C00410,2025-01-21,3,Wrong Item,324.72,2025-12-02 17:49:18
R003095,O0020052,P0369,C04669,2025-11-14,1,Wrong Item,243.78,2025-09-17 13:58:28
R003096,O0028875,P0084,C00267,2026-05-11,1,Damaged,83.46,2026-03-29 23:25:43
R003097,O0096103,P0261,C02233,2025-07-04,3,Changed Mind,187.07,2026-02-03 12:49:47
R003098,O0087848,P0114,C00341,2025-03-16,2,Damaged,830.41,2025-03-24 21:48:52
R003099,O0014110,P0488,C03191,2026-02-19,3,Wrong Item,122.04,2025-09-10 11:42:56
R003100,O0055350,P0191,C04331,2026-03-09,3,Wrong Item,591.56,2025-02-06 11:11:43
R003101,O0072818,P0093,C04846,2025-09-29,3,Late Delivery,516.94,2025-08-26 16:52:57
R003102,O0041373,P0455,C02515,2025-08-19,3,Wrong Item,206.43,2026-01-18 18:47:51
R003103,O0034207,P0299,C00324,2025-01-16,1,Damaged,903.9,2026-09-12 09:41:12
R003104,O0087205,P0361,C04655,2025-05-12,1,Damaged,68.31,2025-09-12 15:11:29
R003105,O0021731,P0152,C01414,2026-07-29,2,Late Delivery,294.9,2025-08-27 04:59:26
R003106,O0080160,P0116,C00436,2025-04-26,3,Not as Described,610.74,2026-02-27 21:22:15
R003107,O0013811,P0030,C02712,2026-09-02,3,Damaged,330.56,2025-09-15 14:11:34
R003108,O0046461,P0077,C03000,2026-01-03,2,Damaged,526.33,2026-09-11 00:43:22
R003109,O0024806,P0123,C04108,2026-07-08,2,Wrong Item,886.89,2025-10-09 14:10:52
R003110,O0025440,P0268,C00907,2026-03-07,2,Damaged,869.59,2025-10-10 18:39:01
R003111,O0055103,P0148,C01895,2026-07-15,2,Wrong Item,844.68,2026-04-24 05:30:53
R003112,O0051996,P0360,C00302,2025-11-24,3,Late Delivery,739.66,2026-05-16 20:58:12
R003113,O0085673,P0475,C02916,2026-04-10,1,Wrong Item,985.38,2025-12-12 09:19:17
R003114,O0069982,P0374,C01574,2025-08-27,2,Changed Mind,496.19,2026-09-12 09:54:29
R003115,O0067318,P0450,C04591,2025-08-28,1,Wrong Item,793.44,2025-08-31 20:08:51
R003116,O0074186,P0112,C02705,2025-02-20,1,Late Delivery,817.14,2025-08-24 22:36:21
R003117,O0042162,P0180,C03575,2025-01-27,3,Wrong Item,261.93,2025-07-19 18:38:03
R003118,O0021254,P0114,C00548,2026-04-03,1,Late Delivery,549.84,2025-10-23 23:17:52
R003119,O0018596,P0485,C03125,2026-04-03,1,Not as Described,826.96,2026-07-06 00:28:03
R003120,O0015099,P0210,C01246,2025-07-26,2,Changed Mind,250.74,2025-01-08 22:52:12
R003121,O0002472,P0055,C01559,2025-01-24,1,Wrong Item,823.08,2026-04-21 20:25:20
R003122,O0046904,P0486,C01956,2026-08-01,1,Wrong Item,953.84,2026-03-20 17:32:09
R003123,O0043272,P0014,C03434,2026-04-20,2,Not as Described,206.13,2025-06-23 03:49:58
R003124,O0029465,P0176,C03442,2026-08-10,1,Wrong Item,531.78,2025-06-14 08:43:48
R003125,O0053992,P0090,C02946,2026-03-25,3,Not as Described,482.42,2026-08-23 01:59:00
R003126,O0011698,P0107,C01595,2025-06-29,3,Damaged,356.37,2026-04-03 09:58:00
R003127,O0069916,P0155,C02859,2026-05-09,2,Damaged,75.2,2026-02-25 20:45:40
R003128,O0039149,P0428,C01586,2026-03-11,1,Late Delivery,731.93,2026-04-03 20:23:04
R003129,O0098171,P0410,C03684,2025-08-13,2,Wrong Item,406.52,2025-01-11 04:57:09
R003130,O0054129,P0451,C00723,2025-04-25,1,Late Delivery,808.74,2026-03-27 06:10:32
R003131,O0058331,P0251,C03289,2025-01-21,1,Damaged,798.36,2025-11-24 05:35:03
R003132,O0010146,P0432,C01845,2026-09-06,1,Late Delivery,355.73,2025-05-11 02:38:49
R003133,O0050366,P0291,C00082,2026-01-18,1,Late Delivery,600.01,2026-07-12 08:58:26
R003134,O0085101,P0466,C03916,2026-06-11,1,Late Delivery,39.99,2025-05-22 00:10:27
R003135,O0030352,P0088,C01789,2025-09-11,2,Late Delivery,345.9,2025-09-25 12:46:36
R003136,O0065691,P0097,C03305,2026-09-02,3,Damaged,203.04,2025-04-25 11:58:47
R003137,O0080302,P0147,C00978,2026-07-06,1,Late Delivery,923.84,2025-05-27 19:01:04
R003138,O0004529,P0191,C04517,2026-01-31,2,Wrong Item,757.88,2026-05-27 22:40:47
R003139,O0057135,P0391,C01377,2025-04-23,2,Late Delivery,404.58,2025-04-08 17:39:06
R003140,O0087897,P0367,C01602,2025-02-25,1,Changed Mind,906.71,2025-07-18 16:08:19
R003141,O0048046,P0327,C04504,2025-09-23,3,Changed Mind,963.54,2025-08-22 11:54:58
R003142,O0090385,P0427,C02428,2025-07-22,1,Changed Mind,925.92,2026-09-20 12:17:49
R003143,O0021650,P0367,C02035,2026-04-27,3,Changed Mind,43.05,2026-04-10 02:45:14
R003144,O0045753,P0077,C00901,2025-01-05,2,Wrong Item,513.77,2026-03-06 18:52:41
R003145,O0025238,P0024,C00914,2026-05-25,1,Changed Mind,480.76,2025-09-04 21:43:05
R003146,O0021216,P0240,C00098,2026-09-15,1,Wrong Item,427.48,2025-09-12 11:07:21
R003147,O0095218,P0482,C00390,2025-10-09,2,Not as Described,427.94,2025-09-26 01:23:16
R003148,O0056962,P0475,C02573,2025-09-06,3,Wrong Item,813.79,2025-01-26 03:30:33
R003149,O9999999,P0143,C00344,2025-02-14,1,Wrong Item,868.49,2025-09-01 13:12:09
R003150,O0009375,P0344,C02145,2025-08-18,1,Not as Described,350.87,2026-01-13 03:08:48
R003151,O0036829,P0111,C02538,2025-07-28,3,Late Delivery,574.0,2025-07-02 13:41:45
R003152,O0080334,P0066,C01089,2025-11-19,3,Wrong Item,67.91,2026-06-29 12:23:22
R003153,O0099231,P0332,C04113,2025-04-15,3,Late Delivery,497.47,2026-01-03 01:11:17
R003154,O0000266,P0490,C03358,2025-01-03,1,Late Delivery,-169.7,2025-04-21 01:12:19
R003155,O0055817,P0139,C03023,2026-06-01,1,Wrong Item,267.8,2025-10-23 01:29:34
R003156,O0014704,P0288,C03204,2025-01-06,2,Damaged,818.34,2025-05-11 21:23:00
R003157,O0005963,P0106,C04717,2026-02-03,1,Damaged,591.13,2026-04-18 02:31:29
R003158,O0070889,P0299,C01989,2026-07-07,1,Not as Described,70.12,2026-04-30 07:16:52
R003159,O0031121,P0032,C04668,2026-09-08,3,Changed Mind,341.43,2025-08-24 02:51:15
R003160,O0002474,P0105,C03140,2025-03-03,1,Late Delivery,577.26,2026-02-16 11:45:46
R003161,O0043892,P0058,C03426,2025-04-06,3,Wrong Item,254.76,2026-08-26 09:26:42
R003162,O0010464,P0165,C03962,2026-01-28,3,Not as Described,400.17,2025-07-03 01:39:04
R003163,O0044097,P0422,C02459,2025-10-05,1,Damaged,155.73,2026-07-25 07:40:54
R003164,O0079608,P0006,C03465,2025-06-10,1,Not as Described,123.3,2026-01-31 21:42:55
R003165,O0055761,P0391,C00253,2026-02-22,1,Changed Mind,149.96,2025-08-20 00:10:09
R003166,O0082420,P0105,C03183,2025-09-26,3,Not as Described,883.65,2025-06-26 20:14:00
R003167,O0043393,P0027,C01489,2026-07-25,1,Late Delivery,706.52,2025-06-12 00:30:48
R003168,O0039380,P0035,C03942,2025-12-23,3,Not as Described,32.45,2025-05-01 09:03:56
R003169,O0007947,P0041,C02171,2025-07-26,1,Not as Described,890.93,2025-03-22 05:31:53
R003170,O0077249,P0490,C04351,2026-09-26,1,Damaged,192.2,2026-05-31 08:48:01
R003171,O0062314,P0141,C03888,2026-01-03,1,Wrong Item,995.1,2026-07-12 22:27:34
R003172,O0049937,P0246,C01280,2026-02-06,3,Wrong Item,173.51,2025-09-20 21:34:04
R003173,O0079552,P0170,C03860,2025-10-14,2,Damaged,284.04,2025-07-03 11:36:03
R003174,O0048345,P0066,C00457,2026-06-14,2,Late Delivery,459.56,2026-07-21 23:31:33
R003175,O0098782,P0457,C03687,2025-02-06,1,Changed Mind,51.06,2025-08-02 07:53:02
R003176,O0045453,P0194,C01103,2026-04-30,1,Late Delivery,278.57,2026-01-14 01:01:59
R003177,O0006703,P0027,C01797,2026-02-21,2,Wrong Item,271.02,2025-06-07 01:16:57
R003178,O0053621,P0277,C02089,2026-08-12,3,Wrong Item,126.52,2026-05-04 13:28:39
R003179,O0089774,P0490,C00747,2026-05-25,2,Late Delivery,178.57,2026-01-30 01:54:43
R003180,O0083229,P0006,C00212,2026-02-06,3,Changed Mind,344.06,2026-01-31 21:42:34
R003181,O0049007,P0355,C03831,2025-05-21,1,Wrong Item,172.37,2025-09-13 23:14:20
R003182,O0078412,P0199,C00592,2026-08-17,2,Not as Described,912.27,2025-10-15 18:10:46
R003183,O0044914,P0052,C03733,2025-06-02,2,Damaged,84.58,2025-01-30 18:48:56
R003184,O0050383,P0286,C04404,2025-08-05,3,Late Delivery,982.57,2026-01-19 12:42:03
R003185,O0095200,P0240,C02323,2025-03-07,3,Damaged,627.38,2026-09-08 15:33:04
R003186,O0001343,P0308,C01328,2026-04-23,3,Not as Described,961.59,2026-03-27 05:40:24
R003187,O0019604,P0318,C01096,2026-06-17,3,Wrong Item,613.15,2025-11-23 13:02:33
R003188,O0027866,P0059,C04658,2026-03-14,3,Changed Mind,632.67,2025-10-14 13:26:26
R003189,O0081296,P0253,C01899,2025-02-03,3,Wrong Item,823.48,2026-07-18 03:42:39
R003190,O0052389,P0398,C04702,2026-05-18,1,Changed Mind,604.67,2025-12-20 10:17:24
R003191,O0076463,P0005,C00278,2025-04-27,1,Damaged,485.49,2025-05-23 07:52:32
R003192,O0052173,P0456,C03612,2025-09-19,2,Not as Described,832.54,2025-10-07 00:30:22
R003193,O0051224,P0371,C01833,2025-03-31,1,Changed Mind,304.41,2026-05-07 03:43:16
R003194,O0067273,P0458,C00413,2025-12-29,1,Damaged,582.79,2025-06-23 20:53:05
R003195,O0080428,P0327,C04167,2026-01-21,2,Not as Described,49.23,2026-05-28 06:49:39
R003196,O0012075,P0217,C03852,2025-02-09,2,Not as Described,516.07,2025-11-11 01:32:28
R003197,O0030919,P0179,C04406,2026-04-19,3,Changed Mind,404.43,2026-01-16 03:22:54
R003198,O0070843,P0178,C03475,2025-03-24,1,Changed Mind,321.57,2025-01-30 02:50:43
R003199,O0091619,P0263,C03011,2026-04-26,1,Not as Described,829.04,2026-01-05 13:42:06
R003200,O0009528,P0470,C00774,2025-09-25,1,Damaged,570.81,2025-03-30 20:35:28
R003201,O0025263,P0281,C03880,2025-01-16,1,Not as Described,185.98,2026-03-18 02:40:19
R003202,O0081546,P0232,C03102,2025-11-04,3,Changed Mind,144.8,2025-12-02 17:02:44
R003203,O0047302,P0455,C02846,2025-06-11,2,Damaged,884.58,2025-12-26 04:47:36
R003204,O0032029,P0215,C03457,2026-09-09,3,Damaged,309.02,2025-11-26 05:16:21
R003205,O0093087,P0119,C04541,2026-06-10,3,Changed Mind,678.88,2025-10-16 07:35:38
R003206,O0045190,P0148,C03543,2026-07-10,2,Wrong Item,963.98,2026-06-28 16:29:36
R003207,O0022220,P0075,C02384,2026-06-13,1,Late Delivery,613.4,2026-02-18 10:49:37
R003208,O0060784,P0316,C01084,2026-04-09,2,Not as Described,314.1,2025-09-19 04:57:32
R003209,O0065599,P0366,C03124,2026-09-27,3,Changed Mind,678.99,2026-03-08 11:57:10
R003210,O0016334,P0408,C01281,2026-07-21,2,Changed Mind,624.87,2025-08-21 03:37:33
R003211,O0079777,P0492,C02291,2025-10-09,2,Damaged,349.36,2025-04-14 16:28:21
R003212,O0081915,P0051,C03339,2025-09-20,1,Wrong Item,703.54,2025-09-29 03:10:22
R003213,O0050333,P0302,C02540,2025-05-23,3,Wrong Item,176.38,2025-06-17 13:29:58
R003214,O0034748,P0443,C02562,2026-01-16,3,Not as Described,960.55,2026-06-08 14:29:50
R003215,O0096836,P0333,C03702,2026-06-11,3,Wrong Item,783.07,2025-09-19 05:57:45
R003216,O0033010,P0168,C03422,2025-02-03,1,Changed Mind,957.77,2025-12-19 21:45:42
R003217,O0076367,P0140,C01758,2025-10-14,3,Late Delivery,406.66,2025-07-04 02:42:43
R003218,O0078236,P0153,C02992,2026-07-18,1,Wrong Item,217.69,2025-05-13 05:40:18
R003219,O0069012,P0006,C02678,2025-06-27,3,Changed Mind,321.81,2025-01-04 05:09:58
R003220,O0034099,P0130,C00043,2025-11-23,2,Changed Mind,526.68,2025-10-04 07:45:13
R003221,O0031518,P0259,C04972,2025-04-27,1,Damaged,350.51,2026-06-06 08:09:55
R003222,O0021719,P0140,C02893,2026-05-08,1,Late Delivery,341.37,2025-01-29 11:45:52
R003223,O0091305,P0476,C03378,2025-07-03,1,Damaged,511.9,2026-08-21 05:12:39
R003224,O0000357,P0172,C04139,2025-09-03,1,Late Delivery,831.0,2026-07-06 10:49:41
R003225,O0081789,P0488,C00668,2026-08-28,1,Changed Mind,879.79,2025-03-25 08:31:03
R003226,O0090673,P0312,C04792,2026-08-24,2,Late Delivery,545.86,2025-09-28 06:44:23
R003227,O0003319,P0073,C02473,2026-09-30,2,Not as Described,941.86,2026-07-22 19:32:02
R003228,O0051549,P0242,C02441,2025-08-31,3,Changed Mind,417.65,2026-09-11 02:34:36
R003229,O0091919,P0178,C04969,2026-07-19,3,Damaged,154.43,2026-06-20 00:07:35
R003230,O0075941,P0081,C00135,2025-05-11,2,Changed Mind,356.81,2026-06-07 23:18:15
R003231,O0077818,P0262,C00105,2026-03-26,3,Wrong Item,433.22,2025-04-25 13:40:44
R003232,O0000518,P0147,C01700,2026-03-10,3,Changed Mind,50.55,2026-03-19 21:57:48
R003233,O0098438,P0217,C03857,2026-04-21,3,Changed Mind,192.68,2025-04-02 17:47:07
R003234,O0051496,P0184,C00641,2025-10-03,3,Late Delivery,480.54,2025-05-22 03:23:31
R003235,O0099874,P0083,C03488,2025-05-05,1,Wrong Item,264.33,2025-11-24 01:21:20
R003236,O0075650,P0378,C03902,2025-01-15,1,Wrong Item,713.18,2025-03-29 13:50:07
R003237,O0063597,P0191,C00278,2025-09-12,1,Not as Described,538.41,2025-09-29 02:03:19
R003238,O0008671,P0003,C01767,2025-10-20,1,Not as Described,830.93,2025-06-20 13:48:36
R003239,O0099828,P0387,C02717,2025-05-10,3,Wrong Item,247.77,2025-03-19 12:15:42
R003240,O0012530,P0223,C03333,2025-03-20,3,Late Delivery,946.06,2026-04-21 19:16:06
R003241,O0027250,P0058,C04993,2026-06-21,1,Changed Mind,873.43,2026-09-30 12:18:16
R003242,O0089903,P0073,C01021,2026-04-12,1,Not as Described,493.06,2026-01-12 01:36:49
R003243,O0029639,P0029,C03268,2025-08-23,3,Changed Mind,497.4,2026-06-16 13:37:16
R003244,O0049368,P0491,C00205,2025-05-19,3,Wrong Item,323.41,2025-05-14 21:54:52
R003245,O0056381,P0119,C00947,2025-10-16,3,Not as Described,558.71,2026-01-30 17:59:47
R003246,O0077400,P0307,C01616,2026-09-09,3,Changed Mind,576.81,2025-07-14 00:20:28
R003247,O0090201,P0486,C01520,2025-01-23,2,Changed Mind,407.59,2025-05-26 20:05:24
R003248,O0014946,P0113,C04682,2026-04-15,2,Changed Mind,432.38,2026-03-19 21:30:17
R003249,O0091198,P0194,C01046,2026-05-14,1,Not as Described,871.26,2026-09-25 07:51:37
R003250,O0034159,P0012,C01765,2025-05-24,3,Damaged,889.06,2026-03-14 02:44:49
R003251,O0081810,P0209,C03733,2025-12-05,2,Changed Mind,285.14,2026-06-16 20:05:21
R003252,O0085190,P0068,C02998,2025-10-04,3,Late Delivery,-809.9,2026-02-21 10:49:28
R003253,O0007804,P0483,C01752,2025-05-06,3,Not as Described,60.67,2026-06-14 09:24:22
R003254,O0090204,P0257,C02915,2025-08-13,3,Damaged,314.04,2025-09-22 03:13:46
R003255,O0070861,P0032,C00952,2026-08-24,1,Not as Described,486.72,2026-07-04 01:11:16
R003256,O0084876,P0183,C03024,2026-08-30,1,Wrong Item,27.59,2026-09-13 05:17:22
R003257,O0097392,P0477,C04198,2025-10-14,3,Not as Described,741.31,2025-11-26 10:42:17
R003258,O0063612,P0203,C04959,2026-07-04,2,Not as Described,608.24,2025-05-29 10:02:24
R003259,O0068115,P0055,C00083,2026-05-22,1,Changed Mind,905.38,2025-03-12 04:44:26
R003260,O0080755,P0398,C03131,2026-03-18,3,Damaged,616.11,2025-04-03 14:02:56
R003261,O0089484,P0274,C00323,2026-08-05,2,Damaged,558.1,2026-03-01 04:52:59
R003262,O0064491,P0244,C01980,2026-09-01,2,Late Delivery,16.58,2026-06-10 08:21:19
R003263,O0078774,P0246,C04323,2025-05-28,3,Damaged,303.95,2025-08-07 11:25:47
R003264,O9999999,P0360,C03337,2025-03-21,1,Not as Described,927.66,2025-04-18 10:46:03
R003265,O0031100,P0137,C02490,2025-12-27,1,Changed Mind,381.75,2026-07-02 21:19:13
R003266,O0063931,P0374,C00396,2025-11-24,2,Late Delivery,910.89,2026-01-12 07:53:07
R003267,O0095126,P0446,C00233,2025-02-25,3,Changed Mind,326.55,2025-05-07 16:58:35
R003268,O0016203,P0140,C02209,2026-03-12,2,Wrong Item,172.82,2026-07-20 01:21:24
R003269,O0050207,P0372,C04592,2026-04-27,3,Late Delivery,68.26,2025-03-26 21:48:56
R003270,O0006071,P0294,C04320,2025-12-13,3,Late Delivery,603.46,2025-03-24 03:49:19
R003271,O0041408,P0291,C04684,2025-10-22,2,Late Delivery,411.69,2025-09-04 00:16:51
R003272,O0040432,P0184,C01920,2026-06-22,1,Late Delivery,494.94,2026-09-08 05:34:41
R003273,O0093427,P0487,C02260,2026-03-19,1,Late Delivery,858.39,2026-02-25 15:03:35
R003274,O0099645,P0467,C00507,2025-11-26,2,Changed Mind,672.35,2026-07-01 16:14:41
R003275,O0047107,P0293,C03344,2025-05-02,3,Changed Mind,927.12,2025-12-23 06:49:41
R003276,O0025350,P0479,C02457,2026-02-04,1,Late Delivery,555.76,2026-04-10 15:36:25
R003277,O0025656,P0394,C01375,2025-07-07,3,Not as Described,565.35,2026-09-12 11:36:04
R003278,O0077081,P0167,C02798,2025-02-22,2,Wrong Item,10.8,2025-02-24 06:16:43
R003279,O0088890,P0095,C03489,2025-09-30,1,Wrong Item,531.08,2025-04-24 04:21:52
R003280,O0068181,P0305,C04006,2025-08-19,1,Changed Mind,134.15,2025-12-18 19:10:44
R003281,O0077459,P0010,C02489,2026-02-14,3,Damaged,998.46,2025-11-02 02:39:41
R003282,O0093186,P0409,C00619,2026-07-21,3,Wrong Item,414.87,2025-06-13 10:27:10
R003283,O0057719,P0114,C04446,2026-09-22,1,Late Delivery,343.72,2025-09-13 15:59:48
R003284,O0023617,P0392,C03286,2025-03-12,2,Late Delivery,462.01,2025-04-20 05:19:49
R003285,O0033727,P0035,C04227,2025-04-09,2,Not as Described,269.57,2026-05-04 03:18:56
R003286,O0088733,P0459,C00422,2025-11-26,2,Not as Described,397.11,2025-11-03 09:08:58
R003287,O0004655,P0260,C03085,2025-03-25,1,Wrong Item,557.0,2025-03-06 12:30:58
R003288,O0077213,P0079,C04711,2025-12-11,1,Wrong Item,458.5,2026-02-16 11:54:13
R003289,O0087847,P0178,C04683,2026-06-21,3,Changed Mind,741.27,2026-06-01 03:55:22
R003290,O0027907,P0423,C04324,2025-05-14,3,Wrong Item,993.34,2025-06-02 10:55:04
R003291,O0088551,P0040,C04881,2025-11-02,3,Late Delivery,158.25,2025-06-02 11:19:18
R003292,O0030629,P0445,C02461,2026-09-18,3,Wrong Item,643.82,2025-01-04 00:54:10
R003293,O0072079,P0056,C03994,2025-09-23,3,Not as Described,375.05,2025-04-07 03:34:18
R003294,O0023614,P0135,C00021,2025-05-23,1,Changed Mind,315.9,2025-03-19 21:02:55
R003295,O0037683,P0316,C00917,2025-03-03,2,Late Delivery,904.24,2025-09-05 02:48:15
R003296,O9999999,P0070,C00490,2025-09-28,3,Late Delivery,419.74,2026-03-16 13:07:45
R003297,O0084212,P0441,C01345,2025-10-02,1,Late Delivery,183.79,2026-04-01 16:22:55
R003298,O0038596,P0106,C03272,2025-07-16,2,Not as Described,666.16,2026-07-05 17:17:25
R003299,O0093728,P0295,C02017,2025-02-08,1,Changed Mind,736.98,2025-09-27 23:47:40
R003300,O0054758,P0376,C02507,2026-03-23,2,Late Delivery,162.6,2026-04-17 13:12:10
R003301,O0057132,P0056,C04626,2025-10-13,3,Not as Described,409.96,2025-03-27 23:25:23
R003302,O0028492,P0436,C00408,2025-03-23,2,Wrong Item,574.14,2025-06-27 14:44:18
R003303,O0098079,P0250,C00913,2025-01-06,1,Late Delivery,727.09,2025-04-12 18:39:39
R003304,O0090404,P0407,C00838,2025-12-16,2,Late Delivery,267.04,2026-05-03 04:47:06
R003305,O0057547,P0318,C04614,2026-03-25,3,Late Delivery,89.85,2025-03-17 08:05:13
R003306,O0062440,P0125,C00956,2025-03-22,1,Not as Described,454.67,2026-07-28 10:54:20
R003307,O0044723,P0026,C00599,2025-01-01,3,Not as Described,467.81,2026-09-24 11:08:15
R003308,O0075925,P0261,C03921,2025-04-29,2,Not as Described,340.8,2025-10-16 05:10:49
R003309,O0062261,P0413,C03646,2026-09-28,3,Not as Described,860.93,2025-12-30 13:32:54
R003310,O0085571,P0264,C01578,2025-11-01,1,Damaged,98.67,2025-04-18 15:31:08
R003311,O0063125,P0331,C03575,2025-10-23,1,Wrong Item,66.41,2025-05-20 09:10:37
R003312,O0050919,P0019,C01411,2025-12-25,2,Wrong Item,649.92,2026-04-15 12:08:15
R003313,O0078032,P0021,C00290,2026-03-15,2,Damaged,134.6,2025-05-19 15:35:50
R003314,O0046491,P0377,C00477,2026-06-12,1,Damaged,842.25,2025-11-08 16:42:20
R003315,O0034960,P0244,C02600,2026-07-31,3,Late Delivery,133.76,2025-03-18 08:48:02
R003316,O0086988,P0444,C03722,2026-04-17,1,Wrong Item,43.88,2026-07-11 16:18:39
R003317,O0031336,P0146,C00345,2025-01-02,2,Wrong Item,306.88,2026-05-28 19:31:07
R003318,O0038593,P0325,C01111,2025-11-05,3,Wrong Item,770.92,2025-06-26 17:55:25
R003319,O0087236,P0130,C03114,2025-06-25,3,Late Delivery,366.68,2026-08-27 21:24:52
R003320,O0070631,P0485,C01829,2026-04-06,2,Late Delivery,375.1,2025-06-28 16:09:04
R003321,O0003075,P0164,C00146,2025-10-18,1,Wrong Item,756.32,2025-11-05 10:55:04
R003322,O0025507,P0342,C03008,2025-05-16,1,Not as Described,708.23,2025-05-24 23:09:52
R003323,O0025766,P0344,C01981,2025-12-16,3,Not as Described,673.63,2025-06-15 06:26:05
R003324,O0025603,P0313,C02198,2025-06-03,3,Late Delivery,988.69,2025-02-01 08:31:24
R003325,O0033851,P0266,C01811,2026-07-04,1,Changed Mind,321.66,2025-04-22 23:10:14
R003326,O0056345,P0022,C02348,2025-12-10,2,Changed Mind,930.16,2025-06-17 21:03:41
R003327,O0034765,P0178,C00282,2026-02-02,2,Damaged,632.98,2026-05-31 05:22:36
R003328,O0019154,P0113,C03435,2026-02-16,2,Changed Mind,75.59,2025-08-30 00:49:16
R003329,O0072272,P0091,C00348,2026-01-08,2,Not as Described,654.46,2025-09-12 16:46:32
R003330,O0079104,P0295,C02112,2025-01-20,3,Wrong Item,144.9,2026-03-31 05:01:53
R003331,O0059013,P0397,C00290,2025-10-07,2,Changed Mind,986.36,2025-03-15 20:55:54
R003332,O0021636,P0065,C03970,2025-07-27,2,Not as Described,135.28,2026-06-19 05:14:35
R003333,O0044805,P0130,C02090,2025-01-11,3,Damaged,820.22,2026-09-27 02:02:09
R003334,O0026307,P0027,C01256,2026-06-30,1,Not as Described,807.38,2025-02-13 06:15:23
R003335,O0055387,P0127,C01601,2025-08-11,1,Wrong Item,384.75,2025-06-09 15:10:00
R003336,O0053398,P0190,C04043,2025-06-07,2,Changed Mind,913.55,2025-01-21 20:23:08
R003337,O0011742,P0476,C04446,2025-09-11,2,Changed Mind,519.1,2025-07-01 10:55:52
R003338,O0051046,P0430,C02490,2025-05-03,2,Changed Mind,702.02,2025-07-17 00:39:45
R003339,O0028348,P0163,C02746,2026-06-23,1,Not as Described,464.36,2025-07-28 21:36:11
R003340,O0079712,P0319,C01037,2026-09-04,2,Not as Described,663.12,2025-06-28 10:29:38
R003341,O9999999,P0181,C00794,2025-09-06,3,Wrong Item,403.09,2025-11-25 21:58:17
R003342,O0069847,P0065,C01339,2025-04-25,1,Damaged,215.89,2026-03-09 07:27:03
R003343,O0067899,P0495,C02452,2026-04-24,2,Late Delivery,285.91,2025-09-30 00:20:58
R003344,O0018222,P0486,C01510,2026-08-28,3,Late Delivery,743.05,2025-10-02 05:02:48
R003345,O0044066,P0019,C03386,2025-11-29,2,Not as Described,697.79,2025-11-16 10:41:56
R003346,O0078235,P0101,C00004,2026-09-26,2,Wrong Item,829.87,2026-03-31 08:19:42
R003347,O0069920,P0422,C02636,2025-11-19,2,Damaged,840.65,2026-04-10 18:32:02
R003348,O0067401,P0384,C01774,2025-07-19,2,Changed Mind,754.0,2026-07-01 04:56:28
R003349,O0007681,P0437,C00957,2026-07-10,1,Not as Described,972.7,2025-10-20 03:40:34
R003350,O0015990,P0453,C02184,2025-05-08,3,Damaged,692.98,2026-06-05 04:54:08
R003351,O0097108,P0049,C03544,2025-07-24,2,Late Delivery,606.2,2025-06-13 01:53:43
R003352,O0007882,P0263,C02247,2025-10-02,1,Late Delivery,648.0,2026-07-04 11:21:01
R003353,O0014919,P0283,C04257,2025-02-10,2,Wrong Item,902.78,2025-05-12 09:10:56
R003354,O0081558,P0285,C01995,2025-03-17,3,Wrong Item,714.99,2025-10-24 04:02:11
R003355,O0045859,P0272,C02087,2026-07-20,2,Not as Described,908.85,2025-05-14 09:27:20
R003356,O0051940,P0087,C02081,2025-03-17,2,Damaged,892.25,2026-04-17 02:00:36
R003357,O0068091,P0475,C02366,2026-06-09,1,Damaged,174.58,2026-07-04 04:48:51
R003358,O0067864,P0397,C00417,2026-06-07,3,Damaged,734.11,2026-06-04 01:05:30
R003359,O0084986,P0414,C04290,2025-06-22,3,Not as Described,306.25,2025-08-30 13:22:39
R003360,O0088279,P0060,C02988,2025-09-24,2,Wrong Item,544.51,2025-02-07 11:28:11
R003361,O0002579,P0329,C04318,2025-04-20,3,Late Delivery,11.17,2025-09-17 16:08:45
R003362,O0059953,P0354,C04315,2026-01-04,1,Damaged,252.53,2025-10-16 04:32:00
R003363,O0065665,P0199,C04763,2026-08-04,2,Wrong Item,405.95,2026-09-21 18:03:58
R003364,O0022015,P0032,C04049,2026-08-22,2,Wrong Item,930.42,2025-07-24 00:09:12
R003365,O0085882,P0187,C00806,2026-09-16,1,Changed Mind,368.82,2025-11-14 04:33:55
R003366,O0061817,P0320,C00857,2025-08-11,1,Changed Mind,502.86,2025-07-18 09:48:29
R003367,O0078667,P0079,C03127,2026-03-05,3,Not as Described,661.55,2025-03-22 15:25:14
R003368,O0081071,P0345,C04085,2026-07-08,2,Damaged,425.42,2025-04-29 03:53:46
R003369,O9999999,P0434,C00125,2026-02-12,3,Damaged,411.43,2025-09-24 12:04:08
R003370,O0054231,P0246,C01859,2026-09-26,1,Wrong Item,996.69,2025-01-28 19:46:04
R003371,O0093554,P0438,C02891,2025-01-06,3,Damaged,990.43,2025-12-19 10:27:48
R003372,O0006788,P0027,C03473,2026-05-11,2,Damaged,779.82,2025-02-21 23:31:09
R003373,O0080402,P0249,C01603,2025-09-27,2,Not as Described,627.46,2025-07-19 06:07:53
R003374,O0052740,P0399,C02402,2025-12-12,1,Late Delivery,530.78,2026-08-30 07:49:19
R003375,O0019737,P0012,C00621,2025-11-28,3,Damaged,749.7,2025-01-25 12:26:43
R003376,O0095419,P0073,C00772,2025-03-31,3,Wrong Item,391.67,2026-06-28 10:30:02
R003377,O0057785,P0200,C03923,2026-03-09,2,Damaged,244.23,2026-07-07 15:49:29
R003378,O0092961,P0438,C02860,2026-02-11,2,Wrong Item,697.05,2025-07-07 12:34:53
R003379,O0056964,P0171,C04175,2025-06-01,2,Changed Mind,868.87,2025-09-27 01:33:51
R003380,O0053896,P0349,C00640,2026-01-12,3,Wrong Item,941.43,2025-11-18 14:55:48
R003381,O0031185,P0042,C04204,2026-01-23,2,Damaged,192.13,2026-08-10 11:01:16
R003382,O0001778,P0092,C01083,2025-05-16,3,Damaged,328.22,2026-06-09 08:53:58
R003383,O0071863,P0386,C01753,2026-07-16,2,Not as Described,777.61,2026-07-24 23:25:11
R003384,O0083840,P0458,C03121,2025-05-13,1,Wrong Item,86.13,2025-02-11 01:27:57
R003385,O0023566,P0306,C01321,2025-03-30,3,Wrong Item,204.04,2025-09-19 15:25:32
R003386,O0071700,P0245,C01987,2025-02-11,1,Late Delivery,781.44,2026-09-25 04:26:27
R003387,O0085086,P0399,C03511,2025-03-06,3,Wrong Item,901.93,2026-06-22 13:35:36
R003388,O0031017,P0491,C00478,2026-08-24,2,Changed Mind,772.18,2025-05-17 07:28:52
R003389,O0065024,P0324,C00905,2025-01-13,3,Damaged,972.08,2025-03-16 10:27:41
R003390,O0023141,P0309,C00192,2025-09-14,3,Not as Described,469.3,2025-02-23 23:00:53
R003391,O0014939,P0368,C01804,2025-05-16,1,Not as Described,848.71,2025-10-10 12:34:42
R003392,O0039442,P0402,C01671,2026-05-06,3,Changed Mind,400.33,2025-09-01 05:01:26
R003393,O0016307,P0187,C00572,2026-01-11,1,Changed Mind,685.73,2025-08-25 06:28:14
R003394,O0093408,P0338,C01577,2025-02-17,2,Wrong Item,859.88,2025-04-02 17:49:28
R003395,O0023444,P0047,C03701,2026-01-10,2,Changed Mind,270.8,2026-03-26 10:02:15
R003396,O0017403,P0278,C03671,2025-02-22,2,Wrong Item,551.5,2025-03-07 16:44:46
R003397,O0032565,P0110,C04092,2026-01-06,2,Late Delivery,302.34,2026-06-05 00:57:03
R003398,O0089078,P0471,C00274,2025-01-20,2,Wrong Item,471.61,2026-04-22 12:37:28
R003399,O0072753,P0177,C01418,2025-12-19,1,Late Delivery,840.84,2026-08-09 20:26:48
R003400,O0097011,P0377,C02126,2026-04-03,3,Damaged,879.82,2026-02-24 06:53:24
R003401,O0064932,P0356,C03993,2025-10-07,1,Late Delivery,650.49,2025-06-15 19:54:24
R003402,O0062134,P0204,C02493,2026-06-21,1,Not as Described,351.68,2026-09-17 13:04:54
R003403,O0075120,P0259,C04545,2025-03-17,3,Damaged,210.75,2025-10-14 05:32:28
R003404,O0072856,P0340,C04443,2026-01-09,1,Changed Mind,54.1,2026-03-19 04:19:42
R003405,O0073442,P0215,C00132,2026-09-20,3,Damaged,271.29,2026-03-23 07:51:46
R003406,O0041333,P0062,C04935,2026-02-02,3,Damaged,401.57,2026-08-19 22:21:54
R003407,O0082346,P0103,C04986,2026-04-09,1,Changed Mind,572.19,2025-06-20 07:00:07
R003408,O0025128,P0145,C02251,2025-09-24,3,Not as Described,570.87,2025-10-07 21:48:48
R003409,O0054279,P0294,C02556,2025-05-30,3,Not as Described,952.53,2025-06-12 23:35:39
R003410,O0099886,P0157,C04504,2026-02-23,3,Late Delivery,247.29,2025-09-25 14:40:16
R003411,O0030705,P0279,C02728,2026-02-04,1,Late Delivery,674.46,2025-09-03 15:47:09
R003412,O0093778,P0382,C00361,2025-04-10,1,Wrong Item,880.17,2025-10-20 12:34:28
R003413,O0069300,P0370,C00357,2025-10-14,2,Wrong Item,338.3,2026-07-17 14:09:20
R003414,O0030395,P0485,C03276,2026-09-28,1,Wrong Item,909.04,2026-07-14 06:31:24
R003415,O0065303,P0089,C02400,2025-08-30,1,Not as Described,137.33,2026-02-07 11:08:17
R003416,O0025008,P0276,C01478,2025-02-01,2,Late Delivery,286.19,2025-01-14 22:02:31
R003417,O0091230,P0212,C00524,2026-04-02,2,Changed Mind,974.99,2025-02-19 13:31:08
R003418,O0095175,P0138,C02704,2025-01-07,2,Changed Mind,980.17,2026-03-21 08:56:59
R003419,O0049824,P0386,C04637,2026-02-28,2,Wrong Item,232.13,2025-12-07 04:30:57
R003420,O0002065,P0296,C01856,2025-06-01,2,Damaged,723.51,2025-03-22 15:21:47
R003421,O0098771,P0395,C04145,2026-07-21,2,Not as Described,159.71,2025-01-08 07:27:09
R003422,O0072103,P0313,C00446,2026-09-15,2,Changed Mind,835.38,2026-07-28 05:40:22
R003423,O0019616,P0329,C00514,2025-03-02,2,Not as Described,726.29,2025-05-23 07:39:24
R003424,O0022022,P0397,C01122,2026-01-23,1,Changed Mind,-686.97,2026-06-12 14:12:33
R003425,O0049010,P0488,C01347,2026-01-05,3,Late Delivery,244.24,2026-03-29 15:35:29
R003426,O0063527,P0275,C02812,2025-12-25,2,Changed Mind,383.15,2026-09-02 15:39:35
R003427,O0062663,P0336,C02324,2026-08-04,2,Changed Mind,152.03,2026-08-14 22:22:34
R003428,O0055610,P0119,C03023,2025-09-15,1,Late Delivery,813.18,2026-07-28 12:23:39
R003429,O0020912,P0441,C02684,2026-04-25,2,Not as Described,506.81,2025-10-03 22:57:43
R003430,O0081275,P0095,C00670,2025-11-19,3,Damaged,103.9,2026-08-15 20:54:21
R003431,O0026253,P0057,C02162,2026-01-20,1,Late Delivery,605.96,2025-03-31 03:30:18
R003432,O0084525,P0285,C01999,2026-06-03,3,Late Delivery,672.55,2025-10-21 14:26:12
R003433,O0009683,P0009,C02817,2025-07-27,1,Damaged,376.47,2026-01-11 03:32:16
R003434,O0092662,P0021,C00947,2025-08-03,3,Damaged,966.57,2026-08-07 00:27:38
R003435,O0098517,P0274,C01823,2025-09-19,3,Changed Mind,227.79,2025-04-11 23:49:12
R003436,O0038244,P0058,C02218,2025-04-04,3,Changed Mind,680.41,2026-04-05 04:58:33
R003437,O0005878,P0295,C04602,2026-03-23,2,Not as Described,811.74,2025-11-19 18:54:04
R003438,O0088644,P0436,C03957,2025-11-02,2,Late Delivery,288.73,2025-09-20 16:43:55
R003439,O0081679,P0051,C03606,2026-02-23,2,Not as Described,23.05,2025-04-07 05:17:30
R003440,O0009552,P0290,C03326,2025-05-11,2,Changed Mind,89.2,2025-12-25 02:24:31
R003441,O0079658,P0010,C02644,2025-07-07,3,Late Delivery,226.24,2026-02-10 01:40:50
R003442,O0012273,P0329,C03182,2025-09-17,1,Changed Mind,206.06,2025-01-23 04:06:39
R003443,O0015032,P0121,C01365,2026-01-09,2,Changed Mind,584.87,2025-08-19 11:59:39
R003444,O0024228,P0034,C01521,2026-05-03,2,Late Delivery,263.94,2025-03-03 02:35:25
R003445,O0012150,P0361,C02119,2026-05-19,3,Damaged,239.77,2025-12-14 07:15:01
R003446,O0093442,P0282,C03793,2026-06-24,3,Wrong Item,121.32,2026-09-04 03:25:39
R003447,O0094663,P0362,C00428,2025-12-23,3,Late Delivery,708.85,2026-02-10 02:26:01
R003448,O0011932,P0180,C01540,2025-09-20,2,Wrong Item,923.12,2025-07-30 05:52:01
R003449,O0076547,P0154,C03574,2025-09-13,3,Not as Described,716.96,2025-07-20 04:03:02
R003450,O0085850,P0176,C00214,2025-07-06,1,Not as Described,811.2,2026-03-15 06:17:45
R003451,O0081226,P0078,C02861,2026-09-18,2,Not as Described,487.63,2026-07-03 09:54:27
R003452,O0029315,P0233,C01960,2025-05-08,2,Not as Described,201.66,2025-06-20 01:39:35
R003453,O0089418,P0056,C04555,2025-05-22,3,Changed Mind,224.31,2025-10-06 14:22:33
R003454,O0099666,P0158,C03498,2026-06-13,3,Damaged,558.51,2025-11-26 19:26:38
R003455,O0073585,P0492,C01278,2026-08-29,2,Late Delivery,276.65,2025-09-23 02:30:42
R003456,O0013217,P0127,C03268,2025-10-07,3,Damaged,934.38,2025-06-07 04:49:03
R003457,O0070065,P0401,C01130,2025-11-04,2,Not as Described,309.61,2026-03-26 03:28:35
R003458,O0060032,P0360,C00982,2025-11-07,1,Changed Mind,191.87,2025-12-08 00:33:52
R003459,O0080516,P0362,C00080,2026-04-12,3,Late Delivery,71.2,2025-11-01 09:40:45
R003460,O0083056,P0203,C02949,2025-12-26,1,Wrong Item,509.65,2026-01-06 03:14:01
R003461,O0094495,P0100,C00167,2025-04-10,2,Not as Described,658.41,2026-09-24 01:54:42
R003462,O0012402,P0336,C02604,2025-07-19,2,Late Delivery,508.62,2025-10-07 01:30:48
R003463,O0026950,P0283,C00916,2026-09-23,2,Late Delivery,967.08,2025-09-30 17:06:15
R003464,O0053782,P0301,C00960,2025-09-21,3,Not as Described,851.22,2026-07-27 23:20:59
R003465,O0002621,P0365,C00675,2025-08-04,2,Wrong Item,935.69,2025-11-24 15:28:55
R003466,O0031979,P0155,C02291,2026-03-13,2,Changed Mind,655.08,2025-03-28 00:45:45
R003467,O0006294,P0417,C00453,2026-04-07,1,Late Delivery,887.77,2026-08-08 00:56:53
R003468,O0063208,P0279,C00701,2026-08-21,1,Not as Described,945.03,2026-06-09 10:53:21
R003469,O0031283,P0487,C04928,2025-02-02,1,Not as Described,857.18,2026-06-18 22:21:36
R003470,O0074122,P0454,C00493,2026-04-09,1,Wrong Item,502.85,2026-02-17 23:33:31
R003471,O0092197,P0310,C00358,2026-02-01,1,Changed Mind,563.13,2026-02-04 22:11:27
R003472,O0028264,P0210,C02171,2026-09-20,3,Changed Mind,598.12,2026-07-05 04:11:38
R003473,O0082863,P0435,C01122,2026-01-17,1,Late Delivery,392.2,2026-01-23 19:44:59
R003474,O0047463,P0162,C04446,2025-10-21,1,Late Delivery,119.84,2026-06-13 10:00:40
R003475,O0032960,P0131,C01189,2026-05-23,3,Late Delivery,816.6,2026-07-06 05:27:27
R003476,O0001723,P0279,C03805,2025-07-06,2,Changed Mind,711.07,2026-04-17 08:09:36
R003477,O0061103,P0408,C04229,2025-01-09,3,Late Delivery,432.95,2026-04-14 15:44:15
R003478,O0066700,P0295,C00820,2025-03-02,1,Changed Mind,688.02,2026-09-24 05:21:44
R003479,O0015213,P0021,C03309,2026-02-28,1,Wrong Item,621.79,2026-05-20 17:30:02
R003480,O0088856,P0134,C03840,2026-09-21,3,Changed Mind,205.98,2026-08-22 15:05:06
R003481,O0039391,P0204,C03855,2026-03-20,3,Changed Mind,142.27,2026-09-02 23:15:44
R003482,O0088682,P0024,C01901,2025-06-28,2,Not as Described,882.4,2025-06-09 11:34:58
R003483,O0006184,P0410,C04265,2025-04-09,3,Wrong Item,773.32,2026-02-25 13:01:07
R003484,O0058283,P0475,C02881,2026-02-28,1,Damaged,751.63,2026-09-27 20:18:03
R003485,O0089574,P0364,C01629,2026-04-27,2,Damaged,978.34,2025-04-15 20:12:20
R003486,O0079302,P0060,C02957,2026-08-22,2,Late Delivery,277.91,2026-03-27 00:15:04
R003487,O0058876,P0223,C02375,2026-05-27,1,Late Delivery,932.11,2025-04-06 18:19:16
R003488,O0027013,P0180,C00505,2025-08-11,3,Wrong Item,409.16,2026-02-20 11:53:31
R003489,O0052940,P0480,C00432,2025-03-22,1,Changed Mind,189.16,2025-07-11 05:22:31
R003490,O0034108,P0186,C04679,2025-12-15,2,Not as Described,318.62,2026-05-10 11:02:55
R003491,O0078398,P0434,C03219,2025-10-02,1,Damaged,384.05,2025-08-14 06:20:47
R003492,O0053324,P0206,C01164,2025-09-30,2,Damaged,712.6,2025-08-08 01:02:33
R003493,O0070827,P0445,C00559,2025-11-05,1,Wrong Item,337.53,2026-02-14 16:23:08
R003494,O0065108,P0331,C00956,2026-07-19,3,Damaged,756.85,2025-02-28 02:11:03
R003495,O0080777,P0180,C03193,2025-04-13,3,Changed Mind,25.57,2026-01-31 02:39:34
R003496,O0056524,P0009,C04422,2025-10-30,3,Wrong Item,978.95,2025-01-09 05:41:00
R003497,O0040441,P0487,C01908,2025-01-07,2,Not as Described,469.08,2025-08-27 02:42:57
R003498,O0016782,P0025,C00794,2026-06-10,1,Wrong Item,853.38,2025-06-27 03:17:06
R003499,O0005913,P0118,C02416,2026-03-14,1,Wrong Item,118.13,2025-02-07 08:38:32
R003500,O0025773,P0004,C00508,2025-05-07,2,Not as Described,557.92,2025-03-26 06:48:53
R003501,O0055885,P0043,C03951,2026-05-08,1,Not as Described,894.48,2025-03-23 16:07:17
R003502,O0023234,P0353,C04443,2025-10-29,3,Wrong Item,373.97,2025-05-24 23:14:37
R003503,O0092541,P0496,C01985,2026-07-27,3,Late Delivery,157.54,2025-05-01 14:41:21
R003504,O0061124,P0283,C02634,2025-03-06,1,Late Delivery,254.99,2026-01-30 14:45:11
R003505,O0051114,P0293,C02132,2026-03-08,2,Damaged,725.47,2026-03-17 08:43:08
R003506,O0055124,P0461,C02830,2025-12-26,1,Wrong Item,405.07,2026-09-25 00:06:09
R003507,O0007271,P0168,C04978,2025-01-03,1,Late Delivery,185.72,2026-04-25 19:10:10
R003508,O0064525,P0425,C02094,2026-07-08,1,Wrong Item,237.68,2026-05-06 23:21:48
R003509,O0072749,P0042,C00387,2026-01-22,3,Late Delivery,24.33,2025-10-16 19:29:40
R003510,O0067512,P0454,C00023,2025-09-14,1,Late Delivery,681.63,2025-01-08 10:56:19
R003511,O0010148,P0364,C04059,2025-09-13,1,Changed Mind,934.96,2026-09-09 22:54:41
R003512,O0080723,P0437,C02802,2025-06-24,2,Late Delivery,304.98,2025-01-09 06:48:02
R003513,O0071639,P0331,C04764,2026-01-28,1,Changed Mind,673.57,2025-10-30 14:22:05
R003514,O0047100,P0421,C03584,2025-08-27,1,Wrong Item,307.27,2026-08-14 04:53:52
R003515,O0062521,P0342,C04946,2025-05-14,1,Not as Described,419.67,2025-05-28 21:25:25
R003516,O0023498,P0348,C02327,2025-08-29,3,Damaged,562.31,2026-01-01 02:53:35
R003517,O0042071,P0142,C04224,2025-03-29,3,Late Delivery,595.39,2025-07-07 08:06:00
R003518,O0032682,P0105,C03317,2025-06-09,1,Changed Mind,472.42,2026-02-18 21:19:43
R003519,O0068480,P0020,C00367,2025-05-23,3,Changed Mind,214.03,2026-06-28 21:59:32
R003520,O0034825,P0324,C00147,2026-07-30,2,Changed Mind,564.89,2025-12-13 02:19:19
R003521,O0082843,P0054,C01317,2026-08-16,3,Not as Described,653.0,2025-05-02 17:27:37
R003522,O0091613,P0263,C01856,2026-09-04,2,Changed Mind,416.07,2026-06-08 15:37:54
R003523,O0078127,P0236,C01221,2025-02-22,1,Changed Mind,122.57,2025-06-25 07:58:49
R003524,O0027342,P0025,C02763,2026-09-09,2,Late Delivery,356.59,2026-09-26 23:05:28
R003525,O0043013,P0434,C03172,2026-08-26,3,Damaged,375.32,2025-07-19 13:16:47
R003526,O0067438,P0488,C00830,2025-12-24,3,Not as Described,290.12,2025-04-23 09:31:08
R003527,O0009082,P0249,C01264,2025-09-21,3,Not as Described,241.12,2025-01-31 10:19:16
R003528,O0083155,P0350,C01190,2025-07-01,2,Damaged,327.56,2025-09-06 22:18:31
R003529,O0029980,P0402,C00454,2025-07-28,1,Not as Described,169.75,2025-03-11 15:37:14
R003530,O0071322,P0483,C02333,2026-05-14,3,Changed Mind,772.03,2025-08-23 17:30:18
R003531,O0073035,P0252,C04664,2025-08-07,2,Not as Described,791.11,2026-02-21 12:19:46
R003532,O0029913,P0095,C02592,2026-01-02,3,Late Delivery,174.94,2026-09-23 06:29:29
R003533,O0065886,P0250,C04356,2026-01-12,1,Damaged,577.52,2025-10-11 09:51:34
R003534,O0065581,P0465,C02490,2025-10-14,1,Damaged,428.99,2025-08-02 15:53:17
R003535,O0091044,P0117,C01100,2025-02-26,2,Late Delivery,286.56,2025-03-18 23:07:12
R003536,O0063578,P0454,C02596,2025-12-22,2,Damaged,513.36,2026-03-31 13:40:18
R003537,O0043695,P0427,C04498,2025-10-12,2,Damaged,20.32,2026-02-10 09:32:14
R003538,O0087438,P0347,C03952,2026-05-09,3,Wrong Item,590.99,2026-04-07 00:47:11
R003539,O0089025,P0177,C00319,2025-03-14,1,Wrong Item,233.08,2025-09-01 15:54:03
R003540,O0048830,P0459,C01703,2026-07-22,1,Late Delivery,317.1,2025-08-24 21:29:04
R003541,O0038408,P0410,C04488,2025-12-08,2,Damaged,901.17,2025-07-01 22:37:24
R003542,O0018466,P0361,C00652,2025-03-26,1,Changed Mind,265.42,2025-12-12 21:28:21
R003543,O0074217,P0102,C02386,2026-06-15,3,Changed Mind,87.74,2025-05-08 06:33:24
R003544,O0076590,P0441,C02121,2025-12-17,1,Wrong Item,561.29,2025-08-13 13:44:46
R003545,O0058534,P0488,C01387,2025-01-17,3,Changed Mind,997.33,2025-10-18 05:20:49
R003546,O0075547,P0380,C00744,2026-02-14,2,Changed Mind,239.46,2026-04-05 20:34:00
R003547,O0021802,P0021,C02930,2025-04-19,1,Late Delivery,618.49,2025-08-24 12:23:20
R003548,O0040490,P0338,C03371,2025-05-17,2,Wrong Item,267.35,2025-07-02 09:28:44
R003549,O0076578,P0101,C01220,2026-02-21,3,Late Delivery,415.46,2025-09-09 04:18:15
R003550,O0005730,P0210,C01293,2025-05-08,3,Not as Described,359.14,2026-04-05 02:47:58
R003551,O0098365,P0286,C02234,2025-08-22,1,Not as Described,225.99,2025-02-23 11:09:42
R003552,O0052506,P0273,C01909,2025-01-31,2,Damaged,141.73,2025-10-30 18:01:03
R003553,O0052442,P0374,C03537,2025-05-07,3,Changed Mind,513.39,2026-01-01 13:17:52
R003554,O0053787,P0193,C02455,2025-10-03,3,Changed Mind,203.24,2025-04-30 11:38:54
R003555,O0022985,P0234,C01735,2026-07-29,3,Not as Described,962.68,2026-09-25 14:58:18
R003556,O0086630,P0440,C00104,2026-02-15,1,Changed Mind,657.68,2026-02-14 16:38:12
R003557,O0007539,P0283,C01877,2026-08-20,2,Damaged,145.85,2026-07-05 00:03:07
R003558,O0031826,P0335,C03271,2026-09-03,1,Late Delivery,406.37,2025-02-11 03:08:45
R003559,O0079271,P0365,C00313,2026-09-05,2,Changed Mind,371.64,2026-01-20 13:57:13
R003560,O0004799,P0221,C03021,2025-09-09,1,Not as Described,883.59,2026-03-25 18:19:07
R003561,O0056682,P0360,C01598,2026-03-11,3,Late Delivery,410.74,2026-02-12 00:43:01
R003562,O0085867,P0142,C04966,2025-11-18,3,Not as Described,117.63,2025-04-02 18:20:49
R003563,O0034956,P0103,C04437,2025-09-07,3,Changed Mind,909.27,2025-02-26 03:58:45
R003564,O0067732,P0295,C00148,2025-07-23,2,Damaged,732.38,2026-07-23 00:01:24
R003565,O0033897,P0262,C01159,2026-07-09,2,Damaged,83.28,2026-05-31 02:32:40
R003566,O0054058,P0234,C03316,2026-04-10,1,Changed Mind,346.74,2025-06-14 04:04:14
R003567,O0001260,P0113,C00715,2026-04-26,2,Not as Described,291.3,2025-02-21 19:09:55
R003568,O0037736,P0242,C03597,2025-05-01,2,Wrong Item,506.42,2026-05-08 02:02:00
R003569,O0023213,P0179,C01529,2026-05-21,1,Late Delivery,886.5,2026-07-22 06:23:24
R003570,O0053993,P0129,C01300,2025-01-02,2,Changed Mind,336.4,2026-08-26 07:32:09
R003571,O0015540,P0486,C00784,2026-09-03,3,Damaged,966.45,2026-08-15 02:57:32
R003572,O0028017,P0491,C00089,2026-04-17,3,Late Delivery,891.25,2025-05-03 08:28:39
R003573,O0043952,P0213,C01641,2025-03-27,3,Not as Described,725.35,2025-05-16 03:13:02
R003574,O0055781,P0042,C00877,2025-07-22,3,Not as Described,939.77,2026-07-02 20:51:17
R003575,O0055663,P0452,C01185,2025-02-07,3,Changed Mind,96.25,2026-09-19 17:46:04
R003576,O0017848,P0395,C02710,2025-04-17,1,Damaged,600.35,2026-03-01 05:06:22
R003577,O0007011,P0071,C03864,2026-02-07,1,Changed Mind,998.96,2025-05-12 12:16:54
R003578,O0052878,P0338,C03935,2025-02-22,1,Wrong Item,916.95,2026-08-01 20:07:34
R003579,O0051287,P0438,C01302,2025-12-25,1,Late Delivery,387.96,2025-07-11 03:44:48
R003580,O0094990,P0185,C03610,2026-07-01,3,Not as Described,107.1,2026-03-16 16:54:33
R003581,O0080945,P0153,C02731,2025-08-14,2,Late Delivery,393.32,2026-02-26 15:11:58
R003582,O0006875,P0434,C03861,2025-09-05,2,Damaged,768.29,2026-08-18 04:34:17
R003583,O0075443,P0348,C01656,2026-06-15,1,Not as Described,417.88,2026-09-28 13:49:44
R003584,O0069335,P0110,C00352,2025-08-06,1,Not as Described,259.75,2025-05-10 07:07:54
R003585,O0019424,P0214,C01509,2026-09-06,1,Not as Described,722.89,2025-03-03 03:46:40
R003586,O0039252,P0128,C03637,2025-10-05,3,Wrong Item,304.27,2025-04-27 07:27:02
R003587,O0007994,P0388,C04673,2025-05-08,1,Not as Described,648.79,2025-05-01 04:02:37
R003588,O0093047,P0001,C00227,2025-08-10,2,Damaged,901.52,2025-12-09 00:02:45
R003589,O0082420,P0401,C01101,2025-07-07,2,Changed Mind,337.69,2025-04-02 01:06:12
R003590,O0037197,P0050,C01892,2026-03-30,1,Late Delivery,42.04,2026-01-14 00:53:29
R003591,O0046454,P0274,C04026,2025-04-07,2,Wrong Item,926.45,2026-01-31 20:36:36
R003592,O0058508,P0147,C01199,2025-07-27,2,Changed Mind,404.18,2025-12-06 14:22:27
R003593,O0067900,P0258,C00816,2026-06-28,1,Not as Described,363.38,2025-01-03 04:08:15
R003594,O0030865,P0047,C00472,2026-06-02,3,Damaged,474.66,2026-03-10 00:02:34
R003595,O0084440,P0117,C00167,2025-07-05,3,Wrong Item,19.54,2026-01-28 05:12:21
R003596,O0083739,P0318,C02409,2026-03-22,1,Wrong Item,56.66,2025-09-21 01:24:43
R003597,O0081488,P0079,C03560,2026-08-08,2,Wrong Item,743.53,2026-08-11 10:52:38
R003598,O0079070,P0065,C00815,2026-04-21,1,Wrong Item,956.1,2026-02-01 07:25:14
R003599,O0068148,P0017,C04943,2025-08-08,3,Wrong Item,763.8,2025-09-30 20:28:23
R003600,O0009790,P0269,C02809,2026-02-20,1,Changed Mind,103.42,2025-11-30 02:46:38
R003601,O0064690,P0086,C01666,2025-04-24,3,Wrong Item,30.24,2025-05-16 23:59:16
R003602,O0082666,P0105,C03830,2026-05-12,1,Not as Described,434.05,2026-01-09 16:33:15
R003603,O0015841,P0211,C04204,2025-05-22,3,Changed Mind,696.25,2026-01-08 03:17:07
R003604,O0005244,P0098,C03872,2026-03-09,3,Not as Described,671.4,2025-08-05 23:24:13
R003605,O0060577,P0360,C01481,2026-09-01,2,Late Delivery,528.34,2026-05-11 22:02:58
R003606,O0002081,P0135,C04219,2026-02-17,2,Wrong Item,394.48,2026-05-23 02:46:29
R003607,O0084836,P0330,C04708,2025-11-28,2,Changed Mind,727.44,2026-07-26 01:19:22
R003608,O0081787,P0026,C03901,2025-03-18,2,Not as Described,651.76,2026-08-09 01:24:16
R003609,O0036157,P0489,C04646,2026-08-16,3,Late Delivery,472.89,2026-08-25 19:33:07
R003610,O0039584,P0288,C02366,2025-12-09,2,Damaged,223.93,2026-07-13 01:08:46
R003611,O0033738,P0033,C01843,2026-08-23,1,Not as Described,281.2,2026-05-30 07:31:49
R003612,O0094468,P0095,C00305,2026-02-15,1,Late Delivery,675.28,2025-10-29 03:26:22
R003613,O0040012,P0282,C03139,2026-03-02,1,Damaged,45.47,2026-07-03 08:51:56
R003614,O0005727,P0350,C02232,2025-05-09,2,Late Delivery,270.06,2026-03-31 14:27:20
R003615,O0034355,P0021,C00553,2025-05-02,1,Wrong Item,138.81,2026-07-21 07:42:59
R003616,O0050706,P0199,C02447,2026-07-21,3,Not as Described,929.02,2026-04-06 12:17:33
R003617,O0087127,P0053,C03508,2026-06-16,1,Wrong Item,598.72,2025-09-08 23:13:05
R003618,O0001990,P0236,C03616,2026-08-14,1,Late Delivery,458.77,2025-12-05 12:35:17
R003619,O0064675,P0479,C01933,2026-06-18,2,Late Delivery,207.43,2025-06-26 03:05:23
R003620,O0089673,P0449,C02451,2025-12-12,1,Late Delivery,759.01,2025-08-05 10:28:29
R003621,O0015634,P0311,C02448,2026-02-24,2,Damaged,915.83,2025-03-13 23:28:37
R003622,O0053938,P0148,C01739,2025-09-25,3,Not as Described,370.37,2025-07-10 20:49:33
R003623,O0041461,P0421,C00265,2025-10-14,3,Late Delivery,184.5,2026-05-04 09:51:34
R003624,O0045197,P0261,C03486,2026-02-04,3,Wrong Item,447.94,2025-07-07 22:07:38
R003625,O0050287,P0429,C04006,2025-06-10,1,Changed Mind,585.69,2025-07-24 02:38:24
R003626,O0018610,P0189,C02926,2026-09-04,1,Changed Mind,563.47,2026-02-15 05:05:38
R003627,O0091090,P0109,C00321,2026-03-13,2,Not as Described,83.25,2026-06-27 22:02:28
R003628,O0022884,P0053,C02115,2026-08-23,1,Changed Mind,273.17,2026-07-22 10:18:14
R003629,O0056255,P0011,C01428,2026-03-05,2,Damaged,193.66,2025-05-22 17:38:55
R003630,O0006212,P0180,C03016,2026-04-07,1,Changed Mind,446.55,2026-04-29 09:56:36
R003631,O0095308,P0131,C00476,2025-12-09,2,Wrong Item,137.51,2025-04-18 10:58:18
R003632,O0044654,P0307,C02721,2025-03-03,1,Wrong Item,277.2,2026-07-13 07:42:49
R003633,O0066652,P0312,C02252,2026-05-23,2,Not as Described,180.86,2026-01-30 20:30:25
R003634,O0028239,P0054,C01542,2025-01-10,3,Changed Mind,94.71,2025-08-18 04:35:09
R003635,O0051103,P0126,C03720,2026-09-22,2,Wrong Item,514.92,2026-03-08 17:36:43
R003636,O0020014,P0172,C04145,2025-01-13,2,Wrong Item,859.36,2025-02-04 08:42:53
R003637,O0000790,P0092,C04627,2026-05-20,1,Changed Mind,225.72,2026-03-01 06:59:09
R003638,O0064278,P0202,C01116,2026-06-25,1,Not as Described,672.96,2025-06-23 09:15:01
R003639,O0048594,P0465,C00111,2025-04-30,3,Not as Described,367.49,2026-09-03 01:43:59
R003640,O0097344,P0116,C02691,2025-01-30,1,Changed Mind,497.0,2025-10-01 00:35:53
R003641,O0015354,P0188,C04399,2025-09-07,2,Changed Mind,329.24,2026-02-01 12:13:05
R003642,O0039394,P0367,C02318,2026-02-09,1,Wrong Item,644.63,2026-07-16 13:24:41
R003643,O0093773,P0457,C04575,2026-08-05,2,Changed Mind,10.64,2025-05-20 08:14:07
R003644,O0054716,P0263,C00400,2025-04-11,1,Changed Mind,569.03,2025-08-03 10:45:05
R003645,O0033961,P0083,C00625,2025-08-24,1,Damaged,465.74,2026-07-08 20:48:48
R003646,O0009229,P0171,C02916,2026-03-12,1,Wrong Item,910.12,2025-03-09 06:12:40
R003647,O0012510,P0258,C00031,2026-06-19,1,Wrong Item,159.93,2026-04-24 10:29:57
R003648,O0059461,P0387,C02048,2026-07-12,1,Not as Described,789.57,2025-07-21 01:11:33
R003649,O0075139,P0468,C01903,2025-12-22,2,Late Delivery,813.93,2025-03-16 13:14:14
R003650,O0075016,P0484,C04089,2025-07-03,2,Not as Described,60.67,2026-03-29 01:57:32
R003651,O0099270,P0134,C02911,2026-05-16,3,Not as Described,529.15,2025-02-23 14:26:32
R003652,O9999999,P0257,C04922,2025-02-07,1,Damaged,736.68,2025-04-07 15:10:02
R003653,O0026012,P0427,C01890,2025-09-07,1,Not as Described,19.67,2025-03-12 11:57:42
R003654,O0095090,P0067,C00239,2025-12-20,3,Wrong Item,617.5,2026-08-08 02:59:18
R003655,O0099216,P0297,C03220,2026-07-07,2,Wrong Item,974.87,2025-04-19 14:45:27
R003656,O0025547,P0173,C00652,2025-08-22,2,Not as Described,605.47,2026-02-14 21:12:51
R003657,O0081327,P0030,C02935,2025-09-01,1,Not as Described,-261.4,2025-05-29 10:59:00
R003658,O0082609,P0189,C03870,2025-01-21,3,Damaged,679.92,2025-08-22 03:01:05
R003659,O0008169,P0186,C04743,2026-06-03,3,Not as Described,290.63,2025-05-20 06:21:46
R003660,O0048854,P0230,C01458,2025-07-20,3,Not as Described,724.3,2026-03-03 14:12:10
R003661,O9999999,P0278,C01319,2025-10-01,1,Wrong Item,801.36,2025-04-09 22:05:03
R003662,O0015122,P0338,C00424,2026-01-12,3,Damaged,798.51,2025-10-05 09:29:20
R003663,O0053455,P0489,C04042,2025-08-23,1,Wrong Item,252.63,2026-03-26 18:38:32
R003664,O0042142,P0491,C01054,2026-02-28,2,Wrong Item,725.12,2025-11-12 20:47:40
R003665,O0085831,P0497,C01687,2025-03-02,2,Wrong Item,181.97,2025-03-05 15:27:00
R003666,O0056966,P0041,C00066,2026-08-01,1,Damaged,647.84,2025-05-14 12:28:42
R003667,O0002088,P0357,C01607,2025-12-20,2,Not as Described,92.9,2026-07-09 20:42:10
R003668,O0061353,P0270,C01881,2026-03-23,2,Damaged,357.92,2026-02-01 04:35:10
R003669,O0053626,P0477,C03746,2025-06-16,3,Changed Mind,988.65,2025-05-14 19:11:20
R003670,O0037600,P0123,C04711,2025-03-05,1,Not as Described,327.24,2026-02-07 06:43:25
R003671,O0057240,P0471,C03686,2025-08-15,2,Changed Mind,63.29,2025-01-22 17:46:04
R003672,O0081458,P0044,C04530,2026-03-24,2,Wrong Item,905.58,2025-06-19 01:01:20
R003673,O0079374,P0074,C02913,2026-06-17,2,Damaged,358.54,2026-04-22 22:11:14
R003674,O0046198,P0066,C02144,2025-12-01,1,Damaged,621.22,2026-03-04 08:57:38
R003675,O0050831,P0010,C02393,2025-09-08,3,Not as Described,790.56,2026-06-13 12:24:40
R003676,O0019860,P0376,C04176,2025-08-27,1,Wrong Item,678.0,2025-07-12 18:53:38
R003677,O0069406,P0198,C00892,2026-04-14,3,Late Delivery,136.46,2026-01-14 12:58:01
R003678,O0019103,P0370,C04579,2026-04-06,3,Wrong Item,33.05,2026-02-18 10:51:23
R003679,O0017890,P0068,C02463,2025-02-26,1,Late Delivery,199.21,2025-12-17 17:29:32
R003680,O0023641,P0227,C03403,2025-08-04,1,Late Delivery,495.95,2025-11-22 22:11:49
R003681,O0058672,P0117,C00123,2025-06-02,3,Not as Described,994.46,2026-01-08 09:50:17
R003682,O0052664,P0042,C02696,2025-11-23,2,Late Delivery,106.74,2025-06-28 01:49:21
R003683,O0011353,P0231,C02826,2026-05-05,3,Damaged,759.18,2026-06-11 21:20:41
R003684,O0010631,P0393,C00970,2025-03-20,1,Changed Mind,109.99,2026-01-11 08:51:28
R003685,O0068809,P0133,C03376,2025-09-06,1,Not as Described,608.26,2026-07-24 08:25:13
R003686,O0068059,P0067,C01230,2026-02-20,2,Wrong Item,573.43,2025-04-24 05:48:29
R003687,O0052435,P0285,C03958,2025-06-29,2,Wrong Item,234.75,2026-06-13 20:20:17
R003688,O0080492,P0221,C01931,2026-09-12,3,Damaged,74.0,2025-08-19 15:23:06
R003689,O0085180,P0433,C01287,2026-03-14,3,Damaged,84.47,2026-02-22 15:11:45
R003690,O0048186,P0247,C04832,2025-07-16,3,Not as Described,456.58,2025-01-15 17:48:25
R003691,O0000885,P0389,C02498,2026-01-14,2,Late Delivery,241.99,2026-06-09 17:05:22
R003692,O0043272,P0308,C01295,2025-08-20,3,Damaged,693.9,2026-02-04 11:20:17
R003693,O0015023,P0101,C04144,2025-12-22,3,Changed Mind,472.04,2025-04-03 13:19:44
R003694,O0082302,P0114,C00308,2025-08-25,2,Damaged,923.17,2026-07-03 19:07:32
R003695,O0069689,P0329,C04295,2025-05-29,1,Wrong Item,427.48,2026-09-01 05:50:39
R003696,O0077599,P0345,C03218,2025-07-04,2,Late Delivery,211.97,2026-08-29 04:29:28
R003697,O0086390,P0354,C02651,2026-03-14,2,Not as Described,363.94,2025-07-11 23:49:07
R003698,O0098165,P0163,C01845,2025-05-22,1,Not as Described,954.26,2025-11-12 01:57:36
R003699,O0057845,P0413,C03838,2025-06-10,1,Damaged,371.28,2025-03-24 22:03:55
R003700,O0053848,P0477,C02919,2026-08-18,1,Changed Mind,629.35,2026-07-31 23:59:59
R003701,O0014743,P0060,C04529,2025-07-15,3,Changed Mind,648.28,2026-03-22 19:57:35
R003702,O0084842,P0295,C03077,2026-02-19,2,Changed Mind,208.58,2026-05-18 21:42:35
R003703,O0079919,P0186,C02249,2026-07-09,2,Wrong Item,372.62,2025-09-22 23:39:20
R003704,O0019685,P0456,C02763,2026-05-06,3,Late Delivery,925.41,2026-01-15 15:34:56
R003705,O0019418,P0180,C02411,2026-03-17,3,Damaged,161.41,2025-03-11 23:31:18
R003706,O0005191,P0465,C02517,2026-09-29,3,Changed Mind,24.68,2025-04-22 04:16:15
R003707,O0015046,P0119,C04514,2026-01-20,1,Not as Described,822.35,2025-03-14 07:01:47
R003708,O0033978,P0312,C04997,2025-06-05,2,Changed Mind,980.3,2025-06-04 17:48:03
R003709,O0027527,P0468,C02897,2026-05-16,2,Late Delivery,403.14,2026-08-29 09:56:22
R003710,O0022919,P0109,C03407,2026-08-12,2,Wrong Item,602.63,2025-12-18 22:59:42
R003711,O0094128,P0252,C03388,2025-02-18,1,Late Delivery,104.97,2026-05-05 18:46:54
R003712,O0007169,P0272,C02435,2026-09-08,3,Changed Mind,172.45,2025-11-03 20:33:27
R003713,O0083711,P0149,C02786,2026-01-14,3,Not as Described,511.67,2025-06-21 21:04:50
R003714,O0069041,P0306,C02775,2026-01-19,2,Changed Mind,476.24,2026-04-15 10:32:47
R003715,O0048845,P0069,C02515,2026-08-18,2,Late Delivery,564.36,2026-03-07 15:32:16
R003716,O0059763,P0336,C03377,2026-05-20,3,Not as Described,608.76,2026-06-06 06:36:01
R003717,O0080858,P0324,C04100,2025-07-20,3,Changed Mind,415.64,2025-06-06 10:20:53
R003718,O0096337,P0319,C04717,2026-02-25,2,Wrong Item,605.55,2026-06-04 15:14:04
R003719,O0004281,P0296,C02664,2026-07-16,1,Changed Mind,956.76,2025-06-11 08:27:44
R003720,O0064524,P0221,C02341,2026-08-06,1,Not as Described,96.92,2026-02-22 12:50:16
R003721,O0076883,P0499,C01441,2026-03-23,3,Damaged,369.42,2025-06-13 22:00:48
R003722,O0081211,P0398,C00793,2026-09-12,1,Damaged,733.75,2025-05-20 12:07:10
R003723,O0077383,P0119,C01973,2025-10-14,1,Changed Mind,861.12,2025-12-15 20:18:52
R003724,O0001489,P0120,C00646,2025-04-25,2,Late Delivery,149.27,2026-04-13 06:58:18
R003725,O0025988,P0431,C03975,2025-01-27,3,Not as Described,153.19,2025-02-20 00:48:57
R003726,O0049486,P0312,C01294,2025-02-16,1,Changed Mind,405.9,2025-01-09 23:53:59
R003727,O0011096,P0195,C02826,2026-03-31,3,Damaged,166.54,2025-07-05 20:15:42
R003728,O0058655,P0034,C04656,2025-11-17,2,Late Delivery,146.04,2025-09-02 15:23:41
R003729,O0082205,P0308,C02643,2026-07-17,2,Changed Mind,373.95,2026-05-26 06:12:57
R003730,O0086697,P0083,C04330,2026-03-15,1,Damaged,593.29,2026-03-23 02:10:26
R003731,O0063577,P0020,C03628,2026-05-18,1,Wrong Item,912.64,2026-08-07 04:07:00
R003732,O0009228,P0141,C01669,2025-11-28,1,Not as Described,914.49,2026-04-30 15:44:10
R003733,O0071673,P0212,C02280,2025-05-17,1,Damaged,891.88,2026-06-04 14:07:22
R003734,O0071412,P0184,C01195,2026-03-19,2,Late Delivery,855.26,2025-11-03 19:12:59
R003735,O0020014,P0297,C02719,2025-02-07,1,Not as Described,44.47,2026-07-06 13:02:26
R003736,O0017917,P0081,C01107,2025-10-05,3,Late Delivery,863.53,2025-08-31 21:56:34
R003737,O0056561,P0040,C01186,2026-01-14,3,Changed Mind,420.84,2025-03-04 12:02:04
R003738,O0099508,P0405,C03308,2025-01-06,2,Damaged,292.79,2025-12-05 06:09:49
R003739,O0027462,P0325,C00728,2025-06-22,1,Not as Described,315.3,2025-02-13 20:46:13
R003740,O0011139,P0431,C04535,2026-06-23,1,Wrong Item,897.53,2026-09-14 13:35:05
R003741,O0000805,P0357,C04465,2026-05-12,3,Damaged,926.33,2026-08-09 22:44:26
R003742,O0076861,P0165,C01447,2026-04-23,3,Wrong Item,665.43,2025-02-09 03:17:48
R003743,O0004186,P0007,C04708,2026-04-18,1,Damaged,202.73,2025-11-15 18:21:55
R003744,O0056963,P0444,C03728,2026-03-26,1,Wrong Item,256.01,2025-02-28 05:04:20
R003745,O0098353,P0100,C02939,2026-04-09,1,Wrong Item,131.86,2025-05-12 12:10:33
R003746,O0091085,P0248,C03726,2025-12-01,1,Changed Mind,35.34,2026-04-08 15:15:17
R003747,O0033324,P0119,C04710,2025-03-11,3,Damaged,67.66,2025-03-04 01:28:52
R003748,O0017052,P0022,C00537,2026-02-12,1,Changed Mind,82.92,2026-02-28 10:34:36
R003749,O0045580,P0145,C02846,2026-02-22,2,Wrong Item,996.52,2026-02-12 10:59:41
R003750,O0024233,P0276,C00182,2026-05-15,3,Wrong Item,363.0,2025-05-12 17:15:52
R003751,O0047901,P0052,C02592,2026-04-23,1,Changed Mind,955.79,2026-02-11 19:45:47
R003752,O0085945,P0457,C00376,2025-07-08,2,Wrong Item,655.85,2025-09-06 22:19:00
R003753,O0028574,P0088,C03255,2026-05-25,3,Changed Mind,986.91,2026-04-25 03:43:36
R003754,O0087358,P0170,C00801,2025-07-09,1,Wrong Item,513.16,2026-05-04 06:15:14
R003755,O0006665,P0056,C00751,2025-06-27,1,Not as Described,746.96,2025-01-29 02:24:22
R003756,O0047974,P0211,C04146,2025-08-19,3,Damaged,684.66,2025-05-09 17:23:52
R003757,O0052831,P0345,C01813,2026-09-24,3,Late Delivery,499.48,2025-05-25 13:53:46
R003758,O0016878,P0358,C00356,2025-10-28,2,Wrong Item,154.2,2025-04-12 16:34:33
R003759,O0080570,P0075,C02738,2025-02-13,2,Changed Mind,960.84,2025-06-16 20:13:58
R003760,O0020535,P0253,C01733,2026-05-26,1,Wrong Item,-750.55,2025-05-13 02:52:06
R003761,O0094871,P0277,C04020,2026-05-22,1,Late Delivery,735.01,2025-11-09 05:48:18
R003762,O0058401,P0034,C03278,2025-09-03,1,Damaged,382.38,2026-01-18 07:21:00
R003763,O0076758,P0393,C02102,2026-09-30,2,Changed Mind,89.13,2025-03-12 10:57:28
R003764,O0084187,P0230,C03042,2026-02-10,2,Not as Described,856.23,2025-01-09 19:01:10
R003765,O0015189,P0128,C00549,2025-01-04,1,Damaged,658.95,2025-05-25 03:51:33
R003766,O0063997,P0442,C02258,2025-07-15,3,Not as Described,253.03,2025-12-06 03:06:16
R003767,O0090408,P0137,C04929,2025-01-01,2,Changed Mind,214.6,2025-12-01 21:14:47
R003768,O0068226,P0142,C01787,2026-02-26,2,Wrong Item,191.35,2026-07-26 03:30:51
R003769,O0014615,P0213,C02332,2025-06-21,1,Wrong Item,546.53,2025-02-10 05:48:13
R003770,O0082893,P0002,C03875,2025-10-09,3,Not as Described,25.04,2025-09-03 23:08:01
R003771,O0004336,P0278,C03487,2025-06-27,3,Late Delivery,830.73,2026-06-08 04:36:12
R003772,O0083331,P0365,C04628,2026-02-05,3,Late Delivery,678.08,2025-10-22 22:09:04
R003773,O0066342,P0214,C03484,2026-04-09,2,Damaged,188.87,2026-02-05 02:09:02
R003774,O0094222,P0004,C02596,2025-09-15,1,Changed Mind,524.06,2026-01-26 05:49:34
R003775,O0021694,P0174,C03722,2025-01-03,3,Changed Mind,599.82,2025-09-26 13:35:25
R003776,O0084353,P0447,C00358,2025-01-06,2,Damaged,269.74,2025-10-20 03:25:30
R003777,O0010780,P0014,C04480,2026-01-25,3,Changed Mind,229.95,2025-05-02 02:14:05
R003778,O0093536,P0321,C04518,2025-03-05,2,Wrong Item,223.3,2025-12-30 13:29:17
R003779,O0029587,P0477,C02979,2025-09-27,2,Damaged,378.05,2026-06-20 17:55:28
R003780,O0079198,P0120,C00825,2025-12-18,3,Not as Described,10.73,2025-06-22 12:06:05
R003781,O0005878,P0404,C04254,2025-11-16,1,Wrong Item,869.79,2026-06-27 16:01:55
R003782,O0074206,P0435,C04766,2025-10-05,2,Changed Mind,301.03,2025-01-29 21:02:11
R003783,O0013956,P0468,C00440,2025-04-26,3,Changed Mind,210.9,2026-07-14 05:41:55
R003784,O0000072,P0291,C02049,2026-01-15,2,Late Delivery,725.27,2025-10-22 02:24:27
R003785,O0011764,P0277,C01631,2026-06-23,2,Not as Described,243.39,2026-05-14 20:09:26
R003786,O0026573,P0158,C02405,2025-06-03,2,Changed Mind,845.33,2026-05-05 22:44:52
R003787,O0081587,P0376,C03943,2025-05-31,2,Damaged,672.64,2026-07-19 06:09:38
R003788,O0047278,P0190,C04556,2025-03-03,3,Not as Described,895.36,2026-09-25 04:40:36
R003789,O0078700,P0251,C04043,2026-07-13,3,Late Delivery,973.18,2026-06-27 14:42:00
R003790,O0021129,P0357,C01168,2025-02-02,2,Late Delivery,538.98,2026-05-08 00:32:50
R003791,O0043614,P0407,C02727,2026-08-07,2,Late Delivery,502.69,2026-03-04 02:01:12
R003792,O0005058,P0461,C02539,2026-07-10,1,Wrong Item,269.56,2025-08-26 09:57:43
R003793,O0038605,P0226,C02328,2026-01-02,1,Changed Mind,846.76,2026-05-25 13:57:20
R003794,O0033858,P0228,C04453,2026-08-05,3,Not as Described,240.25,2025-07-17 01:00:47
R003795,O0003716,P0168,C04104,2026-04-23,3,Changed Mind,674.75,2025-03-07 00:06:24
R003796,O0055326,P0170,C04093,2025-01-04,1,Not as Described,455.13,2025-12-12 20:57:44
R003797,O0083486,P0233,C01714,2025-08-23,3,Late Delivery,585.35,2025-04-16 11:23:54
R003798,O0054993,P0348,C04166,2025-09-27,2,Wrong Item,359.84,2025-04-20 22:56:00
R003799,O0043783,P0423,C00958,2025-03-12,3,Not as Described,907.4,2025-09-22 12:38:47
R003800,O0038617,P0097,C03091,2025-11-16,1,Wrong Item,710.82,2025-03-15 12:02:58
R003801,O0061336,P0022,C03634,2025-03-28,2,Late Delivery,978.65,2025-04-07 12:54:53
R003802,O0001096,P0131,C02977,2026-08-05,3,Late Delivery,94.78,2026-03-19 13:27:39
R003803,O0081981,P0026,C04605,2026-04-16,2,Wrong Item,10.1,2026-03-29 07:13:59
R003804,O0080180,P0445,C01673,2025-04-23,1,Not as Described,515.74,2026-04-08 21:15:49
R003805,O0095279,P0017,C04028,2026-04-03,2,Wrong Item,296.72,2025-04-20 03:24:40
R003806,O0023159,P0364,C01907,2025-07-11,1,Changed Mind,420.85,2026-02-02 15:45:52
R003807,O0016860,P0266,C02278,2025-11-12,1,Late Delivery,950.18,2025-11-22 16:55:22
R003808,O0042298,P0067,C03933,2025-01-23,1,Not as Described,585.35,2025-10-27 01:50:27
R003809,O0030819,P0338,C04819,2025-03-06,1,Damaged,817.73,2025-12-04 22:27:41
R003810,O0020196,P0332,C03879,2025-09-30,3,Changed Mind,345.99,2025-10-27 22:10:19
R003811,O0067118,P0279,C04648,2025-06-11,1,Not as Described,68.98,2025-08-26 06:08:16
R003812,O0065250,P0232,C04969,2025-05-20,1,Damaged,656.58,2025-05-02 03:53:48
R003813,O0082196,P0216,C03180,2025-10-22,2,Changed Mind,892.1,2025-04-01 05:06:44
R003814,O0012791,P0396,C01588,2026-09-10,1,Wrong Item,614.07,2026-09-19 06:09:57
R003815,O0042324,P0207,C03668,2025-03-16,1,Changed Mind,506.26,2025-01-07 23:58:03
R003816,O0003733,P0122,C04012,2025-11-02,3,Changed Mind,584.42,2025-05-06 00:35:16
R003817,O0065998,P0448,C01438,2025-04-13,3,Wrong Item,52.26,2025-03-23 19:09:01
R003818,O0065392,P0104,C04372,2026-02-17,2,Late Delivery,30.31,2025-09-24 07:16:09
R003819,O0077931,P0025,C01959,2025-10-17,2,Damaged,808.48,2026-04-28 00:04:11
R003820,O0003464,P0317,C04304,2026-03-14,1,Wrong Item,86.5,2025-03-19 22:12:49
R003821,O0053070,P0203,C03235,2025-01-26,2,Damaged,850.47,2026-01-24 12:53:23
R003822,O0035586,P0142,C04411,2026-03-13,3,Changed Mind,916.04,2025-09-06 03:15:43
R003823,O0070766,P0202,C01094,2025-05-09,1,Damaged,460.32,2025-03-11 01:23:42
R003824,O0012736,P0368,C01625,2026-01-07,1,Not as Described,742.94,2026-01-29 17:59:34
R003825,O0014533,P0204,C03691,2025-12-22,1,Changed Mind,458.98,2026-08-04 15:49:02
R003826,O0068223,P0089,C01030,2025-07-17,1,Late Delivery,692.11,2026-07-23 03:51:43
R003827,O0056487,P0215,C01400,2025-07-29,2,Not as Described,746.44,2025-02-26 06:38:19
R003828,O0009120,P0095,C02617,2025-10-21,1,Wrong Item,552.84,2025-06-23 03:16:47
R003829,O0097621,P0394,C01139,2025-07-10,3,Damaged,414.39,2026-09-28 08:31:42
R003830,O0009080,P0271,C00549,2025-10-06,3,Not as Described,826.26,2025-04-01 22:01:44
R003831,O0040862,P0041,C01568,2026-04-08,1,Changed Mind,210.22,2026-07-30 13:07:30
R003832,O0022434,P0303,C00883,2026-05-12,2,Wrong Item,541.79,2026-07-19 04:29:46
R003833,O0054030,P0409,C00037,2025-11-18,1,Damaged,723.72,2025-09-22 12:20:26
R003834,O0087193,P0068,C04551,2025-06-22,3,Late Delivery,166.38,2025-01-16 22:36:46
R003835,O0003726,P0459,C04564,2025-06-06,2,Changed Mind,312.05,2026-08-03 17:22:56
R003836,O0098619,P0475,C02235,2025-10-10,1,Changed Mind,941.5,2025-05-14 18:48:01
R003837,O0091939,P0337,C01005,2026-06-15,3,Wrong Item,286.46,2025-07-31 18:01:59
R003838,O0037456,P0228,C02865,2025-10-17,3,Late Delivery,972.87,2026-06-12 03:34:06
R003839,O0023175,P0483,C01421,2026-07-08,3,Late Delivery,18.92,2026-03-26 12:47:31
R003840,O0032555,P0498,C02522,2026-05-05,3,Damaged,662.17,2026-06-03 16:17:33
R003841,O0003604,P0008,C04910,2025-05-24,3,Damaged,805.65,2026-02-06 20:35:58
R003842,O0008983,P0047,C03503,2025-11-13,2,Late Delivery,301.23,2025-11-05 14:25:43
R003843,O0037148,P0066,C01276,2025-07-31,2,Late Delivery,239.32,2025-09-14 05:58:29
R003844,O0066051,P0316,C03466,2026-06-05,2,Late Delivery,87.48,2026-03-06 07:23:31
R003845,O0092983,P0484,C01121,2026-05-25,1,Damaged,743.69,2025-04-27 15:40:25
R003846,O0072843,P0068,C01312,2026-04-12,3,Late Delivery,766.65,2025-04-27 10:52:09
R003847,O0013943,P0076,C04285,2025-09-02,1,Damaged,535.01,2026-03-31 16:45:00
R003848,O0060459,P0117,C02890,2025-06-21,2,Wrong Item,190.94,2025-05-13 03:19:27
R003849,O9999999,P0071,C00671,2025-04-30,1,Not as Described,318.53,2025-12-06 07:41:49
R003850,O0091917,P0038,C03156,2025-12-14,2,Wrong Item,268.46,2026-05-07 22:44:35
R003851,O0065805,P0352,C03599,2025-10-07,3,Changed Mind,677.88,2026-08-18 04:25:59
R003852,O0010890,P0124,C02491,2025-10-19,2,Wrong Item,375.09,2025-09-03 17:27:32
R003853,O0030909,P0241,C02754,2026-09-04,2,Not as Described,842.01,2026-08-29 08:24:12
R003854,O0043176,P0478,C04598,2026-07-11,1,Changed Mind,805.88,2026-04-12 11:56:48
R003855,O0091915,P0208,C02296,2025-07-18,2,Damaged,563.87,2026-08-25 08:52:45
R003856,O0017951,P0061,C00958,2025-06-16,3,Wrong Item,296.78,2026-08-02 22:14:43
R003857,O9999999,P0452,C03640,2025-03-14,2,Wrong Item,195.72,2025-10-16 14:36:40
R003858,O0083519,P0192,C04718,2026-04-09,1,Damaged,-632.06,2025-04-22 14:32:33
R003859,O0099555,P0179,C03769,2026-01-17,2,Late Delivery,651.62,2025-06-26 13:04:14
R003860,O0013194,P0145,C04761,2025-02-03,2,Wrong Item,834.56,2025-02-27 20:08:12
R003861,O0065096,P0325,C03341,2025-09-14,3,Wrong Item,319.75,2026-04-13 22:37:36
R003862,O0018125,P0311,C01250,2026-08-13,3,Late Delivery,537.76,2026-08-04 14:34:16
R003863,O0000947,P0163,C02454,2026-08-07,2,Changed Mind,500.83,2025-04-09 20:59:28
R003864,O0095995,P0061,C01719,2026-09-05,2,Changed Mind,268.64,2025-07-27 17:39:12
R003865,O0023695,P0093,C02199,2025-12-31,3,Wrong Item,873.65,2025-01-09 22:10:52
R003866,O0065921,P0390,C02579,2026-06-08,3,Damaged,236.65,2025-09-23 15:24:00
R003867,O0070006,P0484,C03737,2025-02-11,3,Wrong Item,894.35,2025-10-28 15:43:23
R003868,O0066302,P0017,C01845,2025-01-01,1,Wrong Item,594.54,2025-01-26 11:23:36
R003869,O0083577,P0186,C00255,2025-01-20,2,Changed Mind,379.63,2026-08-04 07:26:11
R003870,O0032197,P0247,C01131,2026-06-21,2,Wrong Item,532.2,2026-03-11 16:06:04
R003871,O0015945,P0181,C01847,2025-10-15,2,Changed Mind,746.47,2026-02-20 11:42:52
R003872,O0062996,P0345,C01953,2025-03-23,2,Wrong Item,653.53,2026-09-14 01:05:59
R003873,O0012927,P0331,C01453,2025-10-10,3,Damaged,934.85,2026-05-27 06:12:49
R003874,O0076700,P0024,C01659,2025-05-20,2,Damaged,77.07,2025-04-17 05:10:30
R003875,O0031008,P0322,C04865,2025-09-02,3,Not as Described,195.28,2025-01-10 17:25:42
R003876,O0041928,P0278,C03853,2025-02-14,3,Not as Described,166.03,2025-12-21 23:52:06
R003877,O0056626,P0272,C00749,2025-04-08,2,Changed Mind,46.38,2025-10-14 09:11:14
R003878,O0040270,P0321,C03678,2026-04-28,1,Changed Mind,424.8,2026-09-16 03:51:47
R003879,O0091751,P0441,C03044,2025-10-25,3,Late Delivery,445.09,2025-04-27 13:34:40
R003880,O0052417,P0412,C02695,2026-06-01,2,Damaged,905.25,2025-08-14 20:19:44
R003881,O0072982,P0492,C04165,2026-04-26,2,Not as Described,944.84,2025-10-12 04:33:34
R003882,O0065655,P0308,C00883,2026-03-13,3,Wrong Item,569.71,2025-02-17 00:38:33
R003883,O0042314,P0369,C01232,2025-03-11,2,Late Delivery,669.65,2025-08-28 00:22:08
R003884,O0094021,P0070,C02126,2026-07-14,1,Wrong Item,451.28,2026-08-05 20:40:30
R003885,O0077512,P0364,C00209,2025-07-03,1,Late Delivery,902.94,2025-12-10 03:20:15
R003886,O0018344,P0444,C04283,2026-02-07,3,Not as Described,76.8,2025-06-18 20:13:29
R003887,O0003974,P0237,C01085,2026-09-30,2,Wrong Item,658.94,2026-07-21 07:10:22
R003888,O0062035,P0002,C04345,2025-12-12,1,Not as Described,823.9,2026-02-12 13:08:36
R003889,O0028444,P0430,C03535,2025-03-22,2,Late Delivery,399.41,2025-08-01 21:43:49
R003890,O0052301,P0438,C04357,2025-03-05,2,Not as Described,884.88,2025-02-07 08:00:20
R003891,O0029577,P0265,C00835,2025-07-06,1,Changed Mind,678.42,2025-05-08 15:04:55
R003892,O0079449,P0349,C02715,2025-01-13,3,Late Delivery,332.98,2026-03-14 09:40:36
R003893,O0065379,P0089,C02405,2025-08-13,3,Wrong Item,232.16,2026-01-08 22:01:42
R003894,O0093152,P0086,C04174,2025-05-09,3,Not as Described,18.38,2026-01-04 23:35:40
R003895,O0020737,P0121,C03813,2025-07-25,3,Changed Mind,211.42,2026-01-13 03:21:34
R003896,O0067014,P0363,C03754,2026-04-29,3,Damaged,164.32,2025-05-05 12:31:23
R003897,O0071669,P0156,C01707,2025-10-03,2,Wrong Item,312.01,2025-03-16 18:08:16
R003898,O0008276,P0471,C03123,2026-07-20,3,Changed Mind,162.7,2025-06-15 21:39:58
R003899,O0041664,P0255,C04072,2026-06-21,3,Not as Described,256.57,2026-09-30 18:41:23
R003900,O0098334,P0418,C00077,2025-12-14,3,Changed Mind,979.02,2026-07-01 09:59:55
R003901,O0099850,P0406,C04616,2025-10-29,3,Damaged,190.71,2026-08-01 14:24:19
R003902,O0046487,P0354,C04854,2025-09-19,1,Damaged,359.33,2025-10-02 11:01:23
R003903,O0075167,P0329,C00920,2026-09-19,2,Wrong Item,972.31,2025-05-17 14:54:01
R003904,O0001140,P0416,C01228,2025-09-26,2,Changed Mind,683.6,2025-03-30 02:17:30
R003905,O0059730,P0431,C00826,2025-06-05,1,Late Delivery,629.63,2026-08-05 09:44:38
R003906,O0035987,P0088,C00444,2026-06-03,1,Changed Mind,917.44,2026-01-31 22:06:41
R003907,O0058608,P0472,C00507,2026-08-30,2,Wrong Item,549.18,2025-02-12 21:42:56
R003908,O0091554,P0048,C03106,2025-12-09,3,Not as Described,87.75,2026-07-07 05:16:35
R003909,O0013722,P0002,C00729,2026-03-29,1,Wrong Item,771.74,2025-07-08 17:56:12
R003910,O0060140,P0372,C01300,2025-04-01,2,Not as Described,290.68,2026-01-11 16:45:02
R003911,O0032382,P0078,C03097,2026-06-02,1,Late Delivery,539.95,2026-03-21 15:21:48
R003912,O0067755,P0075,C01691,2025-04-14,1,Wrong Item,350.92,2025-11-04 07:32:27
R003913,O0077808,P0050,C03199,2026-09-06,3,Wrong Item,71.28,2026-08-22 04:34:00
R003914,O0003634,P0382,C04995,2025-11-11,1,Not as Described,748.5,2025-04-07 16:23:05
R003915,O0082286,P0487,C03199,2025-06-08,2,Not as Described,997.23,2025-03-16 19:24:10
R003916,O0075682,P0466,C03352,2026-07-03,2,Damaged,480.78,2025-02-08 15:33:06
R003917,O0061854,P0258,C00915,2025-02-22,3,Wrong Item,759.34,2025-12-27 17:01:41
R003918,O0024926,P0232,C03785,2025-02-10,1,Damaged,342.41,2025-05-16 23:37:23
R003919,O0007450,P0414,C00623,2025-04-28,1,Damaged,854.72,2026-02-16 02:06:33
R003920,O0004747,P0151,C04264,2025-03-18,2,Late Delivery,40.42,2026-09-16 12:17:17
R003921,O0098325,P0168,C04730,2025-10-24,3,Changed Mind,68.98,2026-07-10 02:12:36
R003922,O0073972,P0436,C03437,2026-05-06,1,Not as Described,939.64,2025-12-03 00:33:17
R003923,O0013481,P0485,C04179,2026-06-04,2,Late Delivery,830.12,2026-07-16 13:03:22
R003924,O0050860,P0081,C04528,2025-07-19,1,Changed Mind,242.12,2026-05-26 00:17:29
R003925,O0025785,P0057,C02070,2025-11-20,2,Damaged,312.47,2026-08-11 19:10:31
R003926,O0084523,P0430,C02067,2026-06-30,2,Late Delivery,780.31,2025-06-08 19:34:58
R003927,O0040997,P0051,C03462,2025-05-28,2,Wrong Item,867.74,2025-03-16 09:37:06
R003928,O0000849,P0359,C02630,2025-04-26,1,Damaged,376.89,2026-01-09 16:13:58
R003929,O0009824,P0157,C04540,2025-02-10,3,Damaged,782.19,2025-02-14 03:44:18
R003930,O0060148,P0118,C03811,2025-09-29,3,Changed Mind,396.59,2025-09-13 06:11:59
R003931,O0093596,P0230,C02409,2025-03-29,2,Not as Described,410.2,2025-10-01 04:37:35
R003932,O0024815,P0087,C03678,2025-07-07,3,Not as Described,929.54,2025-05-05 19:26:59
R003933,O0042263,P0061,C03261,2026-05-24,1,Not as Described,140.7,2025-06-06 13:39:36
R003934,O0087920,P0089,C04402,2026-05-08,3,Late Delivery,82.37,2026-01-03 18:06:38
R003935,O0081485,P0144,C05000,2025-10-26,1,Late Delivery,924.64,2026-06-20 11:23:05
R003936,O0033393,P0045,C03479,2025-09-20,1,Changed Mind,32.25,2026-02-17 02:42:25
R003937,O0041676,P0377,C04330,2025-06-22,2,Wrong Item,394.37,2025-04-29 09:58:17
R003938,O0078906,P0208,C02103,2025-08-14,3,Not as Described,724.5,2026-09-04 16:29:10
R003939,O0093521,P0292,C00862,2026-01-13,2,Damaged,355.76,2025-05-16 12:39:14
R003940,O0098716,P0497,C01191,2026-06-18,2,Wrong Item,152.82,2026-09-02 23:52:01
R003941,O0052922,P0270,C02281,2025-10-22,3,Late Delivery,436.55,2025-12-21 15:18:13
R003942,O0006607,P0497,C04554,2026-02-12,3,Damaged,933.58,2025-06-17 01:37:55
R003943,O0058478,P0310,C04967,2026-01-29,1,Not as Described,978.81,2026-09-24 11:54:53
R003944,O0079630,P0395,C01164,2026-02-12,1,Changed Mind,926.99,2025-09-04 20:32:25
R003945,O0089254,P0217,C00269,2026-09-17,1,Damaged,177.0,2026-07-15 14:02:58
R003946,O0017504,P0099,C00449,2025-05-06,1,Changed Mind,435.05,2026-09-25 21:47:57
R003947,O0043205,P0042,C00047,2026-09-19,3,Changed Mind,686.37,2026-01-09 14:48:04
R003948,O0084447,P0267,C01021,2026-07-02,2,Not as Described,966.67,2025-09-24 21:50:13
R003949,O0063133,P0177,C01187,2025-09-20,3,Wrong Item,995.15,2026-04-04 21:03:04
R003950,O0097099,P0470,C03589,2025-04-19,3,Wrong Item,734.74,2026-06-08 14:45:25
R003951,O0033214,P0130,C00822,2025-09-26,3,Not as Described,615.71,2025-10-27 01:13:42
R003952,O0039457,P0318,C04555,2025-03-18,1,Wrong Item,102.77,2026-06-21 16:38:35
R003953,O0047175,P0342,C03208,2025-05-14,1,Not as Described,61.72,2026-05-07 23:28:23
R003954,O0084379,P0416,C01178,2025-12-10,2,Wrong Item,118.31,2026-02-20 11:33:44
R003955,O0024208,P0221,C03051,2025-07-02,1,Damaged,533.27,2026-04-04 20:13:06
R003956,O0092973,P0308,C00470,2025-06-23,3,Late Delivery,688.78,2026-07-16 22:31:07
R003957,O0088645,P0334,C02227,2026-07-27,2,Wrong Item,259.06,2026-06-13 23:46:08
R003958,O0069464,P0045,C00117,2025-02-27,2,Changed Mind,678.11,2026-09-20 01:10:44
R003959,O0093450,P0320,C04358,2025-05-13,3,Damaged,978.44,2026-03-25 09:32:11
R003960,O0047168,P0016,C03862,2025-01-22,3,Changed Mind,610.01,2025-02-21 18:30:52
R003961,O0044725,P0228,C00898,2025-09-18,1,Damaged,456.89,2025-04-24 11:48:42
R003962,O0015650,P0220,C00222,2026-04-08,2,Wrong Item,456.42,2025-12-12 12:51:06
R003963,O0098112,P0331,C03052,2025-11-30,1,Wrong Item,244.29,2025-09-21 04:02:23
R003964,O0015610,P0215,C04735,2026-07-11,3,Damaged,930.81,2026-08-23 03:42:21
R003965,O0030740,P0390,C03354,2026-02-10,3,Not as Described,55.04,2025-09-15 18:22:30
R003966,O0059228,P0436,C04957,2026-08-11,3,Late Delivery,597.43,2025-05-10 00:36:19
R003967,O0063858,P0047,C04137,2025-04-28,1,Wrong Item,181.99,2025-08-10 22:46:55
R003968,O0071816,P0161,C02741,2025-07-09,3,Late Delivery,175.35,2025-04-06 12:38:21
R003969,O0039666,P0142,C04256,2025-12-10,1,Changed Mind,452.65,2025-07-01 22:57:59
R003970,O0046800,P0055,C02780,2026-07-09,1,Changed Mind,353.96,2025-03-14 01:52:13
R003971,O0016041,P0282,C00723,2025-01-12,3,Wrong Item,831.07,2026-02-26 07:19:24
R003972,O0012277,P0174,C01139,2025-03-30,2,Not as Described,501.32,2025-09-22 07:50:42
R003973,O0001287,P0356,C01880,2026-08-05,2,Damaged,830.15,2025-09-03 21:20:03
R003974,O0086941,P0128,C02583,2026-01-30,1,Late Delivery,104.35,2026-06-30 18:15:01
R003975,O0075639,P0404,C01633,2025-12-24,3,Late Delivery,421.0,2026-05-20 08:26:32
R003976,O0004449,P0165,C01006,2026-02-09,3,Wrong Item,444.69,2025-08-06 08:01:16
R003977,O0057077,P0057,C02963,2026-07-11,1,Changed Mind,649.54,2025-06-29 14:22:56
R003978,O0054012,P0001,C04211,2025-03-23,1,Changed Mind,804.02,2025-01-16 15:29:51
R003979,O0082385,P0394,C01508,2026-06-10,1,Changed Mind,772.76,2026-03-11 13:11:45
R003980,O0035375,P0221,C00252,2026-05-26,2,Late Delivery,706.85,2025-03-19 04:31:39
R003981,O0025773,P0391,C02227,2025-09-16,3,Not as Described,524.26,2026-06-02 06:54:19
R003982,O0060099,P0303,C00959,2025-05-23,2,Wrong Item,305.3,2025-07-08 02:13:53
R003983,O0034537,P0017,C04082,2025-09-07,3,Wrong Item,621.86,2026-09-19 10:22:22
R003984,O0022421,P0452,C02963,2025-06-09,1,Damaged,622.78,2025-10-05 14:45:10
R003985,O0075904,P0371,C00718,2025-04-26,3,Damaged,896.95,2026-04-28 21:32:54
R003986,O0094573,P0220,C00099,2026-06-13,1,Damaged,819.94,2026-05-25 13:13:06
R003987,O0008158,P0383,C04532,2025-07-18,2,Not as Described,821.53,2026-02-15 02:44:38
R003988,O0012389,P0206,C01634,2025-05-13,1,Wrong Item,37.93,2026-05-08 09:01:53
R003989,O0026373,P0401,C04442,2026-02-27,3,Changed Mind,402.84,2026-01-13 22:34:39
R003990,O0070444,P0244,C03506,2025-01-21,2,Not as Described,364.18,2026-08-03 10:40:26
R003991,O0085448,P0366,C03135,2025-12-06,2,Changed Mind,988.1,2026-03-02 16:15:21
R003992,O0051986,P0304,C00050,2025-10-21,1,Not as Described,738.46,2026-02-28 04:32:06
R003993,O0064578,P0392,C03989,2025-08-26,1,Not as Described,332.59,2026-08-03 16:07:29
R003994,O0007779,P0376,C00817,2025-07-11,2,Damaged,851.46,2025-09-16 22:21:57
R003995,O0099704,P0224,C03938,2026-01-08,3,Late Delivery,188.24,2025-11-09 21:05:51
R003996,O0038030,P0181,C02867,2026-07-18,2,Wrong Item,934.7,2025-12-29 02:21:27
R003997,O0011024,P0207,C00326,2026-07-05,1,Changed Mind,690.4,2026-03-25 09:03:29
R003998,O0038098,P0216,C03788,2026-03-02,3,Wrong Item,469.1,2025-09-14 12:28:38
R003999,O0048513,P0169,C00512,2026-08-12,1,Changed Mind,926.26,2026-06-28 04:09:16
R004000,O0075957,P0188,C03071,2025-02-20,2,Late Delivery,32.52,2025-10-26 15:48:56
R004001,O0068175,P0470,C04171,2025-04-17,1,Changed Mind,12.85,2026-06-29 23:14:00
R004002,O0032720,P0059,C02083,2025-07-06,1,Wrong Item,236.57,2026-08-26 00:29:02
R004003,O0018684,P0237,C02428,2026-09-14,1,Not as Described,296.84,2026-03-06 11:01:54
R004004,O0095563,P0109,C01946,2026-07-13,2,Late Delivery,350.17,2026-03-23 19:23:58
R004005,O0080041,P0219,C04302,2025-02-26,1,Damaged,448.23,2025-01-21 00:00:07
R004006,O0022015,P0001,C04842,2025-04-21,1,Changed Mind,538.24,2025-11-30 13:22:16
R004007,O0036615,P0322,C00916,2026-03-23,3,Wrong Item,766.41,2025-11-09 22:55:54
R004008,O0041900,P0029,C03480,2026-07-11,2,Wrong Item,849.34,2026-09-07 10:07:06
R004009,O0065925,P0057,C03611,2025-02-01,3,Late Delivery,765.63,2025-03-01 20:17:44
R004010,O0046754,P0489,C03836,2025-05-23,3,Late Delivery,628.5,2026-03-04 14:17:02
R004011,O0011643,P0238,C00878,2025-07-04,3,Not as Described,609.93,2025-04-02 10:54:41
R004012,O0004375,P0341,C03319,2026-03-12,1,Wrong Item,909.07,2025-01-18 01:02:41
R004013,O0059452,P0237,C04068,2025-08-17,3,Late Delivery,182.49,2026-01-14 00:14:31
R004014,O0071774,P0220,C01513,2025-06-28,2,Damaged,563.64,2025-07-21 22:51:56
R004015,O0067296,P0366,C04265,2025-08-31,3,Changed Mind,318.68,2026-08-04 16:19:33
R004016,O0031003,P0133,C04853,2026-07-18,1,Late Delivery,131.04,2025-10-19 00:22:56
R004017,O0056050,P0297,C04513,2025-12-05,3,Changed Mind,586.34,2025-10-01 08:35:42
R004018,O0060111,P0268,C02423,2025-12-28,2,Wrong Item,160.64,2025-04-12 13:43:48
R004019,O0062938,P0382,C02772,2025-05-12,2,Changed Mind,830.88,2025-09-21 02:01:59
R004020,O0042630,P0109,C00810,2026-05-13,1,Wrong Item,194.35,2026-03-19 07:44:59
R004021,O0015370,P0155,C03199,2026-07-18,1,Late Delivery,10.52,2026-07-06 09:38:21
R004022,O0004474,P0401,C00646,2025-11-09,3,Changed Mind,707.77,2026-01-20 11:34:58
R004023,O0036831,P0106,C02884,2025-10-14,3,Not as Described,-170.73,2025-05-07 23:39:24
R004024,O0019377,P0036,C01421,2025-10-02,2,Wrong Item,186.69,2026-02-17 06:16:06
R004025,O0039648,P0324,C03454,2026-06-08,3,Not as Described,163.95,2025-09-24 20:20:37
R004026,O0088052,P0089,C03297,2025-08-05,3,Damaged,535.65,2026-07-22 19:33:30
R004027,O0099556,P0459,C01448,2025-11-18,1,Wrong Item,165.7,2025-02-27 07:31:44
R004028,O0071487,P0098,C04449,2025-07-16,1,Not as Described,602.03,2025-04-06 20:15:10
R004029,O9999999,P0476,C00967,2026-06-05,2,Late Delivery,936.29,2025-09-20 08:31:01
R004030,O0060522,P0435,C00466,2025-12-06,2,Damaged,533.03,2025-01-01 01:25:49
R004031,O0015908,P0478,C01828,2026-01-29,2,Changed Mind,878.48,2026-03-30 13:57:52
R004032,O0099392,P0370,C04895,2025-06-16,2,Changed Mind,883.26,2025-05-01 15:53:45
R004033,O0045762,P0117,C02917,2025-07-13,1,Changed Mind,395.03,2026-07-18 13:13:36
R004034,O0062511,P0229,C00871,2025-09-09,3,Changed Mind,975.6,2026-08-10 11:29:04
R004035,O0058466,P0299,C04168,2025-04-07,3,Late Delivery,735.06,2026-02-05 20:40:08
R004036,O0040571,P0470,C01340,2025-12-25,2,Not as Described,623.18,2025-09-03 17:47:27
R004037,O0070547,P0213,C02521,2025-06-18,2,Changed Mind,11.81,2026-02-06 12:34:11
R004038,O0052851,P0361,C04565,2026-06-17,1,Changed Mind,273.74,2025-12-16 02:18:02
R004039,O0027490,P0397,C01396,2025-10-06,2,Late Delivery,278.51,2026-03-25 14:43:37
R004040,O0001938,P0299,C02190,2025-03-23,2,Damaged,721.25,2025-06-30 03:33:34
R004041,O0089938,P0250,C03995,2026-06-24,2,Not as Described,935.67,2026-07-16 07:11:08
R004042,O0073291,P0447,C00030,2026-03-25,2,Late Delivery,64.32,2026-02-25 02:59:43
R004043,O0089860,P0422,C00916,2026-09-02,2,Changed Mind,505.01,2025-03-04 10:43:48
R004044,O0066057,P0465,C02199,2026-05-14,2,Wrong Item,958.36,2026-04-27 01:01:44
R004045,O0043939,P0464,C02060,2025-07-07,2,Not as Described,590.67,2025-11-01 11:42:21
R004046,O0032251,P0168,C02420,2026-05-06,1,Late Delivery,491.39,2026-04-20 14:08:08
R004047,O0005645,P0008,C01273,2026-07-10,1,Late Delivery,421.29,2026-05-18 14:13:39
R004048,O0038176,P0137,C02263,2026-02-22,1,Not as Described,309.94,2025-12-06 10:32:37
R004049,O0088212,P0123,C01825,2026-02-04,1,Changed Mind,956.17,2025-08-02 10:29:46
R004050,O0057305,P0399,C04857,2025-08-16,1,Damaged,461.65,2026-01-29 09:27:40
R004051,O0089400,P0383,C03870,2025-02-25,3,Not as Described,328.7,2025-11-14 07:01:11
R004052,O0008978,P0028,C01685,2025-07-04,3,Not as Described,133.8,2026-03-12 15:10:20
R004053,O0058601,P0187,C01000,2026-06-04,1,Late Delivery,66.67,2025-04-01 20:45:09
R004054,O0074753,P0388,C02524,2026-07-17,2,Not as Described,104.82,2025-12-18 16:20:38
R004055,O0081154,P0371,C00270,2025-05-15,2,Wrong Item,659.09,2025-01-02 07:22:51
R004056,O0006719,P0202,C04109,2026-09-01,1,Damaged,742.32,2025-06-08 05:42:13
R004057,O0042130,P0117,C04939,2025-07-10,3,Late Delivery,719.72,2026-01-20 16:00:36
R004058,O0028148,P0046,C01224,2026-02-24,3,Wrong Item,39.44,2026-03-24 04:09:04
R004059,O0017794,P0364,C00626,2026-08-27,1,Late Delivery,319.49,2025-02-26 17:59:38
R004060,O0052925,P0058,C03912,2025-11-08,3,Wrong Item,666.63,2025-03-21 16:06:15
R004061,O0063134,P0451,C03314,2025-11-21,3,Changed Mind,919.66,2026-04-29 16:54:21
R004062,O0062716,P0031,C02278,2025-04-04,2,Late Delivery,513.62,2026-03-15 23:00:05
R004063,O0017391,P0208,C03157,2026-09-03,1,Not as Described,956.79,2025-11-10 20:10:21
R004064,O0042894,P0497,C00886,2025-12-16,2,Not as Described,918.48,2025-12-01 07:16:18
R004065,O0048218,P0118,C04968,2026-07-16,1,Wrong Item,783.12,2026-01-03 04:27:32
R004066,O0044865,P0451,C01051,2025-04-16,1,Wrong Item,741.97,2026-05-02 12:22:44
R004067,O0086376,P0372,C02478,2025-05-20,2,Wrong Item,382.32,2025-09-08 11:26:56
R004068,O0033724,P0458,C01646,2026-06-02,1,Damaged,828.5,2026-05-22 11:03:50
R004069,O0048344,P0373,C03840,2025-03-20,2,Not as Described,-331.16,2025-10-10 20:13:51
R004070,O0078624,P0046,C00476,2026-05-12,1,Damaged,137.94,2026-05-13 14:40:14
R004071,O0051784,P0468,C00504,2025-06-14,2,Changed Mind,104.92,2025-02-18 09:13:57
R004072,O0060208,P0391,C01490,2025-11-04,2,Not as Described,344.82,2025-04-28 15:08:19
R004073,O0084424,P0331,C04104,2026-01-05,1,Wrong Item,859.39,2025-08-31 12:10:52
R004074,O0090396,P0015,C03907,2026-07-09,2,Late Delivery,98.05,2025-06-02 17:39:05
R004075,O0098000,P0316,C02231,2026-07-01,2,Changed Mind,670.07,2026-03-04 08:06:43
R004076,O0054887,P0004,C00681,2025-07-30,2,Late Delivery,635.93,2025-09-20 15:42:55
R004077,O0070962,P0036,C01815,2026-07-20,3,Late Delivery,784.74,2025-08-02 14:55:47
R004078,O0011008,P0067,C00061,2026-08-29,2,Wrong Item,226.32,2026-06-02 16:02:50
R004079,O0076621,P0250,C00638,2026-09-27,2,Late Delivery,317.26,2026-05-23 06:49:23
R004080,O0061407,P0342,C03802,2025-01-10,1,Wrong Item,58.64,2025-03-10 23:38:32
R004081,O0022281,P0208,C04745,2026-01-08,1,Not as Described,54.36,2026-09-09 21:58:37
R004082,O0000881,P0180,C02413,2025-08-16,1,Changed Mind,110.72,2025-01-20 16:00:06
R004083,O0061857,P0090,C04640,2025-09-18,1,Late Delivery,104.14,2026-09-22 11:25:55
R004084,O0001303,P0086,C04933,2026-03-31,1,Not as Described,849.33,2025-04-19 12:00:43
R004085,O0081989,P0199,C03014,2025-03-30,2,Late Delivery,968.12,2025-03-22 04:51:02
R004086,O0098000,P0234,C01575,2026-08-31,2,Wrong Item,675.49,2025-05-13 00:21:28
R004087,O0079686,P0149,C03106,2026-07-18,1,Damaged,723.46,2025-12-18 01:28:38
R004088,O0037047,P0479,C04519,2025-07-04,2,Not as Described,265.29,2025-06-17 00:33:43
R004089,O0046772,P0271,C03633,2025-07-31,2,Damaged,474.47,2026-04-30 15:58:55
R004090,O0021827,P0123,C00428,2026-03-26,1,Late Delivery,628.29,2026-01-09 05:02:05
R004091,O0098425,P0474,C04472,2025-07-27,1,Not as Described,466.23,2025-01-09 09:22:09
R004092,O0000583,P0359,C00495,2026-06-09,3,Wrong Item,-527.27,2025-09-20 10:26:49
R004093,O0078034,P0347,C03789,2025-03-01,3,Late Delivery,978.15,2026-01-07 17:45:25
R004094,O0045157,P0070,C01629,2026-05-05,2,Late Delivery,713.45,2025-08-05 05:12:44
R004095,O0094736,P0237,C02831,2025-11-28,1,Wrong Item,113.56,2025-08-31 06:39:34
R004096,O0087388,P0055,C03560,2026-05-01,3,Wrong Item,286.28,2025-06-09 08:53:31
R004097,O0048668,P0396,C02278,2026-09-04,1,Damaged,816.18,2025-01-30 19:03:22
R004098,O0035023,P0386,C02681,2025-12-02,1,Damaged,215.14,2026-07-06 13:07:16
R004099,O0091570,P0317,C01877,2025-07-18,1,Late Delivery,154.2,2025-02-18 04:52:48
R004100,O0001681,P0106,C00110,2025-10-06,3,Wrong Item,400.62,2025-11-16 14:47:07
R004101,O0084575,P0498,C04801,2026-06-18,1,Changed Mind,63.45,2025-08-20 16:34:15
R004102,O0003805,P0060,C01654,2025-06-23,2,Not as Described,522.46,2025-02-17 11:41:09
R004103,O0008117,P0122,C02716,2025-02-27,1,Changed Mind,693.68,2025-09-21 10:11:49
R004104,O0028283,P0060,C01249,2025-05-18,2,Late Delivery,640.65,2026-01-24 11:26:46
R004105,O0097817,P0131,C01459,2025-08-30,3,Wrong Item,468.43,2026-02-25 04:19:46
R004106,O0088303,P0086,C03688,2026-05-11,1,Wrong Item,379.76,2026-04-26 23:02:16
R004107,O0068267,P0096,C01031,2026-07-24,2,Wrong Item,273.56,2025-02-03 21:17:10
R004108,O0010368,P0486,C03577,2026-04-06,1,Late Delivery,79.83,2026-08-28 17:25:27
R004109,O0044830,P0049,C03387,2026-02-27,2,Damaged,393.24,2025-03-07 14:30:22
R004110,O0092944,P0137,C04806,2025-11-16,3,Wrong Item,735.15,2026-07-04 07:40:39
R004111,O0099026,P0340,C03022,2025-03-09,1,Late Delivery,678.68,2025-10-24 07:54:38
R004112,O0087314,P0353,C03146,2026-01-27,2,Late Delivery,82.99,2025-03-02 14:47:53
R004113,O0045034,P0432,C03928,2026-02-18,1,Changed Mind,325.53,2025-03-14 11:13:18
R004114,O0085402,P0061,C02419,2026-06-24,3,Not as Described,297.97,2026-01-11 23:26:48
R004115,O0000537,P0485,C01951,2025-04-26,2,Not as Described,777.97,2025-05-23 10:15:59
R004116,O0057980,P0436,C04763,2026-06-19,1,Not as Described,194.9,2025-05-29 08:12:40
R004117,O0081178,P0002,C00612,2025-10-24,2,Late Delivery,431.44,2025-07-03 01:07:23
R004118,O0023717,P0441,C00190,2026-09-25,1,Late Delivery,12.75,2025-08-21 07:36:58
R004119,O0020694,P0269,C02105,2025-02-22,2,Wrong Item,35.53,2026-04-09 08:26:40
R004120,O0078755,P0457,C03940,2025-04-02,1,Damaged,531.25,2025-06-28 23:03:43
R004121,O0053215,P0185,C00878,2025-03-27,1,Not as Described,49.18,2026-05-30 22:47:25
R004122,O0029193,P0396,C04301,2025-05-28,1,Changed Mind,336.66,2026-06-22 01:35:19
R004123,O0015599,P0235,C01739,2025-10-14,3,Wrong Item,971.8,2025-06-20 18:45:06
R004124,O0097258,P0377,C03497,2026-06-03,2,Late Delivery,858.8,2026-09-11 12:49:27
R004125,O0069796,P0080,C00880,2025-04-21,1,Not as Described,129.1,2026-09-13 14:24:27
R004126,O0005317,P0411,C03362,2026-07-03,3,Late Delivery,127.79,2025-09-24 13:51:45
R004127,O0008694,P0232,C01443,2025-01-12,2,Changed Mind,460.39,2025-01-01 02:29:20
R004128,O0050152,P0318,C03046,2026-08-16,1,Damaged,587.32,2026-02-07 03:12:38
R004129,O0027546,P0486,C01093,2026-04-28,2,Damaged,123.27,2026-03-06 12:12:16
R004130,O0048208,P0314,C04719,2025-12-07,2,Wrong Item,263.33,2026-03-26 03:36:28
R004131,O0002928,P0184,C01055,2025-06-04,1,Wrong Item,802.51,2026-04-20 01:37:38
R004132,O0056232,P0027,C00633,2025-10-16,1,Changed Mind,439.45,2025-05-05 03:40:50
R004133,O0030637,P0165,C04410,2026-09-09,3,Changed Mind,790.16,2026-06-23 09:59:46
R004134,O0036193,P0257,C01315,2025-02-10,3,Not as Described,573.42,2025-11-20 02:21:18
R004135,O0046478,P0051,C03557,2025-02-19,1,Damaged,732.4,2025-08-29 21:24:21
R004136,O0019391,P0256,C02466,2025-06-27,2,Damaged,791.69,2026-03-30 23:50:16
R004137,O0070665,P0307,C04079,2026-06-11,1,Damaged,49.13,2025-07-28 05:38:39
R004138,O0047800,P0420,C03500,2026-01-15,3,Late Delivery,999.15,2026-05-02 17:56:19
R004139,O0058046,P0172,C04946,2025-04-26,1,Wrong Item,271.55,2025-02-01 06:22:34
R004140,O0088273,P0448,C04158,2025-05-20,3,Wrong Item,900.09,2026-02-10 22:51:25
R004141,O0079168,P0043,C02260,2025-12-23,3,Damaged,18.72,2025-03-24 17:29:18
R004142,O9999999,P0072,C02139,2025-06-18,2,Wrong Item,381.0,2026-03-14 20:05:00
R004143,O0048765,P0051,C04511,2025-06-13,3,Late Delivery,894.76,2025-11-22 08:38:11
R004144,O0005055,P0442,C00840,2025-02-01,1,Changed Mind,578.75,2025-02-19 15:35:33
R004145,O0087165,P0311,C01257,2025-01-31,2,Not as Described,378.25,2026-02-11 22:42:36
R004146,O0065092,P0013,C01240,2025-06-29,3,Changed Mind,741.55,2025-01-17 11:05:49
R004147,O0022105,P0157,C04728,2026-03-26,3,Damaged,905.88,2025-08-17 01:14:46
R004148,O0058892,P0279,C04674,2025-09-28,1,Not as Described,681.81,2025-12-27 01:46:20
R004149,O0060985,P0245,C01531,2025-09-18,2,Wrong Item,531.03,2025-07-24 08:54:00
R004150,O0039309,P0365,C01257,2025-01-13,3,Damaged,731.63,2026-02-19 14:03:43
R004151,O0009189,P0378,C02614,2026-09-13,2,Not as Described,634.17,2026-02-08 14:16:14
R004152,O0054164,P0032,C04358,2026-04-24,3,Changed Mind,74.64,2025-05-25 08:15:12
R004153,O0009520,P0191,C01753,2026-08-23,1,Not as Described,681.03,2026-01-03 08:22:23
R004154,O0013487,P0270,C03414,2026-07-13,2,Not as Described,456.05,2026-02-20 22:05:03
R004155,O0009219,P0179,C04547,2025-01-31,1,Late Delivery,154.68,2025-12-24 05:31:05
R004156,O0011215,P0365,C02928,2025-12-29,2,Changed Mind,348.45,2026-02-01 08:14:02
R004157,O0059027,P0328,C01698,2025-04-24,2,Damaged,928.24,2025-08-08 16:11:21
R004158,O0035090,P0125,C03439,2025-09-01,2,Damaged,682.1,2025-10-01 00:21:26
R004159,O0060870,P0221,C01765,2026-03-06,1,Damaged,791.73,2025-10-26 08:19:48
R004160,O0084688,P0132,C02981,2025-09-11,1,Changed Mind,393.4,2026-03-22 06:36:47
R004161,O0086439,P0088,C03287,2025-05-02,2,Late Delivery,357.02,2025-09-04 04:35:39
R004162,O0028429,P0293,C01881,2026-01-10,1,Not as Described,235.3,2026-07-29 08:25:27
R004163,O0043966,P0463,C00202,2025-03-06,1,Wrong Item,808.62,2026-03-31 06:43:23
R004164,O0076267,P0315,C02219,2025-04-22,2,Late Delivery,114.0,2026-07-11 12:33:57
R004165,O0080191,P0419,C02563,2025-02-07,1,Not as Described,76.2,2025-12-01 04:18:12
R004166,O0059627,P0477,C02435,2025-09-28,3,Damaged,254.6,2025-02-08 02:56:19
R004167,O0030009,P0059,C01668,2025-06-08,1,Not as Described,983.26,2025-09-28 10:59:18
R004168,O0085915,P0446,C01936,2026-08-19,3,Wrong Item,123.08,2026-02-03 06:37:53
R004169,O0017743,P0376,C04559,2025-01-01,3,Late Delivery,116.23,2025-10-13 17:49:10
R004170,O0016236,P0155,C02364,2026-02-17,3,Changed Mind,745.06,2025-03-30 03:57:23
R004171,O0005817,P0242,C01119,2026-01-21,1,Changed Mind,157.1,2026-04-21 06:54:59
R004172,O0034040,P0405,C01222,2026-08-21,3,Damaged,651.72,2025-02-01 08:02:29
R004173,O0082491,P0038,C04514,2025-01-14,2,Damaged,787.01,2026-08-15 02:40:22
R004174,O0034036,P0373,C04913,2025-01-19,1,Not as Described,528.32,2026-02-26 23:28:17
R004175,O0075314,P0178,C02875,2026-04-22,2,Late Delivery,835.43,2025-01-16 19:17:40
R004176,O0081338,P0276,C04295,2025-06-22,1,Not as Described,451.35,2026-09-27 08:55:05
R004177,O0008849,P0248,C00095,2025-06-22,1,Late Delivery,258.18,2026-08-17 08:29:37
R004178,O0023815,P0014,C01326,2026-09-20,1,Changed Mind,385.38,2025-08-13 03:39:07
R004179,O0080861,P0478,C02914,2026-01-01,3,Damaged,676.3,2025-03-03 02:08:44
R004180,O0064830,P0237,C00602,2026-02-19,2,Not as Described,979.93,2025-08-06 07:41:37
R004181,O0078809,P0070,C02288,2026-03-14,2,Late Delivery,-985.86,2025-02-04 06:32:16
R004182,O0040999,P0035,C00647,2026-05-20,2,Changed Mind,706.46,2026-02-13 21:47:21
R004183,O0057833,P0329,C00935,2025-10-28,2,Not as Described,61.3,2025-03-28 18:20:59
R004184,O0080879,P0227,C01809,2025-12-02,2,Wrong Item,458.96,2025-08-27 09:36:25
R004185,O0089213,P0312,C04723,2026-07-11,1,Late Delivery,525.11,2026-04-19 22:59:14
R004186,O0004237,P0374,C01335,2026-07-29,1,Changed Mind,70.77,2025-07-29 09:19:02
R004187,O0046055,P0169,C02189,2025-05-19,2,Changed Mind,842.67,2025-04-18 00:00:49
R004188,O0097140,P0201,C04044,2025-05-18,1,Damaged,29.0,2025-05-27 08:47:01
R004189,O0043051,P0411,C00987,2026-07-25,2,Late Delivery,638.23,2025-12-15 08:34:07
R004190,O0039957,P0495,C00502,2026-09-27,2,Not as Described,264.62,2026-08-07 10:16:47
R004191,O0052677,P0404,C03245,2026-01-28,1,Changed Mind,790.07,2025-05-23 22:19:48
R004192,O0001296,P0059,C00905,2025-02-21,1,Damaged,84.65,2025-06-03 05:06:36
R004193,O0007562,P0287,C03848,2026-04-01,3,Wrong Item,375.86,2025-09-26 05:01:17
R004194,O0028690,P0101,C03892,2025-05-22,2,Late Delivery,794.21,2026-02-15 21:48:51
R004195,O0085334,P0158,C02786,2026-08-21,2,Changed Mind,139.11,2025-01-24 14:07:26
R004196,O0080437,P0330,C01082,2025-07-09,2,Wrong Item,303.49,2025-10-03 10:47:01
R004197,O0096720,P0176,C04607,2025-11-04,2,Wrong Item,321.93,2026-05-31 12:06:24
R004198,O0014796,P0466,C04443,2025-02-28,3,Changed Mind,715.46,2026-03-13 22:39:39
R004199,O0005439,P0255,C02266,2025-11-13,3,Wrong Item,842.7,2025-11-01 12:11:57
R004200,O0010156,P0455,C00415,2025-01-03,3,Changed Mind,852.89,2026-09-26 09:58:23
R004201,O0095550,P0189,C01571,2025-05-28,1,Not as Described,930.83,2025-02-07 01:59:26
R004202,O0049590,P0093,C00026,2026-05-19,3,Changed Mind,470.77,2026-09-14 05:37:53
R004203,O0098830,P0170,C01812,2026-01-27,1,Late Delivery,842.74,2026-07-12 22:55:45
R004204,O0010521,P0044,C01543,2025-02-19,1,Not as Described,26.19,2025-07-05 07:07:53
R004205,O0010281,P0330,C01102,2025-02-15,1,Changed Mind,297.56,2025-10-17 19:04:26
R004206,O0027546,P0048,C02142,2026-01-28,1,Not as Described,179.98,2026-03-29 04:14:37
R004207,O0033790,P0498,C02993,2025-05-07,2,Not as Described,959.84,2025-09-07 09:54:37
R004208,O0060686,P0405,C03764,2025-10-17,1,Damaged,325.76,2025-12-25 15:58:31
R004209,O0003474,P0390,C00107,2025-09-05,1,Wrong Item,91.13,2025-12-26 22:50:15
R004210,O0069098,P0163,C00304,2025-04-06,2,Not as Described,321.97,2026-05-10 15:36:12
R004211,O0034608,P0479,C03187,2025-05-04,1,Wrong Item,186.81,2025-08-18 14:41:24
R004212,O0045356,P0020,C02475,2026-05-05,1,Wrong Item,196.45,2025-06-09 18:54:24
R004213,O0088188,P0182,C03965,2025-06-24,1,Changed Mind,618.36,2025-10-12 01:13:30
R004214,O0014731,P0341,C01301,2025-04-16,2,Late Delivery,667.89,2026-06-19 05:29:17
R004215,O0033395,P0268,C03446,2025-07-29,1,Not as Described,524.5,2026-06-26 03:16:18
R004216,O0092778,P0135,C01071,2025-11-18,1,Changed Mind,732.78,2026-01-12 17:50:16
R004217,O0074440,P0409,C04551,2025-04-02,3,Changed Mind,407.88,2025-04-05 04:12:33
R004218,O0097843,P0408,C03474,2025-04-05,1,Late Delivery,954.1,2025-12-17 11:21:37
R004219,O0002284,P0093,C04340,2025-02-15,3,Wrong Item,878.27,2026-02-07 01:54:57
R004220,O0002831,P0037,C04096,2025-05-16,3,Changed Mind,816.62,2025-04-14 19:01:34
R004221,O0095799,P0301,C00858,2025-12-22,3,Late Delivery,851.55,2026-03-20 23:52:32
R004222,O0032076,P0298,C03923,2025-10-27,2,Not as Described,906.05,2025-09-30 14:02:28
R004223,O0002070,P0145,C00641,2025-05-16,2,Changed Mind,961.6,2025-05-18 07:17:04
R004224,O0034685,P0123,C01815,2025-03-29,1,Wrong Item,324.83,2025-04-29 00:36:28
R004225,O0039005,P0248,C04173,2026-05-03,2,Wrong Item,568.66,2025-10-03 08:42:34
R004226,O0041859,P0429,C04414,2026-05-12,1,Late Delivery,439.93,2025-03-07 21:42:36
R004227,O0021549,P0345,C04908,2026-08-03,3,Damaged,679.99,2026-04-23 16:03:17
R004228,O0099334,P0131,C04341,2025-08-01,2,Changed Mind,535.85,2025-09-19 07:47:04
R004229,O0036854,P0452,C03852,2025-08-19,3,Not as Described,766.07,2025-02-14 12:46:03
R004230,O0079544,P0247,C03955,2025-07-05,2,Not as Described,808.44,2026-04-18 20:14:17
R004231,O0069321,P0081,C04745,2025-03-18,3,Late Delivery,513.18,2026-09-04 00:48:43
R004232,O0081401,P0030,C00633,2025-11-21,3,Late Delivery,273.02,2026-08-26 20:16:27
R004233,O0024576,P0313,C00589,2026-02-24,3,Late Delivery,973.3,2026-07-16 03:41:19
R004234,O0077668,P0006,C01596,2026-03-15,1,Damaged,410.39,2026-08-07 14:42:43
R004235,O0006797,P0309,C02414,2025-06-15,1,Not as Described,59.62,2025-06-27 14:46:30
R004236,O0052369,P0345,C02983,2025-11-05,2,Late Delivery,628.32,2026-07-05 19:11:59
R004237,O0031552,P0248,C03592,2026-05-09,3,Damaged,83.33,2025-02-03 06:25:54
R004238,O0090040,P0320,C02607,2026-04-27,2,Damaged,812.5,2026-09-16 22:18:38
R004239,O0096566,P0199,C00240,2025-12-16,3,Late Delivery,206.87,2026-03-19 02:43:10
R004240,O0005113,P0060,C03672,2025-05-21,3,Late Delivery,916.32,2026-02-04 21:47:13
R004241,O0005335,P0100,C04593,2026-01-27,3,Wrong Item,305.05,2025-02-17 16:55:20
R004242,O0020897,P0371,C03196,2025-01-04,2,Damaged,398.42,2025-10-13 19:37:42
R004243,O0037803,P0496,C01201,2025-01-01,2,Wrong Item,15.29,2025-03-08 16:24:28
R004244,O0036528,P0052,C01038,2025-02-14,1,Damaged,668.04,2025-12-12 17:18:41
R004245,O0057548,P0206,C02406,2026-09-05,3,Wrong Item,925.16,2025-01-06 22:59:47
R004246,O0034335,P0240,C02243,2026-01-11,3,Not as Described,417.18,2025-03-19 18:27:48
R004247,O0050528,P0279,C03122,2025-03-06,3,Not as Described,766.63,2026-07-18 03:49:15
R004248,O0010023,P0375,C04225,2026-01-11,1,Changed Mind,955.45,2025-10-18 06:56:52
R004249,O0084446,P0278,C00528,2026-06-19,2,Damaged,583.86,2025-01-08 07:39:06
R004250,O0011613,P0243,C02912,2026-06-21,3,Wrong Item,149.72,2026-04-02 12:49:53
R004251,O0084845,P0137,C04050,2026-05-31,1,Wrong Item,218.78,2026-01-14 11:59:28
R004252,O0075517,P0479,C04002,2025-04-15,2,Late Delivery,819.43,2026-08-15 11:25:46
R004253,O0013992,P0056,C00953,2025-02-16,3,Damaged,625.05,2025-11-21 06:35:41
R004254,O0090016,P0264,C04314,2026-06-07,3,Late Delivery,681.96,2026-06-13 04:21:58
R004255,O0058902,P0096,C02874,2025-09-28,1,Changed Mind,148.2,2025-12-08 03:46:15
R004256,O0057211,P0045,C03471,2025-06-18,2,Wrong Item,725.07,2025-01-04 15:01:02
R004257,O0078110,P0049,C04176,2025-08-30,2,Changed Mind,226.07,2025-03-15 14:52:55
R004258,O0000996,P0427,C03893,2026-07-24,3,Late Delivery,262.76,2026-07-26 15:47:53
R004259,O0032423,P0320,C02653,2026-05-09,1,Not as Described,868.23,2025-12-17 19:29:53
R004260,O0037951,P0235,C04671,2025-10-19,1,Changed Mind,789.84,2025-10-06 21:14:07
R004261,O0099168,P0142,C00505,2025-09-30,3,Late Delivery,934.22,2026-04-20 19:27:40
R004262,O0015780,P0304,C00964,2026-07-29,3,Late Delivery,429.59,2025-08-01 13:28:55
R004263,O0080564,P0387,C01938,2025-11-30,3,Wrong Item,635.97,2025-03-10 00:10:18
R004264,O0070369,P0394,C00914,2025-04-22,1,Late Delivery,681.77,2026-08-10 08:10:34
R004265,O0029646,P0172,C01777,2025-08-20,1,Not as Described,306.65,2026-08-08 15:23:33
R004266,O0064875,P0440,C04295,2025-10-27,3,Not as Described,905.35,2026-08-31 23:40:16
R004267,O0024170,P0327,C04992,2026-04-09,3,Late Delivery,537.18,2025-05-13 14:18:30
R004268,O0090473,P0484,C01003,2025-07-23,2,Changed Mind,654.38,2026-04-08 00:04:24
R004269,O0084111,P0157,C00483,2025-08-29,3,Wrong Item,869.79,2026-08-10 14:11:49
R004270,O0037000,P0351,C04598,2025-03-02,1,Late Delivery,314.54,2026-07-27 22:55:40
R004271,O0046043,P0173,C03582,2025-10-02,2,Changed Mind,148.17,2025-05-26 08:07:40
R004272,O0034852,P0399,C04801,2026-04-15,2,Wrong Item,882.13,2026-08-27 12:38:41
R004273,O0011344,P0348,C01617,2026-03-22,1,Not as Described,347.87,2025-07-07 08:02:38
R004274,O0045162,P0393,C01533,2026-04-11,1,Damaged,100.27,2026-04-30 15:40:19
R004275,O0032983,P0074,C01651,2026-02-27,1,Late Delivery,864.04,2026-04-12 07:44:22
R004276,O0097409,P0372,C01042,2025-02-09,1,Wrong Item,299.37,2026-04-28 12:29:35
R004277,O0035551,P0452,C00469,2026-06-14,1,Not as Described,331.51,2026-09-07 07:42:23
R004278,O0000360,P0089,C03303,2026-03-13,1,Not as Described,347.89,2025-02-16 14:34:32
R004279,O0064867,P0289,C00159,2026-08-25,1,Wrong Item,106.06,2025-05-08 22:22:29
R004280,O0053080,P0219,C00133,2026-09-04,1,Damaged,531.21,2025-06-11 21:35:14
R004281,O0064302,P0177,C00900,2025-01-27,3,Changed Mind,949.77,2026-01-14 06:43:38
R004282,O0015316,P0130,C02214,2026-04-07,3,Late Delivery,551.72,2026-07-11 01:05:50
R004283,O0087306,P0275,C00508,2025-07-24,1,Not as Described,-799.63,2026-03-11 16:05:03
R004284,O0030779,P0156,C00096,2026-07-15,1,Late Delivery,314.79,2025-10-31 12:46:04
R004285,O0007879,P0486,C03270,2026-03-25,3,Changed Mind,415.33,2026-08-26 19:14:04
R004286,O0033104,P0297,C00176,2025-12-13,3,Wrong Item,-665.24,2026-06-08 08:30:12
R004287,O0006188,P0439,C03753,2025-08-31,3,Not as Described,748.03,2025-10-05 04:17:27
R004288,O0030336,P0121,C00149,2026-01-02,2,Late Delivery,82.84,2026-07-25 02:21:58
R004289,O0011627,P0231,C03613,2025-04-10,3,Not as Described,83.91,2025-12-13 13:48:01
R004290,O0071385,P0342,C00778,2025-04-24,1,Damaged,805.37,2026-01-21 14:24:58
R004291,O0072302,P0255,C00901,2026-01-08,3,Late Delivery,595.56,2025-12-03 18:38:55
R004292,O0086275,P0148,C00661,2025-08-25,3,Late Delivery,346.25,2026-07-18 06:28:27
R004293,O0051227,P0222,C00829,2026-03-16,1,Late Delivery,141.96,2025-06-12 13:34:46
R004294,O0021748,P0006,C00186,2025-06-14,2,Not as Described,441.16,2026-02-07 12:46:49
R004295,O0050172,P0418,C03136,2026-02-06,3,Not as Described,874.63,2025-06-28 03:40:55
R004296,O0081977,P0038,C04825,2025-03-11,2,Wrong Item,937.83,2025-03-06 10:34:18
R004297,O0031577,P0485,C01634,2026-04-25,3,Damaged,983.27,2026-08-09 05:08:32
R004298,O0014079,P0392,C03908,2025-12-12,1,Wrong Item,373.48,2025-03-12 22:34:58
R004299,O0062190,P0202,C02023,2025-02-18,1,Late Delivery,900.25,2026-07-19 17:00:51
R004300,O0003904,P0207,C04978,2025-10-04,2,Wrong Item,781.12,2026-01-14 17:17:47
R004301,O0029200,P0319,C01773,2026-01-23,1,Not as Described,147.56,2025-07-28 21:56:26
R004302,O0042875,P0239,C01145,2025-10-19,2,Damaged,347.87,2026-08-06 02:20:29
R004303,O0016375,P0069,C00949,2026-05-10,3,Late Delivery,26.43,2025-09-08 17:08:45
R004304,O0052239,P0154,C02228,2025-08-03,3,Damaged,379.56,2026-06-19 12:14:27
R004305,O0071508,P0175,C04710,2026-01-21,3,Late Delivery,800.75,2025-12-01 01:49:06
R004306,O0053729,P0473,C04320,2025-04-18,2,Late Delivery,473.9,2025-05-02 22:20:13
R004307,O9999999,P0162,C00789,2025-11-09,1,Wrong Item,494.12,2025-03-22 21:40:27
R004308,O0028801,P0450,C04170,2026-02-13,3,Late Delivery,422.02,2025-06-30 06:00:59
R004309,O0055128,P0367,C01402,2026-02-21,3,Changed Mind,670.03,2026-09-26 06:02:16
R004310,O0005176,P0468,C02712,2025-02-21,1,Changed Mind,985.74,2026-08-08 21:53:52
R004311,O0019463,P0439,C00398,2025-08-11,2,Changed Mind,255.78,2026-02-03 00:05:18
R004312,O0023326,P0261,C03940,2025-10-20,3,Changed Mind,833.86,2025-10-18 21:19:11
R004313,O0013332,P0467,C04114,2025-12-11,3,Wrong Item,226.78,2025-11-29 23:27:09
R004314,O0008016,P0360,C02040,2026-01-08,3,Not as Described,715.67,2025-08-05 04:27:39
R004315,O0004577,P0213,C00026,2026-06-05,3,Not as Described,769.97,2025-04-27 08:23:56
R004316,O0088251,P0142,C02769,2026-05-19,2,Wrong Item,967.69,2026-04-24 14:24:46
R004317,O0011233,P0019,C00910,2025-03-25,2,Wrong Item,116.12,2026-06-09 07:21:12
R004318,O0041316,P0108,C03543,2025-03-28,2,Wrong Item,637.08,2025-05-04 20:17:08
R004319,O0032560,P0488,C01128,2025-07-02,2,Wrong Item,60.22,2025-04-25 18:01:34
R004320,O0004883,P0177,C02199,2025-07-08,2,Wrong Item,560.19,2025-04-11 19:32:38
R004321,O0036950,P0007,C03763,2026-06-07,1,Damaged,652.11,2025-11-11 21:23:57
R004322,O0094313,P0497,C04480,2026-04-17,2,Changed Mind,516.45,2025-11-02 04:39:40
R004323,O0094398,P0336,C01635,2025-06-16,2,Changed Mind,545.86,2025-02-10 07:06:37
R004324,O0091549,P0255,C00807,2025-05-04,2,Wrong Item,639.71,2025-04-26 15:20:33
R004325,O0046526,P0406,C03993,2025-12-25,3,Damaged,604.27,2026-04-26 08:50:43
R004326,O0090046,P0051,C04139,2026-06-15,1,Changed Mind,181.87,2025-09-18 13:38:28
R004327,O0020195,P0070,C01179,2026-01-27,1,Late Delivery,847.91,2026-03-30 12:10:16
R004328,O0082227,P0158,C02845,2025-11-26,1,Not as Described,521.62,2025-05-27 23:24:44
R004329,O0091871,P0332,C00480,2025-04-07,2,Changed Mind,754.15,2025-01-24 01:00:28
R004330,O0098376,P0035,C04385,2026-05-13,2,Damaged,43.4,2026-09-26 19:44:10
R004331,O0081371,P0288,C00568,2026-06-30,1,Damaged,556.79,2025-03-25 18:08:56
R004332,O0091504,P0363,C00409,2026-07-01,2,Late Delivery,509.87,2025-12-25 00:56:17
R004333,O0010119,P0182,C04871,2026-04-19,2,Changed Mind,778.46,2026-04-05 12:33:12
R004334,O0074713,P0424,C01127,2026-03-09,2,Late Delivery,672.02,2026-09-22 08:01:55
R004335,O0017376,P0439,C04029,2025-06-15,1,Changed Mind,731.14,2026-02-27 14:47:58
R004336,O0092439,P0377,C02367,2025-05-09,1,Late Delivery,730.19,2026-01-16 02:37:05
R004337,O0004190,P0318,C00902,2026-03-04,3,Changed Mind,535.62,2026-05-19 21:10:06
R004338,O0034310,P0101,C01616,2026-01-26,1,Damaged,570.71,2025-05-07 20:05:36
R004339,O0073252,P0359,C04318,2026-06-21,1,Wrong Item,910.46,2026-04-03 14:19:30
R004340,O0078130,P0447,C04983,2026-03-04,1,Late Delivery,69.3,2026-03-18 07:17:58
R004341,O0000094,P0181,C03066,2025-12-20,3,Damaged,69.65,2025-12-30 06:01:45
R004342,O0043302,P0486,C03976,2026-06-28,3,Wrong Item,644.55,2025-02-17 06:43:56
R004343,O0037134,P0122,C01978,2026-03-26,1,Not as Described,437.45,2026-08-06 04:07:47
R004344,O0095881,P0206,C00002,2026-04-10,3,Wrong Item,255.41,2026-01-26 23:23:07
R004345,O0093753,P0386,C01114,2026-03-08,3,Not as Described,794.76,2025-05-02 08:16:29
R004346,O0070975,P0154,C04914,2025-05-07,3,Changed Mind,843.9,2025-11-19 07:19:07
R004347,O0017268,P0315,C00614,2025-10-30,1,Not as Described,682.66,2025-11-25 17:33:01
R004348,O0041658,P0066,C04356,2026-07-04,1,Changed Mind,850.58,2026-04-15 19:14:58
R004349,O0097195,P0460,C03152,2026-09-13,2,Not as Described,867.32,2026-06-17 20:06:25
R004350,O0075252,P0058,C01458,2025-01-18,3,Late Delivery,356.0,2026-02-02 11:44:32
R004351,O0009102,P0295,C02964,2025-08-11,1,Changed Mind,885.72,2026-05-22 23:12:10
R004352,O0099648,P0082,C02218,2025-05-01,1,Changed Mind,870.09,2026-03-24 04:27:04
R004353,O0078594,P0467,C01821,2025-10-04,3,Late Delivery,974.27,2025-10-14 04:46:27
R004354,O0012986,P0180,C02352,2025-06-14,3,Not as Described,169.61,2026-01-10 08:24:47
R004355,O0087699,P0386,C01064,2026-05-03,3,Not as Described,307.47,2025-09-16 19:39:05
R004356,O0087413,P0469,C02225,2025-08-10,1,Wrong Item,562.43,2026-04-27 18:11:18
R004357,O0025338,P0398,C01552,2025-09-18,2,Changed Mind,464.29,2025-07-02 19:27:38
R004358,O0043747,P0053,C02884,2026-09-13,2,Damaged,540.61,2025-05-17 23:47:41
R004359,O0021683,P0240,C04371,2026-09-22,1,Changed Mind,257.93,2025-05-30 20:49:54
R004360,O0052056,P0490,C01622,2025-10-26,3,Wrong Item,390.32,2025-01-25 02:31:42
R004361,O0003980,P0278,C04353,2025-02-21,3,Damaged,383.78,2026-07-16 00:06:43
R004362,O0017661,P0383,C03929,2025-03-28,2,Changed Mind,737.93,2025-06-16 13:20:22
R004363,O0025934,P0313,C02333,2025-07-20,1,Wrong Item,817.17,2026-06-16 13:15:58
R004364,O0078269,P0318,C00375,2025-07-03,3,Changed Mind,376.96,2025-07-28 16:21:52
R004365,O0041798,P0332,C02774,2025-04-22,2,Changed Mind,394.16,2026-02-25 02:41:57
R004366,O0012183,P0451,C00950,2025-07-08,3,Wrong Item,822.32,2025-03-08 08:42:28
R004367,O0014068,P0475,C00664,2026-09-26,3,Wrong Item,40.22,2025-09-09 04:20:59
R004368,O0003158,P0265,C00918,2026-09-09,2,Changed Mind,809.28,2026-03-03 19:05:19
R004369,O0021446,P0273,C02035,2026-08-20,1,Damaged,443.06,2025-10-28 20:53:34
R004370,O0043560,P0174,C03445,2025-12-03,2,Late Delivery,559.37,2025-06-24 19:12:53
R004371,O0098000,P0352,C00163,2025-02-02,2,Damaged,528.88,2026-04-02 11:48:28
R004372,O0042462,P0261,C03892,2025-09-21,2,Late Delivery,549.18,2025-05-29 16:35:21
R004373,O0009100,P0303,C01095,2025-01-17,3,Late Delivery,980.29,2025-06-23 03:52:47
R004374,O0028368,P0216,C02041,2025-07-12,1,Wrong Item,138.48,2026-04-23 18:32:23
R004375,O0077666,P0370,C00190,2025-10-29,2,Damaged,739.8,2025-03-04 22:16:23
R004376,O0019764,P0175,C02423,2026-08-09,1,Changed Mind,274.22,2025-07-10 09:21:23
R004377,O0064396,P0079,C01973,2025-03-08,3,Damaged,235.85,2025-02-28 11:03:13
R004378,O0072064,P0104,C01235,2025-03-29,3,Late Delivery,791.58,2026-02-23 17:11:02
R004379,O0091558,P0478,C00366,2025-05-01,1,Damaged,469.09,2025-01-13 03:50:34
R004380,O0014327,P0021,C01632,2025-11-04,2,Late Delivery,323.99,2026-08-15 00:17:16
R004381,O0093576,P0300,C03722,2026-02-16,3,Late Delivery,989.01,2026-06-10 09:46:55
R004382,O0082144,P0277,C04462,2025-01-09,2,Not as Described,604.62,2025-06-12 08:32:55
R004383,O9999999,P0013,C04390,2026-01-02,1,Not as Described,404.01,2025-12-16 08:27:30
R004384,O0053150,P0093,C04019,2025-11-03,3,Wrong Item,89.29,2025-09-26 07:53:33
R004385,O0068669,P0182,C02737,2025-07-23,1,Damaged,512.5,2025-04-23 15:37:30
R004386,O0076137,P0233,C01774,2025-11-22,2,Late Delivery,751.4,2025-12-17 12:18:29
R004387,O0002319,P0065,C00289,2025-04-06,1,Not as Described,-203.66,2026-06-16 22:36:34
R004388,O0079917,P0494,C01174,2025-03-28,1,Damaged,414.53,2026-02-21 13:30:31
R004389,O0036867,P0357,C04674,2025-09-11,2,Not as Described,787.86,2026-03-01 15:28:28
R004390,O0019380,P0354,C03031,2025-12-03,3,Damaged,690.91,2025-08-26 00:09:10
R004391,O0054591,P0174,C00561,2026-09-23,2,Late Delivery,394.38,2026-01-16 16:42:44
R004392,O0022813,P0491,C02100,2025-04-21,3,Changed Mind,480.16,2025-10-19 21:40:30
R004393,O0000674,P0263,C01782,2025-05-12,3,Wrong Item,473.59,2026-05-16 18:47:37
R004394,O0025298,P0275,C03812,2025-12-07,1,Damaged,316.58,2026-01-21 18:49:25
R004395,O0028182,P0151,C01612,2026-06-07,3,Late Delivery,105.32,2025-05-21 01:30:15
R004396,O0085332,P0478,C02430,2025-11-26,3,Changed Mind,839.15,2026-03-13 20:26:59
R004397,O0041092,P0404,C01725,2025-02-07,3,Changed Mind,718.94,2026-05-21 02:30:24
R004398,O0001018,P0037,C01886,2026-03-10,3,Damaged,80.58,2025-06-21 05:20:40
R004399,O0061725,P0487,C04734,2026-07-05,3,Not as Described,863.84,2025-09-09 19:52:58
R004400,O0008845,P0364,C02001,2025-02-28,3,Not as Described,89.73,2025-03-17 01:56:27
R004401,O0034958,P0203,C00892,2026-05-18,1,Not as Described,943.47,2025-11-09 19:19:59
R004402,O0082882,P0301,C04116,2025-05-26,1,Not as Described,807.64,2026-03-18 00:35:05
R004403,O0098198,P0441,C00578,2026-07-18,2,Late Delivery,165.8,2026-04-25 06:37:14
R004404,O0039042,P0207,C03810,2025-10-23,1,Changed Mind,407.35,2026-08-15 05:29:12
R004405,O0088659,P0161,C04796,2026-01-16,2,Damaged,78.31,2026-07-09 13:10:45
R004406,O0018508,P0249,C04897,2025-10-20,1,Changed Mind,103.69,2026-01-12 07:22:32
R004407,O0026314,P0179,C02829,2025-10-07,2,Changed Mind,734.71,2025-03-30 13:06:33
R004408,O0011952,P0338,C00492,2026-07-25,3,Late Delivery,141.19,2025-06-30 16:55:20
R004409,O0073614,P0112,C03790,2025-05-05,3,Late Delivery,29.74,2025-03-02 15:20:53
R004410,O0045735,P0090,C02998,2026-09-07,2,Wrong Item,698.2,2026-04-06 10:57:38
R004411,O0036270,P0489,C00360,2026-06-09,3,Late Delivery,766.04,2025-01-31 14:55:43
R004412,O0058389,P0053,C03871,2026-04-28,3,Not as Described,499.67,2025-10-02 06:48:47
R004413,O0000602,P0137,C01690,2025-11-26,1,Damaged,614.07,2026-06-18 22:34:02
R004414,O0055920,P0228,C00024,2026-03-30,1,Changed Mind,204.51,2025-07-06 14:01:59
R004415,O0061451,P0412,C03447,2025-07-08,1,Wrong Item,286.43,2025-12-13 22:47:40
R004416,O0013780,P0417,C04332,2026-05-18,3,Not as Described,37.06,2025-01-04 01:44:59
R004417,O0040733,P0470,C04681,2026-04-27,2,Changed Mind,691.63,2026-09-20 12:12:34
R004418,O0049470,P0334,C04714,2026-06-09,1,Damaged,690.21,2025-05-15 15:08:33
R004419,O0034527,P0164,C04251,2025-11-05,3,Damaged,752.83,2026-03-15 03:27:28
R004420,O0091063,P0099,C02222,2026-09-07,3,Wrong Item,433.48,2025-08-30 12:57:59
R004421,O0065662,P0473,C00493,2025-03-17,3,Changed Mind,843.96,2026-01-05 05:17:08
R004422,O0032291,P0247,C03257,2025-11-15,2,Not as Described,911.68,2025-03-04 20:02:04
R004423,O0067476,P0397,C01019,2025-05-04,3,Damaged,138.27,2025-02-28 15:16:44
R004424,O0027166,P0263,C04719,2026-02-01,2,Damaged,174.01,2026-07-06 23:37:36
R004425,O0004224,P0229,C03042,2025-01-17,3,Late Delivery,895.0,2025-12-13 08:06:56
R004426,O0054129,P0274,C01302,2026-07-04,2,Wrong Item,728.14,2025-06-16 16:25:53
R004427,O0027251,P0275,C01154,2026-08-29,2,Damaged,308.97,2026-02-26 17:35:06
R004428,O0065513,P0112,C04404,2025-03-30,2,Damaged,809.28,2025-02-12 23:31:20
R004429,O0068233,P0001,C02847,2026-08-09,3,Changed Mind,980.68,2025-09-19 22:00:40
R004430,O0004955,P0379,C04199,2025-07-13,3,Wrong Item,631.64,2026-04-12 22:39:04
R004431,O0023697,P0114,C02529,2025-08-31,2,Not as Described,237.61,2026-02-01 17:27:47
R004432,O0020658,P0378,C02075,2025-06-27,2,Damaged,337.39,2025-03-07 08:12:59
R004433,O0010258,P0247,C02957,2026-01-18,2,Not as Described,545.66,2025-06-26 22:47:08
R004434,O0065951,P0352,C02572,2025-01-15,1,Changed Mind,332.8,2026-05-29 17:56:21
R004435,O0047503,P0226,C03432,2026-02-19,1,Wrong Item,333.73,2026-03-02 04:30:33
R004436,O0005463,P0362,C00425,2026-04-05,2,Changed Mind,776.5,2026-05-05 16:07:19
R004437,O0022659,P0263,C02145,2026-06-27,2,Changed Mind,785.52,2026-04-13 14:04:58
R004438,O0086737,P0370,C04353,2025-03-20,3,Damaged,149.47,2026-08-16 03:34:04
R004439,O0005703,P0349,C03117,2025-03-05,2,Wrong Item,872.25,2025-11-20 18:12:23
R004440,O0037701,P0240,C03689,2025-01-19,1,Late Delivery,575.19,2025-09-12 13:11:50
R004441,O0091145,P0471,C00944,2026-08-15,3,Damaged,296.28,2025-01-12 20:39:42
R004442,O0031606,P0207,C03526,2026-03-05,3,Not as Described,866.1,2026-02-21 05:04:53
R004443,O0073528,P0334,C01536,2025-01-07,3,Late Delivery,473.14,2026-01-25 14:59:41
R004444,O0052263,P0369,C01504,2026-09-03,2,Wrong Item,990.17,2025-10-02 17:59:21
R004445,O0033049,P0391,C02265,2026-05-24,1,Wrong Item,939.9,2025-03-27 09:21:00
R004446,O0047539,P0060,C00923,2025-03-08,3,Not as Described,446.46,2026-07-21 02:00:09
R004447,O0059628,P0095,C03429,2026-03-09,3,Not as Described,966.84,2025-04-16 17:40:48
R004448,O0014118,P0086,C02219,2025-11-28,2,Wrong Item,769.32,2025-03-25 01:09:01
R004449,O0092613,P0454,C02951,2025-10-24,1,Damaged,214.98,2026-06-22 13:18:18
R004450,O0042778,P0420,C03830,2025-09-15,3,Damaged,684.15,2025-02-09 20:51:11
R004451,O0075220,P0084,C01497,2025-08-24,2,Late Delivery,14.2,2025-01-16 00:22:59
R004452,O0067930,P0047,C03680,2026-05-30,2,Changed Mind,797.13,2026-08-11 20:02:42
R004453,O0057307,P0392,C00497,2025-09-09,2,Late Delivery,739.14,2026-07-11 14:50:33
R004454,O0043399,P0030,C01721,2025-01-26,1,Late Delivery,101.85,2026-08-21 06:30:07
R004455,O0063697,P0274,C01639,2026-01-16,3,Wrong Item,991.76,2026-05-21 08:33:41
R004456,O0086615,P0388,C01570,2026-04-28,1,Wrong Item,552.61,2025-07-16 15:25:39
R004457,O0032633,P0254,C02117,2025-08-20,2,Late Delivery,475.46,2025-05-02 02:02:17
R004458,O0092580,P0168,C02257,2026-02-26,3,Changed Mind,796.74,2025-11-14 13:09:00
R004459,O0071228,P0246,C04505,2026-03-01,3,Damaged,411.38,2026-05-06 04:57:01
R004460,O0057486,P0046,C01499,2026-09-27,1,Damaged,818.0,2026-04-27 05:58:56
R004461,O0092345,P0459,C00389,2025-10-02,1,Changed Mind,721.84,2026-02-11 06:41:38
R004462,O0046452,P0453,C04660,2026-01-05,1,Changed Mind,712.21,2026-08-29 06:37:25
R004463,O0091812,P0457,C02053,2026-06-26,1,Wrong Item,51.31,2026-08-14 09:29:32
R004464,O0079749,P0260,C00341,2025-12-06,1,Wrong Item,527.08,2026-01-13 12:55:22
R004465,O0069218,P0134,C02159,2025-03-17,3,Late Delivery,254.06,2025-04-04 23:25:07
R004466,O0026800,P0490,C03401,2026-01-03,1,Late Delivery,398.7,2025-03-29 11:41:09
R004467,O0084537,P0258,C04238,2025-09-11,2,Changed Mind,683.42,2025-04-30 03:52:21
R004468,O0015237,P0078,C04873,2025-10-21,1,Damaged,449.14,2026-01-03 16:11:20
R004469,O0019128,P0410,C02573,2026-01-05,2,Damaged,632.87,2026-04-29 04:50:40
R004470,O0071667,P0303,C02573,2026-06-22,3,Wrong Item,190.53,2025-07-08 02:56:13
R004471,O0088100,P0420,C03604,2025-09-06,3,Damaged,718.25,2026-09-28 15:31:22
R004472,O0081329,P0235,C00464,2025-03-10,2,Changed Mind,792.78,2026-08-31 21:35:00
R004473,O0000887,P0002,C02827,2025-07-25,2,Wrong Item,20.76,2025-07-11 14:32:37
R004474,O0074398,P0365,C02329,2025-08-29,2,Wrong Item,980.6,2026-07-07 17:31:33
R004475,O0003988,P0125,C02914,2026-05-16,2,Late Delivery,157.31,2026-02-14 08:08:16
R004476,O0022808,P0457,C02355,2026-09-18,3,Late Delivery,973.24,2025-01-11 09:16:03
R004477,O0071854,P0013,C00776,2026-07-01,1,Late Delivery,644.68,2025-02-17 15:17:20
R004478,O0096878,P0256,C04041,2026-03-04,1,Not as Described,589.18,2026-04-09 01:31:23
R004479,O0081357,P0429,C01440,2025-09-03,1,Late Delivery,792.67,2025-05-26 04:13:32
R004480,O0015564,P0325,C03306,2025-05-04,1,Wrong Item,675.43,2025-04-02 02:38:31
R004481,O0021689,P0125,C01541,2025-03-17,2,Not as Described,628.63,2025-09-22 17:06:47
R004482,O0084116,P0420,C03617,2025-05-28,3,Late Delivery,333.14,2025-01-20 11:18:20
R004483,O0062381,P0047,C02794,2026-06-06,1,Changed Mind,539.4,2026-04-11 10:27:49
R004484,O0014330,P0127,C00984,2026-04-21,3,Damaged,25.93,2026-08-25 21:13:05
R004485,O0016591,P0433,C01071,2025-02-10,3,Not as Described,44.04,2026-07-16 12:10:52
R004486,O0057858,P0465,C00146,2026-02-06,3,Wrong Item,-958.13,2026-02-10 22:03:18
R004487,O0095636,P0054,C00776,2025-03-17,2,Not as Described,333.53,2025-11-05 05:50:14
R004488,O0029692,P0274,C03970,2026-03-26,2,Not as Described,916.44,2025-01-25 16:57:21
R004489,O0048635,P0147,C00495,2025-06-26,1,Wrong Item,677.57,2025-06-30 17:23:03
R004490,O0065321,P0319,C04813,2025-12-13,2,Changed Mind,253.17,2026-03-30 16:19:30
R004491,O0008553,P0348,C01855,2025-01-20,3,Changed Mind,880.23,2026-03-26 02:24:02
R004492,O0020660,P0024,C03213,2026-08-15,3,Damaged,97.47,2025-02-10 00:13:39
R004493,O0099333,P0005,C02502,2025-02-17,3,Not as Described,172.39,2026-07-21 19:22:56
R004494,O0086267,P0366,C02841,2025-01-22,1,Not as Described,311.03,2025-01-04 02:20:21
R004495,O0057028,P0426,C04692,2025-12-20,1,Late Delivery,645.97,2026-08-18 11:03:04
R004496,O0084243,P0231,C00339,2025-08-05,2,Wrong Item,427.52,2026-06-08 14:23:30
R004497,O0088871,P0430,C01618,2025-03-26,2,Changed Mind,918.3,2026-05-25 01:20:25
R004498,O0055671,P0050,C02189,2025-07-15,2,Damaged,889.77,2025-11-09 18:27:15
R004499,O0029862,P0422,C01998,2025-07-31,3,Changed Mind,920.76,2025-06-28 00:01:14
R004500,O0014249,P0465,C02137,2025-03-20,2,Changed Mind,428.79,2026-08-21 19:38:13
R004501,O0023551,P0049,C03737,2026-01-09,2,Changed Mind,677.15,2026-03-11 16:26:47
R004502,O0082562,P0163,C04569,2025-04-25,2,Wrong Item,716.59,2025-10-04 08:08:54
R004503,O0072389,P0467,C01581,2025-07-26,2,Late Delivery,320.47,2025-01-28 00:25:09
R004504,O0080041,P0395,C03687,2025-01-31,1,Wrong Item,95.67,2025-09-03 19:14:44
R004505,O0084872,P0164,C02947,2025-06-30,2,Wrong Item,671.31,2025-02-26 02:07:29
R004506,O0057926,P0367,C01560,2025-08-10,1,Not as Described,584.68,2025-04-06 20:50:41
R004507,O0082548,P0262,C00859,2025-04-10,3,Wrong Item,841.67,2025-10-09 00:49:37
R004508,O0072135,P0397,C03800,2025-05-10,3,Not as Described,249.77,2025-09-26 20:06:43
R004509,O0031640,P0262,C00478,2026-04-24,1,Wrong Item,385.61,2025-07-29 05:51:52
R004510,O0014174,P0425,C03012,2025-01-10,2,Not as Described,757.07,2025-04-25 10:40:38
R004511,O0039457,P0221,C01696,2026-02-01,3,Damaged,158.98,2025-01-20 07:00:33
R004512,O0072631,P0041,C01151,2026-04-30,2,Late Delivery,510.45,2025-11-16 18:54:25
R004513,O0017757,P0185,C03663,2025-07-25,2,Damaged,643.74,2026-06-05 16:38:31
R004514,O0036840,P0495,C04485,2025-05-31,3,Not as Described,659.53,2026-04-28 23:33:54
R004515,O0086266,P0460,C00767,2025-09-24,2,Changed Mind,54.45,2025-03-11 07:42:11
R004516,O0032082,P0354,C00476,2025-02-16,3,Changed Mind,138.54,2025-09-18 07:26:33
R004517,O0000019,P0010,C02653,2025-09-15,1,Not as Described,193.63,2026-07-11 05:45:44
R004518,O0017470,P0058,C01831,2025-04-17,2,Wrong Item,634.33,2026-07-20 06:53:22
R004519,O0054815,P0412,C00260,2026-04-16,2,Not as Described,220.17,2025-04-28 19:36:26
R004520,O0057358,P0430,C04628,2026-05-11,1,Damaged,114.06,2025-07-07 01:25:53
R004521,O0007751,P0400,C01335,2026-03-14,3,Not as Described,124.3,2025-03-18 19:06:36
R004522,O0018349,P0214,C01067,2026-02-14,2,Changed Mind,785.37,2025-03-11 06:44:45
R004523,O0094162,P0256,C04234,2026-08-22,3,Late Delivery,42.67,2026-04-22 17:05:48
R004524,O0078240,P0357,C00927,2025-01-04,3,Damaged,981.61,2026-04-16 18:08:08
R004525,O0041720,P0438,C00063,2025-09-21,3,Not as Described,824.73,2025-01-18 10:23:24
R004526,O0072942,P0279,C04782,2025-02-14,1,Late Delivery,113.17,2026-06-07 01:07:05
R004527,O0022177,P0082,C00053,2026-03-25,3,Not as Described,649.59,2026-09-11 06:05:58
R004528,O0034495,P0171,C02339,2026-05-22,1,Late Delivery,785.3,2025-01-20 17:54:06
R004529,O0095389,P0339,C02654,2025-06-18,3,Damaged,592.96,2025-06-02 04:02:01
R004530,O0082908,P0072,C01279,2026-07-23,1,Damaged,733.52,2025-07-31 21:38:42
R004531,O0051041,P0431,C00785,2026-02-28,1,Changed Mind,254.92,2025-03-30 23:40:43
R004532,O0089262,P0496,C00401,2025-09-23,2,Late Delivery,158.93,2026-07-15 08:44:25
R004533,O0052975,P0442,C03608,2025-10-02,3,Changed Mind,-748.15,2025-12-10 14:13:41
R004534,O0082199,P0360,C04843,2026-05-30,1,Changed Mind,490.76,2025-06-25 00:57:31
R004535,O0040733,P0423,C00658,2025-03-01,3,Damaged,994.52,2026-06-15 12:23:20
R004536,O0090075,P0008,C04816,2026-03-14,3,Changed Mind,522.61,2026-08-19 05:29:54
R004537,O0013368,P0289,C04412,2026-06-05,3,Wrong Item,371.77,2026-01-22 02:29:56
R004538,O0070312,P0352,C03023,2026-02-25,2,Damaged,736.2,2025-09-25 21:59:55
R004539,O0047055,P0394,C01756,2025-08-08,1,Not as Described,350.54,2026-05-01 01:41:42
R004540,O0052229,P0061,C02978,2025-06-13,2,Late Delivery,471.82,2026-07-02 15:33:55
R004541,O0035678,P0137,C02585,2025-11-15,2,Changed Mind,51.33,2025-05-25 11:22:37
R004542,O0062880,P0296,C04175,2025-09-24,2,Damaged,781.81,2025-10-21 04:05:45
R004543,O0046338,P0267,C04824,2025-09-18,3,Not as Described,288.15,2025-03-03 10:14:23
R004544,O0083499,P0018,C02645,2026-08-02,2,Not as Described,884.6,2025-06-08 15:41:12
R004545,O0008182,P0188,C01076,2026-07-02,1,Wrong Item,798.36,2025-03-17 14:08:28
R004546,O0088247,P0340,C03436,2026-03-25,2,Damaged,470.4,2026-02-22 11:23:29
R004547,O0062263,P0427,C04672,2025-05-17,1,Damaged,836.86,2025-02-01 19:23:01
R004548,O0096932,P0029,C03153,2026-04-18,3,Not as Described,785.24,2025-11-08 12:48:56
R004549,O0078720,P0008,C02212,2025-10-06,3,Late Delivery,212.1,2025-08-17 22:46:50
R004550,O0038397,P0443,C02983,2026-08-30,1,Late Delivery,614.1,2026-07-29 16:42:52
R004551,O0086365,P0007,C02988,2025-07-22,3,Late Delivery,361.29,2025-06-20 05:42:40
R004552,O0007889,P0459,C04923,2026-03-14,1,Damaged,235.7,2026-09-24 21:20:19
R004553,O0062399,P0240,C00119,2025-07-05,2,Changed Mind,975.5,2025-01-21 20:16:21
R004554,O0092058,P0378,C02275,2026-04-15,2,Not as Described,291.07,2025-08-20 00:44:13
R004555,O0013485,P0241,C03461,2025-03-02,2,Changed Mind,97.98,2025-01-01 13:37:47
R004556,O0058597,P0137,C01054,2026-07-07,3,Damaged,666.97,2026-08-18 22:56:29
R004557,O0063517,P0355,C00767,2025-10-12,3,Not as Described,421.01,2025-03-08 00:18:51
R004558,O0057626,P0108,C03710,2025-05-01,1,Damaged,33.83,2025-05-24 02:25:15
R004559,O0065407,P0060,C00388,2026-04-27,3,Not as Described,734.35,2026-02-05 03:19:11
R004560,O0056177,P0386,C03976,2025-03-18,1,Late Delivery,713.81,2025-09-06 08:30:35
R004561,O0001023,P0124,C04928,2025-08-04,1,Changed Mind,421.87,2026-06-08 14:06:53
R004562,O0019814,P0411,C00836,2025-10-16,1,Changed Mind,237.04,2025-09-18 15:00:39
R004563,O0008949,P0106,C01472,2025-09-26,3,Wrong Item,169.07,2026-07-16 21:14:07
R004564,O0002074,P0364,C04853,2025-02-20,3,Late Delivery,209.95,2026-04-07 12:49:55
R004565,O0006915,P0310,C00529,2025-10-14,2,Late Delivery,973.31,2026-06-12 12:57:31
R004566,O0073481,P0467,C01312,2025-01-26,1,Not as Described,121.59,2026-01-23 19:28:36
R004567,O0013444,P0486,C04603,2025-09-29,2,Damaged,-939.43,2026-07-19 08:24:04
R004568,O0008259,P0069,C00014,2026-07-11,1,Wrong Item,682.73,2026-04-03 18:35:08
R004569,O0030813,P0480,C03114,2026-07-20,2,Changed Mind,482.32,2026-09-29 02:31:37
R004570,O0082076,P0109,C04339,2025-06-25,3,Late Delivery,54.36,2025-12-22 17:50:42
R004571,O0074832,P0492,C00628,2026-09-02,2,Not as Described,636.98,2025-04-13 16:33:59
R004572,O0087069,P0015,C01529,2025-03-19,3,Wrong Item,719.88,2026-06-11 01:58:45
R004573,O0028250,P0188,C01643,2025-12-11,2,Changed Mind,75.98,2025-09-07 10:40:35
R004574,O0007900,P0138,C04949,2025-05-17,3,Late Delivery,629.73,2026-05-06 00:53:54
R004575,O0038179,P0288,C04427,2025-12-17,2,Late Delivery,348.23,2025-01-05 18:47:32
R004576,O0011619,P0258,C03663,2026-01-08,1,Changed Mind,537.97,2025-05-31 21:07:17
R004577,O0039690,P0257,C01723,2026-02-26,1,Wrong Item,419.59,2025-05-17 05:24:56
R004578,O0018818,P0385,C04304,2026-06-16,3,Wrong Item,172.95,2026-03-22 06:42:38
R004579,O0025818,P0229,C04070,2026-09-11,2,Late Delivery,774.22,2025-06-22 04:31:39
R004580,O0080484,P0275,C02663,2025-03-26,3,Wrong Item,865.89,2026-05-05 20:33:32
R004581,O0005773,P0374,C04677,2026-07-18,3,Wrong Item,638.1,2026-01-22 13:43:13
R004582,O0039100,P0038,C02203,2025-01-14,1,Damaged,851.77,2025-08-05 09:08:47
R004583,O0088379,P0345,C00719,2025-09-23,1,Changed Mind,75.91,2026-08-28 06:04:02
R004584,O0005388,P0236,C01487,2026-08-10,1,Wrong Item,687.34,2026-01-21 13:32:28
R004585,O0091587,P0225,C00207,2026-03-12,1,Wrong Item,929.9,2026-02-08 18:44:56
R004586,O0033587,P0399,C03424,2026-09-10,1,Wrong Item,267.13,2026-09-19 08:19:31
R004587,O0000685,P0102,C03194,2025-01-23,3,Changed Mind,28.87,2025-12-28 20:21:17
R004588,O0010453,P0039,C00946,2026-04-25,3,Wrong Item,541.98,2026-02-08 09:27:00
R004589,O0065467,P0392,C00612,2026-03-05,3,Wrong Item,189.35,2026-06-05 01:05:35
R004590,O0069591,P0244,C04446,2025-05-31,1,Not as Described,269.98,2025-04-29 01:36:04
R004591,O0008673,P0275,C04287,2025-03-11,2,Wrong Item,26.7,2026-02-06 22:42:34
R004592,O0079767,P0432,C01300,2025-12-07,1,Wrong Item,411.53,2025-08-14 16:38:57
R004593,O0085502,P0479,C02351,2025-04-30,1,Not as Described,64.45,2025-06-27 14:42:33
R004594,O0004683,P0412,C04082,2025-06-22,1,Late Delivery,904.67,2025-06-10 15:06:58
R004595,O0061836,P0164,C03173,2025-04-10,1,Late Delivery,968.1,2026-05-04 12:48:44
R004596,O0056352,P0138,C04064,2025-09-05,3,Changed Mind,105.78,2025-02-27 09:07:50
R004597,O0067652,P0323,C03875,2025-12-06,3,Changed Mind,540.52,2025-09-24 22:35:07
R004598,O0014112,P0264,C01360,2025-11-02,3,Changed Mind,537.25,2026-09-26 08:12:17
R004599,O0093644,P0099,C02354,2025-08-29,2,Late Delivery,317.5,2025-07-11 01:42:52
R004600,O0027871,P0142,C01701,2026-07-16,1,Not as Described,125.05,2025-04-11 15:27:11
R004601,O0031083,P0082,C03698,2025-10-02,2,Wrong Item,839.15,2025-12-11 02:32:38
R004602,O0016222,P0022,C01926,2025-04-13,2,Damaged,579.06,2026-08-16 18:53:18
R004603,O0070484,P0391,C02525,2025-06-10,1,Changed Mind,131.04,2025-08-15 04:08:07
R004604,O0025205,P0381,C04493,2026-06-14,2,Not as Described,85.63,2026-02-15 08:55:05
R004605,O0093940,P0222,C04239,2026-05-04,3,Wrong Item,445.03,2025-01-21 21:26:00
R004606,O0022925,P0417,C03244,2026-08-08,1,Late Delivery,670.38,2026-05-14 00:25:54
R004607,O0080439,P0500,C01763,2026-03-22,2,Late Delivery,700.87,2025-11-10 01:43:56
R004608,O0000900,P0045,C03429,2026-08-01,2,Late Delivery,535.44,2025-04-30 06:47:17
R004609,O0099310,P0182,C00066,2025-02-04,2,Wrong Item,943.12,2025-02-01 02:37:04
R004610,O0056235,P0192,C02131,2026-02-14,3,Not as Described,236.93,2025-02-07 05:58:28
R004611,O0019430,P0468,C00029,2026-05-07,3,Late Delivery,12.86,2025-12-24 18:14:42
R004612,O0072111,P0381,C04842,2025-04-11,2,Damaged,672.72,2026-03-24 00:28:07
R004613,O0087409,P0256,C03582,2025-08-23,3,Changed Mind,734.67,2025-07-15 13:47:41
R004614,O0055688,P0493,C04570,2025-08-05,1,Wrong Item,382.68,2025-12-19 11:22:29
R004615,O0035052,P0392,C01455,2026-07-26,1,Late Delivery,988.19,2025-06-20 14:38:07
R004616,O0082425,P0314,C01175,2025-05-29,1,Wrong Item,755.99,2025-01-15 06:46:17
R004617,O0045374,P0434,C02785,2026-02-03,3,Damaged,127.68,2026-09-20 09:35:04
R004618,O0057720,P0261,C01981,2025-06-25,3,Wrong Item,485.39,2025-05-01 23:29:25
R004619,O0077562,P0139,C00569,2025-04-02,3,Damaged,733.52,2026-06-22 03:47:35
R004620,O0030177,P0020,C03685,2026-04-02,2,Damaged,674.44,2025-05-19 17:23:50
R004621,O0034899,P0194,C04356,2026-05-13,2,Not as Described,963.94,2026-01-14 21:59:20
R004622,O0035347,P0050,C02210,2026-08-08,3,Not as Described,505.58,2026-05-09 23:20:44
R004623,O0098245,P0249,C01427,2026-09-25,1,Changed Mind,981.02,2025-08-22 07:08:59
R004624,O0097116,P0291,C00750,2026-05-13,1,Damaged,958.45,2025-03-20 05:56:30
R004625,O0002884,P0325,C03111,2025-05-28,1,Changed Mind,467.03,2026-02-08 02:42:29
R004626,O0009860,P0460,C01231,2025-05-06,1,Not as Described,496.03,2025-03-24 01:32:24
R004627,O0022445,P0048,C02515,2025-01-07,1,Wrong Item,276.96,2026-01-11 20:24:57
R004628,O0024712,P0174,C01672,2026-06-05,1,Not as Described,172.47,2025-08-06 18:01:12
R004629,O0033067,P0358,C01843,2026-03-01,2,Changed Mind,502.52,2025-01-07 04:09:45
R004630,O0024085,P0248,C01808,2025-02-24,2,Not as Described,241.12,2025-01-11 19:18:42
R004631,O0011897,P0416,C01048,2025-01-14,3,Wrong Item,549.53,2025-05-31 08:23:44
R004632,O0066434,P0054,C02516,2026-09-28,1,Late Delivery,637.39,2025-03-06 20:16:18
R004633,O0001499,P0261,C01215,2025-12-12,3,Not as Described,673.25,2025-07-02 11:59:36
R004634,O0047145,P0078,C00790,2025-04-28,3,Wrong Item,33.86,2025-03-29 02:58:50
R004635,O0051317,P0479,C02983,2025-02-21,3,Wrong Item,518.29,2026-06-12 14:50:06
R004636,O0026084,P0426,C02471,2025-03-05,3,Changed Mind,214.69,2026-07-12 16:16:49
R004637,O0046934,P0467,C00747,2026-08-11,1,Wrong Item,521.86,2025-07-13 06:50:27
R004638,O0050161,P0151,C04734,2025-08-10,1,Not as Described,43.7,2025-01-04 12:05:16
R004639,O0078068,P0166,C03765,2025-02-25,2,Late Delivery,507.15,2025-09-12 11:57:49
R004640,O0065502,P0441,C02385,2026-03-15,3,Wrong Item,392.05,2025-09-21 04:13:29
R004641,O0058729,P0145,C03817,2025-08-13,2,Late Delivery,970.31,2026-09-25 08:30:14
R004642,O0027704,P0432,C02975,2026-08-01,1,Late Delivery,159.11,2026-03-08 14:05:23
R004643,O0021044,P0314,C04506,2025-04-23,3,Wrong Item,121.78,2026-08-07 04:14:04
R004644,O0068303,P0115,C01143,2025-08-07,2,Changed Mind,669.92,2026-03-21 22:46:05
R004645,O0010635,P0050,C03939,2025-01-11,3,Damaged,901.97,2026-03-14 19:24:54
R004646,O9999999,P0330,C00210,2025-08-06,2,Not as Described,330.56,2026-05-05 02:34:40
R004647,O0030026,P0090,C01546,2025-11-09,1,Wrong Item,689.92,2026-05-25 07:04:54
R004648,O0076260,P0048,C00060,2026-08-12,2,Not as Described,892.48,2026-03-09 04:55:00
R004649,O0064839,P0430,C03545,2025-05-15,3,Wrong Item,575.19,2026-06-15 06:14:53
R004650,O0080186,P0155,C01446,2025-05-07,1,Not as Described,323.96,2025-10-28 04:22:33
R004651,O0090474,P0383,C02387,2025-01-30,2,Damaged,928.21,2026-01-18 01:03:09
R004652,O0034569,P0267,C01507,2025-12-06,1,Late Delivery,264.79,2026-06-09 13:41:26
R004653,O0079735,P0337,C04819,2025-10-05,2,Late Delivery,885.74,2026-07-22 21:53:05
R004654,O0053204,P0144,C00463,2025-01-20,2,Wrong Item,189.91,2026-06-26 18:28:27
R004655,O0007541,P0269,C01598,2025-08-01,2,Not as Described,243.3,2025-03-08 18:27:40
R004656,O0052495,P0226,C02221,2025-04-26,2,Wrong Item,758.75,2025-04-27 02:30:36
R004657,O0058960,P0111,C04140,2025-08-16,1,Wrong Item,780.04,2025-03-16 23:16:58
R004658,O0020792,P0168,C02114,2026-05-08,2,Changed Mind,493.19,2026-07-24 08:06:43
R004659,O0011292,P0197,C04668,2026-09-17,1,Not as Described,663.78,2025-05-28 13:08:06
R004660,O0039331,P0339,C04309,2026-02-23,3,Late Delivery,792.92,2025-05-08 02:47:34
R004661,O0044655,P0021,C01390,2025-02-12,2,Wrong Item,86.78,2025-01-31 02:26:45
R004662,O0049049,P0346,C02840,2026-08-17,3,Late Delivery,715.63,2026-07-05 03:27:35
R004663,O0094790,P0188,C00925,2026-05-07,3,Changed Mind,231.77,2026-02-11 07:24:08
R004664,O0062793,P0259,C03479,2026-01-13,2,Not as Described,931.48,2025-08-04 10:31:05
R004665,O0065004,P0137,C03194,2026-08-13,2,Late Delivery,241.21,2026-05-13 02:44:09
R004666,O0053199,P0368,C01977,2025-07-03,2,Changed Mind,804.72,2026-06-13 12:45:28
R004667,O0057475,P0358,C02513,2025-12-24,3,Wrong Item,42.38,2025-07-29 04:04:47
R004668,O0090894,P0211,C04619,2026-06-04,3,Late Delivery,905.87,2026-02-26 23:03:49
R004669,O0015648,P0481,C03909,2026-03-20,3,Changed Mind,460.6,2026-03-22 06:58:15
R004670,O0034356,P0337,C02783,2025-02-03,2,Wrong Item,154.06,2026-04-15 23:15:54
R004671,O0010652,P0353,C00814,2025-08-17,3,Wrong Item,446.9,2026-08-06 23:52:53
R004672,O0064031,P0238,C00920,2025-02-05,1,Damaged,669.29,2026-08-22 15:10:31
R004673,O0084472,P0373,C04449,2026-05-03,3,Wrong Item,68.08,2026-07-27 12:53:45
R004674,O0014136,P0423,C03406,2025-10-13,3,Damaged,224.5,2025-06-27 19:11:32
R004675,O0070509,P0057,C00343,2026-05-12,3,Late Delivery,312.94,2026-01-27 10:26:13
R004676,O0085427,P0468,C00954,2025-06-15,3,Not as Described,842.33,2026-04-24 06:21:52
R004677,O0067976,P0166,C04083,2026-01-23,3,Not as Described,267.53,2025-03-31 14:35:44
R004678,O0058371,P0441,C00560,2025-11-27,2,Changed Mind,270.07,2026-09-09 06:41:59
R004679,O0089222,P0215,C00286,2026-06-02,3,Changed Mind,259.02,2025-04-04 00:13:37
R004680,O0032771,P0213,C04420,2025-12-17,2,Changed Mind,519.47,2025-02-10 19:40:46
R004681,O0003447,P0313,C03954,2025-11-16,1,Not as Described,132.03,2025-11-17 12:24:15
R004682,O0045257,P0087,C03903,2025-09-27,1,Changed Mind,808.35,2025-05-10 07:13:15
R004683,O0029599,P0171,C01597,2025-02-13,1,Changed Mind,213.5,2025-12-23 15:19:45
R004684,O0042277,P0261,C01769,2025-03-29,2,Wrong Item,640.07,2025-03-12 18:07:17
R004685,O0088941,P0155,C02099,2026-06-13,3,Late Delivery,786.96,2026-06-30 02:14:14
R004686,O0026183,P0357,C02775,2025-05-11,2,Wrong Item,265.65,2026-07-23 07:16:24
R004687,O0010068,P0221,C02189,2025-01-13,1,Wrong Item,142.79,2026-06-11 01:04:40
R004688,O0038123,P0411,C02658,2026-03-03,1,Damaged,22.78,2025-06-23 03:33:45
R004689,O9999999,P0085,C00709,2026-04-26,1,Late Delivery,271.08,2026-02-18 17:32:08
R004690,O0065749,P0476,C01248,2026-04-16,3,Not as Described,446.03,2025-06-24 10:30:07
R004691,O0048507,P0323,C03428,2025-12-17,2,Damaged,752.36,2026-08-26 04:09:39
R004692,O0024833,P0089,C03437,2026-01-06,1,Changed Mind,827.69,2026-09-24 07:32:40
R004693,O0081458,P0348,C02428,2026-09-23,2,Changed Mind,206.98,2026-02-08 19:31:52
R004694,O0098611,P0348,C01792,2026-05-24,3,Wrong Item,540.88,2025-07-16 09:20:02
R004695,O0074066,P0084,C04160,2025-07-11,2,Not as Described,405.28,2025-12-09 04:49:09
R004696,O0034739,P0479,C04883,2026-09-21,2,Wrong Item,917.07,2026-04-01 21:27:06
R004697,O0012661,P0346,C01746,2025-10-22,3,Not as Described,632.27,2025-06-06 18:46:23
R004698,O0050459,P0356,C00332,2026-01-07,2,Damaged,828.8,2026-04-04 16:28:18
R004699,O0073534,P0018,C03374,2025-07-21,2,Not as Described,299.38,2025-03-02 14:52:22
R004700,O0051385,P0155,C02930,2025-03-23,1,Wrong Item,866.19,2026-06-10 04:51:05
R004701,O0086966,P0094,C01164,2025-12-13,3,Wrong Item,910.32,2025-09-04 20:08:43
R004702,O0062220,P0016,C02061,2025-06-02,2,Late Delivery,973.92,2025-07-24 07:32:36
R004703,O0020957,P0001,C04752,2025-04-16,2,Not as Described,788.68,2025-07-23 06:57:50
R004704,O0084614,P0400,C01452,2026-08-28,2,Damaged,780.89,2026-06-02 01:31:56
R004705,O0051639,P0307,C02891,2025-10-05,2,Changed Mind,319.1,2026-03-01 11:27:02
R004706,O0036187,P0409,C04837,2025-04-30,2,Not as Described,187.33,2025-05-18 01:17:58
R004707,O0097329,P0338,C04477,2025-06-07,2,Not as Described,559.57,2025-08-03 05:57:00
R004708,O0058146,P0393,C00635,2026-08-06,1,Late Delivery,610.15,2025-10-31 18:48:25
R004709,O0037311,P0404,C02279,2025-02-16,1,Late Delivery,971.63,2025-05-03 13:25:33
R004710,O0031756,P0224,C00911,2025-02-21,3,Late Delivery,139.43,2025-08-23 14:45:32
R004711,O0022336,P0411,C00615,2025-02-21,1,Late Delivery,918.37,2025-11-17 18:54:28
R004712,O0057670,P0224,C00330,2025-10-10,2,Damaged,250.28,2026-04-26 05:06:48
R004713,O0011542,P0498,C01088,2026-08-10,1,Damaged,917.09,2026-01-13 05:18:22
R004714,O0022867,P0370,C01997,2025-08-05,3,Late Delivery,651.86,2025-05-17 12:28:26
R004715,O0054159,P0362,C02091,2025-02-20,3,Not as Described,453.04,2026-04-19 16:52:26
R004716,O0073193,P0321,C04217,2026-08-30,2,Changed Mind,210.12,2025-09-07 19:29:34
R004717,O0088723,P0087,C00339,2026-03-05,2,Damaged,691.22,2026-01-15 02:32:48
R004718,O0043706,P0070,C04433,2026-04-08,3,Wrong Item,176.31,2025-12-19 18:45:32
R004719,O0040779,P0335,C04429,2025-07-06,3,Damaged,532.08,2025-11-06 09:23:15
R004720,O0036975,P0167,C01439,2025-07-19,3,Changed Mind,887.98,2025-11-09 10:39:40
R004721,O0087611,P0169,C00109,2026-04-15,1,Not as Described,614.43,2026-05-21 17:57:26
R004722,O0023106,P0195,C03914,2026-01-05,1,Late Delivery,377.89,2025-05-29 05:25:52
R004723,O0060071,P0022,C03270,2026-06-19,1,Changed Mind,986.67,2025-02-17 12:10:43
R004724,O0055577,P0365,C01482,2025-03-22,1,Late Delivery,881.64,2026-01-15 20:38:55
R004725,O0051150,P0373,C03373,2025-02-25,2,Not as Described,918.74,2025-03-22 01:47:35
R004726,O0006056,P0466,C00733,2025-11-23,1,Damaged,246.7,2025-09-07 23:49:37
R004727,O0073382,P0165,C01551,2026-03-21,3,Damaged,653.23,2026-06-04 18:10:32
R004728,O0020778,P0439,C01808,2026-06-23,1,Damaged,753.94,2025-01-07 06:00:21
R004729,O0069607,P0095,C02196,2026-06-19,1,Changed Mind,353.09,2025-08-02 11:49:28
R004730,O0048058,P0429,C04624,2025-06-19,1,Changed Mind,770.89,2025-10-24 23:26:44
R004731,O0049699,P0281,C00020,2026-07-04,3,Wrong Item,946.47,2025-11-29 23:47:28
R004732,O0053342,P0298,C02756,2026-07-02,1,Damaged,603.89,2025-06-17 21:09:24
R004733,O0096118,P0004,C02011,2026-02-28,3,Changed Mind,241.75,2025-01-27 00:14:14
R004734,O0096617,P0081,C01862,2025-02-17,3,Late Delivery,531.87,2025-08-16 01:06:56
R004735,O0004329,P0426,C03157,2026-05-19,1,Wrong Item,80.64,2026-02-23 16:46:55
R004736,O0032704,P0411,C04681,2025-08-18,3,Changed Mind,954.77,2025-02-05 14:42:04
R004737,O0015228,P0225,C00927,2026-05-12,3,Wrong Item,176.52,2025-03-16 22:41:58
R004738,O0039206,P0474,C03030,2026-09-18,3,Changed Mind,892.92,2026-07-23 09:15:56
R004739,O0026330,P0458,C00295,2025-07-14,2,Late Delivery,152.54,2025-05-07 18:52:35
R004740,O0087150,P0233,C04152,2025-03-04,3,Wrong Item,739.73,2025-04-25 23:31:47
R004741,O0041488,P0113,C00866,2026-02-21,3,Changed Mind,747.1,2025-12-03 00:00:17
R004742,O0093793,P0361,C03234,2025-10-24,3,Wrong Item,977.71,2026-06-21 01:21:16
R004743,O0057493,P0298,C04705,2025-02-02,3,Damaged,664.63,2025-07-01 18:16:36
R004744,O0081097,P0305,C04116,2026-04-06,3,Late Delivery,106.65,2025-03-30 09:05:16
R004745,O0059825,P0406,C02466,2026-08-14,3,Wrong Item,355.79,2026-07-21 05:15:17
R004746,O0021185,P0322,C04172,2025-09-11,2,Changed Mind,35.12,2025-02-22 19:56:18
R004747,O0037851,P0367,C01649,2025-10-06,1,Late Delivery,372.36,2025-11-18 14:03:31
R004748,O0082655,P0195,C04580,2026-02-13,2,Not as Described,812.72,2025-10-04 16:41:45
R004749,O0071091,P0117,C03487,2025-04-30,3,Changed Mind,549.25,2025-12-05 18:19:38
R004750,O0082770,P0202,C00432,2025-06-02,1,Damaged,306.47,2025-07-03 18:43:54
R004751,O0091350,P0195,C02217,2026-09-10,2,Damaged,364.07,2026-09-19 07:58:30
R004752,O0051312,P0125,C02221,2026-09-08,2,Wrong Item,866.29,2025-02-17 13:49:47
R004753,O0065663,P0218,C02700,2026-03-31,1,Wrong Item,524.41,2025-06-18 10:53:04
R004754,O0099993,P0009,C04585,2025-11-01,2,Not as Described,651.8,2025-04-30 05:23:54
R004755,O0053843,P0470,C04007,2026-01-08,2,Not as Described,865.76,2026-04-10 18:22:55
R004756,O0039232,P0425,C01392,2025-07-17,1,Damaged,263.87,2025-10-09 13:37:57
R004757,O0027855,P0143,C01725,2025-11-20,1,Late Delivery,847.15,2025-01-08 11:06:21
R004758,O0007230,P0436,C03471,2025-05-03,3,Wrong Item,326.85,2026-02-10 08:50:51
R004759,O0050045,P0314,C00153,2025-03-30,2,Changed Mind,169.05,2025-05-09 07:58:57
R004760,O0097736,P0378,C02673,2026-09-16,1,Late Delivery,642.34,2026-01-30 16:45:18
R004761,O0092479,P0080,C04013,2025-09-08,3,Not as Described,415.2,2026-03-21 04:14:58
R004762,O0015017,P0301,C03744,2025-01-08,2,Not as Described,724.71,2026-04-07 11:01:04
R004763,O0044676,P0163,C00981,2025-01-23,3,Damaged,94.9,2026-03-17 22:29:21
R004764,O0067769,P0197,C03694,2026-02-09,3,Late Delivery,269.5,2025-03-26 14:53:57
R004765,O0068099,P0390,C02258,2025-10-16,1,Damaged,933.83,2026-09-26 21:47:22
R004766,O0048690,P0165,C01354,2026-09-20,3,Damaged,75.76,2025-04-06 12:24:23
R004767,O0076866,P0171,C04730,2025-05-16,3,Not as Described,11.98,2025-07-28 21:59:47
R004768,O0066556,P0105,C03230,2025-04-30,3,Late Delivery,115.72,2025-11-18 11:58:06
R004769,O0021894,P0465,C03711,2025-07-08,3,Wrong Item,629.41,2025-03-11 23:47:05
R004770,O0066360,P0348,C01952,2025-04-17,3,Damaged,278.63,2026-03-10 04:14:21
R004771,O0079582,P0008,C00230,2025-11-30,1,Changed Mind,928.79,2025-10-14 22:44:45
R004772,O0052247,P0075,C01383,2026-03-05,2,Changed Mind,376.2,2026-01-22 09:20:37
R004773,O0061663,P0418,C02079,2026-01-09,3,Wrong Item,348.48,2026-08-12 00:00:45
R004774,O0069001,P0234,C00754,2025-08-23,1,Changed Mind,435.6,2025-05-20 00:39:29
R004775,O0051837,P0112,C03787,2026-01-24,3,Wrong Item,235.98,2025-09-05 00:48:47
R004776,O0029375,P0468,C03729,2025-06-28,2,Wrong Item,976.74,2025-10-01 04:58:20
R004777,O0031101,P0087,C01083,2026-05-11,3,Wrong Item,775.87,2025-10-06 17:05:31
R004778,O0048407,P0238,C01036,2025-04-07,2,Changed Mind,34.16,2025-10-14 16:03:33
R004779,O0015052,P0047,C02291,2026-09-27,2,Changed Mind,450.9,2026-08-15 16:42:40
R004780,O0076825,P0086,C00017,2025-02-26,3,Late Delivery,638.27,2025-07-16 16:39:39
R004781,O0072267,P0323,C00691,2026-07-03,1,Changed Mind,153.63,2026-06-24 15:07:19
R004782,O0055602,P0318,C04133,2025-09-28,2,Late Delivery,384.24,2025-02-01 09:48:32
R004783,O0040878,P0300,C03328,2026-05-30,1,Wrong Item,424.25,2025-01-23 21:31:39
R004784,O0016829,P0343,C00460,2026-06-16,3,Late Delivery,236.14,2025-07-04 00:48:40
R004785,O0080271,P0199,C04238,2025-05-12,2,Damaged,655.5,2026-03-27 19:10:16
R004786,O0078564,P0339,C02699,2026-03-03,2,Changed Mind,794.94,2025-01-03 07:47:50
R004787,O0074686,P0174,C04974,2026-04-03,1,Changed Mind,289.09,2026-06-01 22:36:19
R004788,O0082501,P0384,C04677,2026-09-06,3,Changed Mind,89.06,2025-01-09 11:52:57
R004789,O0085879,P0208,C04376,2026-04-29,2,Not as Described,801.03,2025-02-10 15:32:21
R004790,O0029183,P0154,C00060,2026-07-16,2,Wrong Item,41.25,2026-07-12 11:12:41
R004791,O0002105,P0468,C04607,2025-11-11,1,Changed Mind,738.35,2025-10-25 16:22:10
R004792,O0071471,P0456,C01580,2025-02-13,2,Damaged,880.4,2025-11-10 16:02:48
R004793,O0024061,P0180,C02235,2025-06-12,3,Late Delivery,268.09,2025-08-07 06:21:56
R004794,O0079995,P0140,C01500,2025-03-12,2,Changed Mind,572.81,2025-08-29 00:18:28
R004795,O0075330,P0352,C01113,2025-08-20,1,Not as Described,706.88,2025-09-02 00:35:00
R004796,O0012518,P0076,C03509,2026-01-04,2,Wrong Item,614.72,2025-02-12 15:53:43
R004797,O0044086,P0171,C04403,2025-02-27,3,Changed Mind,970.11,2026-08-11 02:28:40
R004798,O0081885,P0413,C04531,2025-03-12,3,Damaged,604.54,2025-12-26 22:22:58
R004799,O0063682,P0495,C02837,2026-05-22,2,Not as Described,311.96,2025-04-06 23:58:17
R004800,O0071049,P0139,C03644,2026-06-19,2,Wrong Item,51.88,2025-11-20 19:12:34
R004801,O0063835,P0475,C03193,2025-08-22,3,Changed Mind,827.0,2025-12-12 08:34:15
R004802,O0044382,P0146,C01441,2025-07-12,2,Not as Described,127.51,2026-06-28 19:08:36
R004803,O0018037,P0110,C03371,2025-01-28,2,Changed Mind,383.96,2026-01-25 19:49:14
R004804,O0005128,P0243,C03991,2025-10-07,3,Not as Described,718.09,2025-05-13 12:00:36
R004805,O0024680,P0222,C01027,2025-01-15,1,Not as Described,364.98,2025-09-17 09:52:42
R004806,O0085780,P0375,C00921,2025-08-08,3,Damaged,792.68,2025-12-18 15:52:24
R004807,O0036110,P0337,C02894,2026-03-26,3,Damaged,994.89,2025-08-12 05:30:55
R004808,O0058583,P0039,C03770,2025-05-20,2,Late Delivery,323.92,2025-08-25 04:10:27
R004809,O0078574,P0289,C02460,2025-05-17,1,Damaged,155.98,2026-01-12 19:01:33
R004810,O0013558,P0480,C04675,2025-03-26,2,Not as Described,74.94,2026-07-18 08:06:39
R004811,O0028035,P0173,C00113,2026-05-13,1,Wrong Item,340.21,2025-04-29 03:25:31
R004812,O0042663,P0385,C01248,2026-01-03,3,Wrong Item,892.23,2026-02-08 00:58:55
R004813,O0002670,P0265,C03065,2025-01-10,2,Not as Described,676.93,2025-04-05 21:04:14
R004814,O0082804,P0360,C01465,2026-04-22,1,Changed Mind,825.87,2025-05-01 18:41:21
R004815,O0051976,P0212,C03575,2025-02-22,2,Late Delivery,755.81,2026-02-24 13:34:24
R004816,O0025329,P0230,C00631,2026-09-20,2,Changed Mind,780.29,2026-09-04 22:46:15
R004817,O0085312,P0353,C01550,2025-03-04,2,Changed Mind,439.23,2026-02-24 22:45:32
R004818,O0025559,P0293,C02548,2025-03-01,2,Late Delivery,240.89,2025-06-02 21:05:31
R004819,O9999999,P0448,C02301,2025-12-22,2,Late Delivery,729.11,2026-01-26 00:24:55
R004820,O0029733,P0195,C01845,2026-08-22,3,Damaged,816.72,2026-07-11 18:53:00
R004821,O0083734,P0296,C04461,2025-06-26,1,Damaged,475.76,2025-07-16 09:22:13
R004822,O0043975,P0038,C04148,2025-10-27,1,Changed Mind,821.06,2026-04-13 22:44:08
R004823,O0022601,P0230,C01499,2025-01-28,2,Wrong Item,788.2,2025-12-22 14:43:45
R004824,O0031548,P0288,C00917,2025-01-07,3,Damaged,58.56,2025-12-23 15:36:21
R004825,O0072243,P0341,C00362,2025-06-24,1,Wrong Item,317.47,2026-03-12 19:42:23
R004826,O0027333,P0437,C02749,2025-03-22,2,Not as Described,867.39,2026-06-11 02:45:36
R004827,O0091666,P0093,C02457,2025-10-03,1,Wrong Item,278.41,2026-06-23 06:55:46
R004828,O0050774,P0364,C04883,2025-06-03,1,Not as Described,998.77,2026-08-04 13:34:41
R004829,O0087649,P0500,C00921,2026-07-27,1,Wrong Item,626.42,2026-08-05 02:06:47
R004830,O0051952,P0481,C04133,2025-08-20,3,Late Delivery,565.95,2026-01-05 02:42:00
R004831,O0066593,P0333,C03120,2025-05-10,2,Wrong Item,152.98,2026-09-27 12:39:46
R004832,O0092001,P0460,C04941,2025-02-09,1,Wrong Item,690.74,2025-11-30 00:47:25
R004833,O0004079,P0035,C04020,2025-04-13,2,Damaged,949.37,2025-04-20 11:46:05
R004834,O0044486,P0347,C02728,2025-12-20,3,Late Delivery,248.62,2025-07-20 19:33:14
R004835,O0067308,P0287,C01374,2025-01-30,2,Damaged,373.42,2025-10-14 09:32:08
R004836,O0012285,P0417,C04379,2025-09-05,3,Not as Described,573.97,2025-02-25 21:03:45
R004837,O0070059,P0307,C00548,2025-09-11,2,Changed Mind,739.84,2025-03-31 09:38:58
R004838,O0034743,P0474,C03877,2025-08-23,1,Not as Described,99.61,2026-09-19 23:03:26
R004839,O0055937,P0043,C01656,2026-04-08,2,Wrong Item,704.25,2025-12-04 04:43:29
R004840,O0085394,P0190,C04457,2026-06-11,1,Damaged,566.88,2025-05-25 05:32:51
R004841,O0009179,P0138,C00774,2026-07-27,3,Late Delivery,336.06,2026-04-26 21:12:48
R004842,O0084969,P0001,C01564,2026-09-24,1,Changed Mind,911.64,2025-02-04 08:35:34
R004843,O0083618,P0313,C00583,2025-05-21,3,Changed Mind,737.73,2026-05-23 07:09:04
R004844,O0061709,P0265,C02275,2026-09-15,2,Changed Mind,923.49,2025-01-27 14:26:56
R004845,O0014332,P0050,C03986,2026-05-02,3,Damaged,815.58,2026-07-01 01:51:11
R004846,O0086295,P0179,C02587,2026-05-23,1,Damaged,578.97,2025-08-07 03:36:58
R004847,O0015407,P0337,C02746,2025-12-01,3,Changed Mind,606.79,2025-09-27 01:39:04
R004848,O0003786,P0326,C02730,2026-07-04,1,Changed Mind,16.68,2025-09-25 16:09:30
R004849,O0063503,P0121,C03766,2025-01-26,2,Not as Described,240.8,2025-04-18 09:55:02
R004850,O0004539,P0336,C01513,2025-06-03,1,Late Delivery,59.67,2026-07-04 10:22:33
R004851,O0070841,P0329,C04938,2026-07-31,3,Damaged,434.61,2026-01-18 03:32:39
R004852,O0075453,P0492,C03403,2025-05-07,3,Not as Described,63.55,2026-05-27 04:38:00
R004853,O0030194,P0405,C00309,2026-09-14,3,Not as Described,357.06,2026-04-01 17:48:25
R004854,O0014205,P0096,C02636,2025-04-09,3,Damaged,921.74,2026-07-28 07:24:28
R004855,O0039827,P0062,C00943,2025-01-29,2,Not as Described,687.71,2026-09-30 19:54:00
R004856,O0083541,P0147,C01738,2025-01-29,3,Wrong Item,550.59,2025-10-01 11:18:09
R004857,O0024073,P0004,C01523,2026-09-23,2,Not as Described,760.13,2026-03-31 10:45:59
R004858,O0041869,P0365,C01743,2025-01-06,2,Late Delivery,892.38,2026-09-30 06:51:41
R004859,O0086598,P0139,C00541,2026-03-09,1,Late Delivery,516.38,2026-01-17 04:21:12
R004860,O0035739,P0485,C02256,2025-11-12,3,Damaged,380.06,2026-08-12 05:49:17
R004861,O0032846,P0269,C00063,2026-05-28,3,Not as Described,-38.42,2025-05-20 13:13:17
R004862,O0085246,P0176,C01617,2026-04-18,2,Damaged,138.51,2025-02-23 16:20:56
R004863,O0055365,P0464,C01282,2025-02-07,2,Damaged,361.51,2025-09-26 03:45:23
R004864,O0038998,P0412,C03614,2026-02-24,2,Late Delivery,896.26,2025-10-23 01:29:39
R004865,O0067398,P0322,C02369,2026-05-19,2,Not as Described,476.23,2026-02-18 11:20:06
R004866,O0002239,P0332,C04942,2025-05-31,1,Late Delivery,150.16,2025-03-16 08:03:33
R004867,O0092013,P0453,C04887,2025-04-05,3,Damaged,837.04,2025-07-17 18:37:22
R004868,O0043985,P0262,C01614,2025-02-27,2,Not as Described,770.8,2026-02-25 08:12:10
R004869,O0035470,P0078,C00822,2025-10-14,2,Late Delivery,206.0,2025-07-18 07:46:49
R004870,O0075227,P0238,C02566,2025-02-08,1,Late Delivery,663.13,2026-05-31 00:43:20
R004871,O0064360,P0065,C03251,2026-08-19,1,Late Delivery,833.77,2025-03-10 09:07:37
R004872,O0079043,P0080,C01634,2025-08-18,2,Damaged,632.5,2025-10-28 17:00:30
R004873,O0044044,P0456,C01441,2026-04-07,3,Damaged,198.11,2025-08-03 12:42:03
R004874,O0017649,P0098,C00737,2026-07-18,1,Changed Mind,525.5,2025-06-30 01:26:05
R004875,O0090539,P0082,C02415,2025-02-16,1,Not as Described,936.21,2026-03-29 03:36:01
R004876,O0047668,P0048,C02091,2025-10-20,2,Changed Mind,561.83,2025-10-20 14:10:32
R004877,O0065422,P0054,C01294,2026-03-09,1,Damaged,323.36,2026-04-15 10:03:51
R004878,O0077462,P0396,C02219,2025-04-05,1,Damaged,443.47,2025-04-24 08:00:06
R004879,O0072062,P0435,C01313,2026-08-25,1,Damaged,264.36,2026-02-01 14:05:53
R004880,O0054070,P0053,C01514,2025-08-15,2,Damaged,734.28,2026-05-05 02:27:34
R004881,O0060954,P0403,C04919,2025-07-01,2,Late Delivery,664.37,2026-06-03 08:20:00
R004882,O0013064,P0349,C00807,2025-08-06,3,Changed Mind,946.35,2026-08-05 12:50:27
R004883,O0092228,P0069,C03696,2025-08-16,1,Wrong Item,213.7,2026-02-19 04:16:23
R004884,O0004977,P0113,C00018,2025-05-25,3,Damaged,47.97,2026-08-27 23:31:33
R004885,O0073129,P0399,C04286,2025-11-30,1,Wrong Item,115.07,2026-02-16 11:12:13
R004886,O0026544,P0432,C00917,2025-12-27,1,Late Delivery,614.64,2026-04-01 12:04:21
R004887,O0033498,P0483,C04586,2025-07-09,2,Damaged,759.8,2025-04-27 03:10:04
R004888,O0051205,P0323,C00015,2025-12-09,1,Late Delivery,838.99,2025-10-17 00:51:02
R004889,O0050068,P0305,C04209,2025-04-27,2,Damaged,997.55,2025-03-31 08:14:22
R004890,O0014041,P0346,C03577,2026-04-06,1,Damaged,468.84,2025-09-15 00:25:51
R004891,O0066325,P0233,C04692,2026-01-28,3,Changed Mind,218.69,2025-01-13 06:18:29
R004892,O0011214,P0322,C00203,2025-04-14,1,Damaged,721.67,2026-07-19 04:17:46
R004893,O0011495,P0031,C03368,2026-09-06,3,Damaged,216.18,2026-04-04 17:18:51
R004894,O0047911,P0405,C02724,2025-04-11,3,Not as Described,861.05,2025-10-02 15:40:06
R004895,O0096869,P0265,C04000,2026-02-27,2,Damaged,309.11,2025-01-02 18:58:40
R004896,O0020362,P0108,C00886,2025-08-26,3,Wrong Item,338.14,2025-01-19 11:34:09
R004897,O0035527,P0278,C03782,2026-01-11,1,Damaged,397.37,2026-02-10 13:55:36
R004898,O0043905,P0331,C04648,2026-01-07,3,Damaged,948.08,2026-05-13 13:05:11
R004899,O0089380,P0164,C01293,2026-07-22,2,Late Delivery,903.63,2025-12-02 02:21:41
R004900,O0038856,P0182,C01295,2025-09-14,2,Late Delivery,400.43,2026-05-27 12:20:14
R004901,O0077321,P0192,C02565,2025-01-12,2,Late Delivery,220.32,2026-08-01 01:08:35
R004902,O0046425,P0439,C02710,2025-04-17,1,Damaged,222.42,2025-09-20 11:35:47
R004903,O0001733,P0452,C02380,2026-03-02,1,Damaged,909.91,2026-02-19 08:32:27
R004904,O0010215,P0011,C02286,2025-11-29,3,Damaged,469.53,2025-12-10 09:23:00
R004905,O0036160,P0194,C02234,2026-08-15,2,Wrong Item,695.56,2026-08-09 15:37:10
R004906,O9999999,P0100,C00367,2025-03-08,1,Damaged,901.58,2026-02-06 14:30:40
R004907,O0040531,P0004,C04366,2025-08-13,1,Damaged,146.7,2026-08-02 04:47:36
R004908,O0058122,P0414,C02973,2025-11-15,3,Changed Mind,364.72,2026-07-15 07:37:11
R004909,O0054268,P0232,C04973,2025-09-17,1,Changed Mind,942.7,2025-02-12 18:26:24
R004910,O0056580,P0184,C03211,2025-08-26,3,Wrong Item,257.97,2025-07-02 16:52:17
R004911,O0077135,P0084,C02521,2025-01-18,2,Damaged,519.99,2025-12-14 13:08:56
R004912,O0056580,P0025,C01408,2025-06-23,1,Wrong Item,100.98,2025-07-04 09:26:14
R004913,O0063696,P0418,C02953,2025-06-29,3,Changed Mind,788.2,2026-04-17 05:15:15
R004914,O0036511,P0415,C00204,2025-09-10,2,Not as Described,265.42,2026-02-10 23:53:38
R004915,O0000279,P0412,C04930,2025-04-08,3,Late Delivery,901.89,2026-08-21 22:23:28
R004916,O0059782,P0291,C02605,2026-01-05,2,Changed Mind,383.11,2025-07-06 16:02:00
R004917,O0051340,P0375,C04851,2026-03-29,1,Wrong Item,451.01,2025-05-24 17:43:58
R004918,O0012268,P0033,C02374,2026-07-10,3,Changed Mind,406.39,2025-02-16 15:24:03
R004919,O0048965,P0499,C00880,2026-08-07,1,Wrong Item,379.98,2025-11-30 13:47:29
R004920,O0029047,P0012,C04305,2026-08-22,1,Damaged,419.86,2025-06-15 11:45:51
R004921,O0025264,P0031,C00239,2025-05-31,3,Damaged,40.55,2026-02-11 10:27:54
R004922,O0013272,P0275,C03171,2026-05-01,1,Damaged,283.06,2025-02-16 00:32:00
R004923,O0041479,P0091,C00029,2025-01-08,3,Not as Described,462.75,2026-04-21 13:19:40
R004924,O0089310,P0243,C03715,2025-10-19,2,Damaged,91.41,2025-11-26 19:40:46
R004925,O0009725,P0030,C03314,2026-01-28,1,Late Delivery,132.14,2026-01-31 14:10:52
R004926,O0047951,P0264,C00732,2025-11-05,3,Changed Mind,108.74,2026-02-10 23:38:24
R004927,O0003170,P0114,C02623,2025-07-05,2,Not as Described,58.39,2025-02-11 13:37:25
R004928,O0039255,P0469,C04889,2025-04-04,1,Damaged,45.39,2026-01-07 17:36:34
R004929,O0060477,P0220,C01503,2025-04-29,2,Damaged,85.21,2025-09-12 04:56:05
R004930,O0088996,P0300,C01786,2025-01-07,1,Late Delivery,421.26,2026-07-01 03:31:29
R004931,O0065040,P0068,C02903,2026-08-15,2,Wrong Item,273.4,2026-05-20 12:02:08
R004932,O0048821,P0490,C01048,2025-04-06,1,Damaged,694.45,2025-01-28 03:09:38
R004933,O0040526,P0055,C03646,2026-01-24,1,Not as Described,753.92,2025-11-20 23:35:00
R004934,O0067479,P0372,C00012,2026-05-20,1,Damaged,415.8,2026-06-25 18:02:02
R004935,O0039471,P0303,C04597,2026-05-10,1,Wrong Item,937.8,2026-06-12 22:12:44
R004936,O0046765,P0113,C01271,2026-09-03,1,Late Delivery,877.47,2025-03-31 23:25:32
R004937,O0009160,P0214,C00776,2025-05-13,2,Wrong Item,868.97,2026-03-11 15:49:17
R004938,O0025486,P0229,C01613,2025-12-16,1,Late Delivery,91.34,2025-07-09 01:53:31
R004939,O0025958,P0183,C02443,2025-07-26,2,Not as Described,549.18,2025-11-26 04:38:17
R004940,O0018094,P0023,C00964,2025-02-26,2,Damaged,771.21,2026-02-07 07:06:42
R004941,O0021082,P0146,C04672,2026-05-28,3,Not as Described,806.99,2025-01-05 02:52:15
R004942,O0070705,P0261,C02843,2026-09-27,1,Late Delivery,819.74,2026-05-05 04:26:18
R004943,O0036747,P0033,C04988,2026-03-13,1,Late Delivery,230.86,2025-11-02 08:00:17
R004944,O0045497,P0487,C00200,2025-06-26,3,Not as Described,109.65,2026-07-23 11:25:26
R004945,O0029977,P0113,C02178,2026-04-22,3,Not as Described,189.97,2025-05-30 08:24:40
R004946,O0066448,P0098,C01102,2026-06-18,1,Wrong Item,48.52,2025-09-18 17:19:43
R004947,O0069728,P0159,C04141,2025-12-31,1,Not as Described,915.83,2025-12-24 02:10:54
R004948,O0072712,P0267,C02355,2025-04-26,3,Wrong Item,798.66,2025-07-08 05:02:44
R004949,O0037087,P0305,C01357,2025-07-05,3,Changed Mind,37.43,2025-07-18 21:45:28
R004950,O0037906,P0223,C00776,2025-04-28,1,Not as Described,940.19,2026-04-08 00:30:53
R004951,O0042512,P0478,C03239,2025-04-05,2,Wrong Item,337.76,2026-07-04 08:38:37
R004952,O0000471,P0062,C04265,2026-09-24,3,Damaged,956.13,2025-07-15 02:20:31
R004953,O0070832,P0347,C02032,2026-01-09,1,Not as Described,489.8,2026-02-27 19:16:30
R004954,O0048968,P0164,C01929,2026-02-04,2,Not as Described,248.61,2026-07-02 03:35:30
R004955,O0049558,P0159,C03707,2025-02-16,1,Not as Described,411.98,2026-04-01 15:24:56
R004956,O0091945,P0153,C03933,2025-11-12,3,Changed Mind,810.98,2026-06-24 15:34:20
R004957,O0053469,P0087,C03179,2026-09-19,2,Not as Described,705.51,2025-10-05 22:14:32
R004958,O0041678,P0136,C01379,2026-01-12,2,Not as Described,303.71,2025-02-07 22:33:58
R004959,O0062072,P0398,C03736,2026-03-27,3,Wrong Item,364.85,2025-02-20 00:46:55
R004960,O0006954,P0054,C00687,2025-08-19,3,Wrong Item,261.66,2026-05-17 14:39:53
R004961,O0067422,P0497,C01480,2026-03-21,2,Late Delivery,493.39,2025-02-20 02:29:16
R004962,O0039211,P0068,C02810,2025-11-14,1,Changed Mind,598.68,2025-12-08 07:45:30
R004963,O0025295,P0278,C01115,2026-03-01,1,Changed Mind,735.26,2025-11-29 18:58:59
R004964,O0008595,P0242,C04867,2025-03-10,3,Damaged,968.56,2026-08-05 02:33:48
R004965,O0015230,P0378,C01615,2026-09-28,1,Damaged,446.38,2026-09-29 11:06:43
R004966,O0086715,P0394,C04040,2026-01-29,3,Wrong Item,642.1,2025-09-06 06:30:18
R004967,O0097034,P0161,C02176,2026-01-29,2,Damaged,418.26,2026-06-20 14:12:26
R004968,O0046213,P0481,C04130,2025-07-04,1,Changed Mind,-179.2,2025-05-25 21:45:41
R004969,O0045596,P0390,C00164,2026-03-23,3,Wrong Item,973.93,2026-07-10 02:05:39
R004970,O0099115,P0264,C04854,2026-09-13,2,Late Delivery,807.44,2025-01-21 06:28:06
R004971,O0080514,P0268,C00894,2026-04-10,2,Late Delivery,702.77,2025-07-24 08:56:44
R004972,O0028705,P0095,C01836,2025-12-22,2,Wrong Item,73.87,2025-05-26 19:10:21
R004973,O0021072,P0211,C00574,2025-07-07,1,Not as Described,134.51,2025-08-17 23:36:22
R004974,O0024290,P0112,C02303,2025-04-22,3,Late Delivery,488.0,2025-09-02 13:44:00
R004975,O0042659,P0090,C02788,2025-09-21,1,Changed Mind,129.4,2025-09-03 13:19:05
R004976,O0001040,P0015,C04614,2026-02-04,3,Changed Mind,192.95,2026-09-30 20:04:17
R004977,O0014486,P0045,C04068,2025-03-03,3,Wrong Item,19.95,2025-06-09 16:57:48
R004978,O0022627,P0343,C04221,2026-03-09,2,Changed Mind,82.59,2025-12-04 22:11:25
R004979,O0099962,P0494,C00650,2025-09-12,1,Late Delivery,60.1,2025-10-20 15:45:01
R004980,O0021248,P0272,C00810,2026-05-11,1,Late Delivery,902.38,2025-02-14 21:28:54
R004981,O0060265,P0193,C03015,2025-05-21,2,Changed Mind,930.28,2025-06-21 03:41:38
R004982,O0086397,P0399,C02669,2025-05-28,1,Damaged,492.69,2026-03-31 10:59:57
R004983,O0006322,P0335,C04728,2025-10-15,3,Changed Mind,714.83,2025-01-02 19:20:59
R004984,O0064861,P0284,C03198,2025-09-04,2,Damaged,782.73,2026-03-04 02:01:37
R004985,O0035764,P0048,C04290,2025-01-14,1,Damaged,90.89,2025-01-07 16:41:30
R004986,O0091295,P0214,C02719,2026-08-08,3,Late Delivery,403.62,2026-01-23 09:20:41
R004987,O0037409,P0439,C01565,2025-10-07,1,Wrong Item,865.22,2026-02-03 18:10:13
R004988,O0032527,P0464,C02240,2025-05-29,3,Wrong Item,52.09,2026-03-13 22:57:03
R004989,O0094519,P0414,C01528,2025-02-10,1,Not as Described,398.24,2025-12-05 18:59:10
R004990,O0076140,P0431,C04866,2025-12-03,1,Wrong Item,873.63,2025-04-11 11:22:06
R004991,O0077861,P0258,C01178,2026-09-29,1,Not as Described,417.93,2026-07-19 06:12:57
R004992,O0072161,P0193,C03796,2025-11-02,2,Changed Mind,227.96,2026-01-18 05:07:50
R004993,O0085329,P0161,C03930,2026-06-18,1,Not as Described,842.78,2026-06-19 23:00:07
R004994,O0091087,P0114,C02261,2025-03-13,1,Wrong Item,771.88,2025-11-15 01:00:08
R004995,O0005431,P0007,C00311,2025-01-18,1,Late Delivery,974.15,2026-04-22 12:45:58
R004996,O0070171,P0128,C03116,2026-02-24,1,Late Delivery,864.3,2025-06-12 01:14:16
R004997,O0061666,P0476,C02312,2025-10-08,2,Wrong Item,483.13,2025-04-27 03:39:26
R004998,O0075976,P0087,C02922,2025-11-02,3,Wrong Item,917.02,2026-04-24 04:28:58
R004999,O0021164,P0264,C04081,2025-01-08,3,Late Delivery,693.34,2026-02-17 05:19:00
R005000,O0061014,P0071,C04925,2025-09-29,2,Late Delivery,235.48,2025-09-02 03:54:24
